LOCUSTAG,GENUS,SPECIES,STRAIN,species_prefix,sseqid,pident,qcovhsp,scovhsp,evalue,bitscore,is_ortholog,has_hit,has_ortholog
DBVPG10075,Cystobasidium,Cystobasidium sp.,DBVPG 10075,DBVPG10075,DBVPG10075_004503-T1,23.9,32.6,32.6,4.12e-12,77.8,False,True,False
DBVPG6740,Pseudomicrostroma,Pseudomicrostroma phylloplanum,DBVPG 6740,DBVPG6740,DBVPG6740_002504-T1,47.9,99.5,99.2,0.0,1113.0,True,True,True
OM449,Rhodotorula,Rhodotorula araucariae,NRRL Y-17376,OM449,OM449_007036-T1,80.2,100.0,100.0,0.0,2297.0,True,True,True
DBVPG3768,Rhodotorula,Rhodotorula dairenensis,DBVPG 3768,DBVPG3768,DBVPG3768_001497-T1,62.0,99.8,99.6,0.0,1750.0,True,True,True
DBVPG3769,Rhodotorula,Rhodotorula dairenensis,DBVPG 3769,DBVPG3769,DBVPG3769_001453-T1,62.0,99.8,99.6,0.0,1750.0,True,True,True
DBVPG3770,Rhodotorula,Rhodotorula dairenensis,DBVPG 3770,DBVPG3770,DBVPG3770_002093-T1,62.0,99.8,99.6,0.0,1750.0,True,True,True
DBVPG3771,Rhodotorula,Rhodotorula dairenensis,DBVPG 3771,DBVPG3771,DBVPG3771_002784-T1,62.0,99.8,99.6,0.0,1750.0,True,True,True
DBVPG3772,Rhodotorula,Rhodotorula dairenensis,DBVPG 3772,DBVPG3772,DBVPG3772_001484-T1,62.0,99.8,99.6,0.0,1750.0,True,True,True
DBVPG3773,Rhodotorula,Rhodotorula dairenensis,DBVPG 3773,DBVPG3773,DBVPG3773_001476-T1,62.0,99.8,99.6,0.0,1750.0,True,True,True
DBVPG3853,Rhodotorula,Rhodotorula dairenensis,DBVPG 3853,DBVPG3853,DBVPG3853_000391-T1,61.5,99.8,99.6,0.0,1726.0,True,True,True
OM447,Rhodotorula,Rhodotorula dairenensis,NRRL Y-2504,OM447,OM447_000299-T1,61.6,99.8,99.6,0.0,1734.0,True,True,True
TFCN7W2923,Rhodotorula,Rhodotorula dairenensis,TFCN 7W-292-3,TFCN7W2923,TFCN7W2923_002001-T1,62.0,99.8,99.6,0.0,1749.0,True,True,True
DBVPG6195,Rhodotorula,Rhodotorula diobovata,DBVPG 6195,DBVPG6195,DBVPG6195_002935-T1,74.3,99.7,70.7,0.0,2118.0,True,True,True
DBVPG6202,Rhodotorula,Rhodotorula diobovata,DBVPG 6202,DBVPG6202,DBVPG6202_000876-T1,74.3,99.5,70.4,0.0,2117.0,True,True,True
OM446,Rhodotorula,Rhodotorula diobovata,NRRL Y-7196,OM446,OM446_007038-T1,74.2,99.8,99.8,0.0,2121.0,True,True,True
TFCN17334Y6,Rhodotorula,Rhodotorula diobovata,TFCN 17-334Y-6,TFCN17334Y6,TFCN17334Y6_002753-T1,74.3,99.5,67.5,0.0,2117.0,True,True,True
TFCN25335C1,Rhodotorula,Rhodotorula diobovata,TFCN 25-335C-1,TFCN25335C1,TFCN25335C1_005408-T1,74.3,99.7,70.7,0.0,2118.0,True,True,True
TFCN25335P1,Rhodotorula,Rhodotorula diobovata,TFCN 25-335P-1,TFCN25335P1,TFCN25335P1_003658-T1,74.3,99.7,70.7,0.0,2118.0,True,True,True
TFCN792,Rhodotorula,Rhodotorula diobovata,TFCN 7-9-2,TFCN792,TFCN792_001707-T1,74.3,99.7,67.8,0.0,2116.0,True,True,True
TFCN793,Rhodotorula,Rhodotorula diobovata,TFCN 7-9-3,TFCN793,TFCN793_001450-T1,74.2,99.8,99.8,0.0,2121.0,True,True,True
DBVPG7922,Rhodotorula,Rhodotorula evergladensis,DBVPG 7922,DBVPG7922,DBVPG7922_002305-T1,69.7,99.8,99.7,0.0,1989.0,True,True,True
DBVPG6081,Rhodotorula,Rhodotorula glutinis,DBVPG 6081,DBVPG6081,DBVPG6081_007609-T1,69.5,70.6,98.0,0.0,1368.0,True,True,True
DBVPG6083,Rhodotorula,Rhodotorula graminis,DBVPG 6083,DBVPG6083,DBVPG6083_006048-T1,72.9,99.9,99.9,0.0,2066.0,True,True,True
DBVPG7021,Rhodotorula,Rhodotorula graminis,DBVPG 7021,DBVPG7021,DBVPG7021_006843-T1,72.9,99.9,99.9,0.0,2066.0,True,True,True
OM441,Rhodotorula,Rhodotorula graminis,NRRL Y-2474,OM441,OM441_006799-T1,72.9,99.9,99.9,0.0,2066.0,True,True,True
DBVPG10383,Rhodotorula,Rhodotorula kratochvilovae,DBVPG 10383,DBVPG10383,DBVPG10383_008199-T1,99.7,73.5,99.2,0.0,2134.0,True,True,True
DBVPG10753,Rhodotorula,Rhodotorula kratochvilovae,DBVPG 10753,DBVPG10753,DBVPG10753_008756-T1,99.8,100.0,100.0,0.0,2917.0,True,True,True
DBVPG7539,Rhodotorula,Rhodotorula kratochvilovae,DBVPG 7539,DBVPG7539,DBVPG7539_006110-T1,96.4,100.0,100.0,0.0,2815.0,True,True,True
DBVPG10619,Rhodotorula,Rhodotorula mucilaginosa,DBVPG 10619,DBVPG10619,DBVPG10619_002295-T1,63.1,99.8,99.7,0.0,1779.0,True,True,True
DBVPG10780,Rhodotorula,Rhodotorula mucilaginosa,DBVPG 10780,DBVPG10780,DBVPG10780_003807-T1,63.1,99.8,99.7,0.0,1779.0,True,True,True
DBVPG10842,Rhodotorula,Rhodotorula mucilaginosa,DBVPG 10842,DBVPG10842,DBVPG10842_003888-T1,63.0,99.8,99.7,0.0,1778.0,True,True,True
DBVPG10882,Rhodotorula,Rhodotorula mucilaginosa,DBVPG 10882,DBVPG10882,DBVPG10882_001534-T1,63.0,99.8,99.7,0.0,1778.0,True,True,True
DBVPG10886,Rhodotorula,Rhodotorula mucilaginosa,DBVPG 10886,DBVPG10886,DBVPG10886_002359-T1,63.0,99.8,99.7,0.0,1778.0,True,True,True
DBVPG10937,Rhodotorula,Rhodotorula mucilaginosa,DBVPG 10937,DBVPG10937,DBVPG10937_002540-T1,63.1,99.8,99.7,0.0,1779.0,True,True,True
DBVPG3044,Rhodotorula,Rhodotorula mucilaginosa,DBVPG 3044,DBVPG3044,DBVPG3044_007341-T1,63.0,99.8,99.7,0.0,1777.0,True,True,True
DBVPG3045,Rhodotorula,Rhodotorula mucilaginosa,DBVPG 3045,DBVPG3045,DBVPG3045_000649-T1,63.1,99.8,99.7,0.0,1779.0,True,True,True
DBVPG3090,Rhodotorula,Rhodotorula mucilaginosa,DBVPG 3090,DBVPG3090,DBVPG3090_007451-T1,63.0,99.8,99.7,0.0,1777.0,True,True,True
DBVPG3235,Rhodotorula,Rhodotorula mucilaginosa,DBVPG 3235,DBVPG3235,DBVPG3235_007280-T1,63.0,99.8,99.7,0.0,1777.0,True,True,True
DBVPG3236,Rhodotorula,Rhodotorula mucilaginosa,DBVPG 3236,DBVPG3236,DBVPG3236_001457-T1,25.1,32.6,33.0,1.62e-13,82.4,False,True,False
DBVPG3237,Rhodotorula,Rhodotorula mucilaginosa,DBVPG 3237,DBVPG3237,DBVPG3237_003095-T1,63.0,99.8,99.7,0.0,1778.0,True,True,True
DBVPG3238,Rhodotorula,Rhodotorula mucilaginosa,DBVPG 3238,DBVPG3238,DBVPG3238_004892-T1,63.1,99.8,99.7,0.0,1779.0,True,True,True
DBVPG3381,Rhodotorula,Rhodotorula mucilaginosa,DBVPG 3381,DBVPG3381,DBVPG3381_002878-T1,63.0,99.8,99.7,0.0,1778.0,True,True,True
DBVPG3382,Rhodotorula,Rhodotorula mucilaginosa,DBVPG 3382,DBVPG3382,DBVPG3382_003833-T1,63.0,99.8,99.7,0.0,1778.0,True,True,True
DBVPG3383,Rhodotorula,Rhodotorula mucilaginosa,DBVPG 3383,DBVPG3383,DBVPG3383_002907-T1,63.0,99.8,99.7,0.0,1778.0,True,True,True
DBVPG3384,Rhodotorula,Rhodotorula mucilaginosa,DBVPG 3384,DBVPG3384,DBVPG3384_004772-T1,63.0,99.8,99.7,0.0,1778.0,True,True,True
DBVPG3442,Rhodotorula,Rhodotorula mucilaginosa,DBVPG 3442,DBVPG3442,DBVPG3442_005364-T1,63.0,99.8,99.7,0.0,1778.0,True,True,True
DBVPG3443,Rhodotorula,Rhodotorula mucilaginosa,DBVPG 3443,DBVPG3443,DBVPG3443_001070-T1,63.0,99.8,99.7,0.0,1778.0,True,True,True
DBVPG3444,Rhodotorula,Rhodotorula mucilaginosa,DBVPG 3444,DBVPG3444,DBVPG3444_003935-T1,63.1,99.8,99.7,0.0,1779.0,True,True,True
DBVPG3774,Rhodotorula,Rhodotorula mucilaginosa,DBVPG 3774,DBVPG3774,DBVPG3774_002983-T1,63.0,99.8,99.7,0.0,1778.0,True,True,True
DBVPG3775,Rhodotorula,Rhodotorula mucilaginosa,DBVPG 3775,DBVPG3775,DBVPG3775_003349-T1,63.0,99.8,99.7,0.0,1778.0,True,True,True
DBVPG3776,Rhodotorula,Rhodotorula mucilaginosa,DBVPG 3776,DBVPG3776,DBVPG3776_002044-T1,63.0,99.8,99.7,0.0,1778.0,True,True,True
DBVPG3777,Rhodotorula,Rhodotorula mucilaginosa,DBVPG 3777,DBVPG3777,DBVPG3777_002273-T1,63.0,99.8,99.7,0.0,1778.0,True,True,True
DBVPG3778,Rhodotorula,Rhodotorula mucilaginosa,DBVPG 3778,DBVPG3778,DBVPG3778_002289-T1,63.0,99.8,99.7,0.0,1778.0,True,True,True
DBVPG3780,Rhodotorula,Rhodotorula mucilaginosa,DBVPG 3780,DBVPG3780,DBVPG3780_005306-T1,63.0,99.8,99.7,0.0,1778.0,True,True,True
DBVPG3854,Rhodotorula,Rhodotorula mucilaginosa,DBVPG 3854,DBVPG3854,DBVPG3854_007083-T1,63.0,99.8,99.7,0.0,1778.0,True,True,True
DBVPG3855,Rhodotorula,Rhodotorula mucilaginosa,DBVPG 3855,DBVPG3855,DBVPG3855_004583-T1,25.1,32.6,33.0,1.62e-13,82.4,False,True,False
DBVPG3856,Rhodotorula,Rhodotorula mucilaginosa,DBVPG 3856,DBVPG3856,DBVPG3856_010644-T1,63.0,99.8,99.7,0.0,1778.0,True,True,True
DBVPG3857,Rhodotorula,Rhodotorula mucilaginosa,DBVPG 3857,DBVPG3857,DBVPG3857_006431-T1,63.2,99.8,99.7,0.0,1777.0,True,True,True
DBVPG3858,Rhodotorula,Rhodotorula mucilaginosa,DBVPG 3858,DBVPG3858,DBVPG3858_003304-T1,63.0,99.8,99.7,0.0,1778.0,True,True,True
DBVPG3983,Rhodotorula,Rhodotorula mucilaginosa,DBVPG 3983,DBVPG3983,DBVPG3983_007396-T1,63.0,99.8,99.7,0.0,1777.0,True,True,True
DBVPG3984,Rhodotorula,Rhodotorula mucilaginosa,DBVPG 3984,DBVPG3984,DBVPG3984_007415-T1,63.0,99.8,99.7,0.0,1777.0,True,True,True
DBVPG4201,Rhodotorula,Rhodotorula mucilaginosa,DBVPG 4201,DBVPG4201,DBVPG4201_004934-T1,63.0,99.8,99.7,0.0,1778.0,True,True,True
DBVPG4202,Rhodotorula,Rhodotorula mucilaginosa,DBVPG 4202,DBVPG4202,DBVPG4202_004143-T1,63.0,99.8,99.7,0.0,1778.0,True,True,True
DBVPG4203,Rhodotorula,Rhodotorula mucilaginosa,DBVPG 4203,DBVPG4203,DBVPG4203_002483-T1,63.0,99.8,99.7,0.0,1778.0,True,True,True
DBVPG4304,Rhodotorula,Rhodotorula mucilaginosa,DBVPG 4304,DBVPG4304,DBVPG4304_003052-T1,63.0,99.8,99.7,0.0,1778.0,True,True,True
DBVPG4376,Rhodotorula,Rhodotorula mucilaginosa,DBVPG 4376,DBVPG4376,DBVPG4376_002720-T1,63.1,99.8,99.7,0.0,1779.0,True,True,True
DBVPG4377,Rhodotorula,Rhodotorula mucilaginosa,DBVPG 4377,DBVPG4377,DBVPG4377_003643-T1,63.0,99.8,99.7,0.0,1777.0,True,True,True
DBVPG4378,Rhodotorula,Rhodotorula mucilaginosa,DBVPG 4378,DBVPG4378,DBVPG4378_002972-T1,63.0,99.8,99.7,0.0,1778.0,True,True,True
DBVPG4380,Rhodotorula,Rhodotorula mucilaginosa,DBVPG 4380,DBVPG4380,DBVPG4380_002090-T1,62.6,99.8,99.7,0.0,1771.0,True,True,True
DBVPG4408,Rhodotorula,Rhodotorula mucilaginosa,DBVPG 4408,DBVPG4408,DBVPG4408_005417-T1,63.1,99.8,99.7,0.0,1779.0,True,True,True
DBVPG4466,Rhodotorula,Rhodotorula mucilaginosa,DBVPG 4466,DBVPG4466,DBVPG4466_005898-T1,63.0,99.8,99.7,0.0,1778.0,True,True,True
DBVPG4534,Rhodotorula,Rhodotorula mucilaginosa,DBVPG 4534,DBVPG4534,DBVPG4534_003733-T1,62.9,99.8,99.7,0.0,1777.0,True,True,True
DBVPG4618,Rhodotorula,Rhodotorula mucilaginosa,DBVPG 4618,DBVPG4618,DBVPG4618_004171-T1,63.1,99.8,99.7,0.0,1779.0,True,True,True
DBVPG4669,Rhodotorula,Rhodotorula mucilaginosa,DBVPG 4669,DBVPG4669,DBVPG4669_004105-T1,63.1,99.8,99.7,0.0,1779.0,True,True,True
DBVPG4920,Rhodotorula,Rhodotorula mucilaginosa,DBVPG 4920,DBVPG4920,DBVPG4920_001786-T1,63.0,99.8,99.7,0.0,1778.0,True,True,True
DBVPG4945,Rhodotorula,Rhodotorula mucilaginosa,DBVPG 4945,DBVPG4945,DBVPG4945_006910-T1,63.0,99.8,99.7,0.0,1778.0,True,True,True
DBVPG4946,Rhodotorula,Rhodotorula mucilaginosa,DBVPG 4946,DBVPG4946,DBVPG4946_006247-T1,63.0,99.8,99.7,0.0,1778.0,True,True,True
DBVPG4947,Rhodotorula,Rhodotorula mucilaginosa,DBVPG 4947,DBVPG4947,DBVPG4947_005233-T1,63.0,99.8,99.7,0.0,1778.0,True,True,True
DBVPG4949,Rhodotorula,Rhodotorula mucilaginosa,DBVPG 4949,DBVPG4949,DBVPG4949_004766-T1,63.1,99.8,99.7,0.0,1779.0,True,True,True
DBVPG4950,Rhodotorula,Rhodotorula mucilaginosa,DBVPG 4950,DBVPG4950,DBVPG4950_004686-T1,63.1,99.8,99.7,0.0,1779.0,True,True,True
DBVPG4956,Rhodotorula,Rhodotorula mucilaginosa,DBVPG 4956,DBVPG4956,DBVPG4956_003432-T1,63.1,99.8,99.7,0.0,1779.0,True,True,True
DBVPG4957,Rhodotorula,Rhodotorula mucilaginosa,DBVPG 4957,DBVPG4957,DBVPG4957_004683-T1,63.1,99.8,99.7,0.0,1779.0,True,True,True
DBVPG4958,Rhodotorula,Rhodotorula mucilaginosa,DBVPG 4958,DBVPG4958,DBVPG4958_003621-T1,63.1,99.8,99.7,0.0,1779.0,True,True,True
DBVPG4962,Rhodotorula,Rhodotorula mucilaginosa,DBVPG 4962,DBVPG4962,DBVPG4962_002618-T1,63.0,99.8,99.7,0.0,1778.0,True,True,True
DBVPG4963,Rhodotorula,Rhodotorula mucilaginosa,DBVPG 4963,DBVPG4963,DBVPG4963_001221-T1,63.0,99.8,99.7,0.0,1778.0,True,True,True
DBVPG4964,Rhodotorula,Rhodotorula mucilaginosa,DBVPG 4964,DBVPG4964,DBVPG4964_003433-T1,63.1,99.8,99.7,0.0,1779.0,True,True,True
DBVPG5225,Rhodotorula,Rhodotorula mucilaginosa,DBVPG 5225,DBVPG5225,DBVPG5225_005338-T1,63.0,99.8,99.7,0.0,1778.0,True,True,True
DBVPG5226,Rhodotorula,Rhodotorula mucilaginosa,DBVPG 5226,DBVPG5226,DBVPG5226_002705-T1,63.0,99.8,99.7,0.0,1778.0,True,True,True
DBVPG5227,Rhodotorula,Rhodotorula mucilaginosa,DBVPG 5227,DBVPG5227,DBVPG5227_004234-T1,63.0,99.8,99.7,0.0,1778.0,True,True,True
DBVPG5228,Rhodotorula,Rhodotorula mucilaginosa,DBVPG 5228,DBVPG5228,DBVPG5228_003824-T1,63.0,99.8,99.7,0.0,1778.0,True,True,True
DBVPG5229,Rhodotorula,Rhodotorula mucilaginosa,DBVPG 5229,DBVPG5229,DBVPG5229_002790-T1,63.0,99.8,99.7,0.0,1778.0,True,True,True
DBVPG5235,Rhodotorula,Rhodotorula mucilaginosa,DBVPG 5235,DBVPG5235,DBVPG5235_002322-T1,63.0,99.8,99.7,0.0,1778.0,True,True,True
DBVPG5236,Rhodotorula,Rhodotorula mucilaginosa,DBVPG 5236,DBVPG5236,DBVPG5236_003052-T1,63.0,99.8,99.7,0.0,1778.0,True,True,True
DBVPG5757,Rhodotorula,Rhodotorula mucilaginosa,DBVPG 5757,DBVPG5757,DBVPG5757_001925-T1,63.1,99.8,99.7,0.0,1779.0,True,True,True
DBVPG5758,Rhodotorula,Rhodotorula mucilaginosa,DBVPG 5758,DBVPG5758,DBVPG5758_002423-T1,63.1,99.8,99.7,0.0,1779.0,True,True,True
DBVPG5759,Rhodotorula,Rhodotorula mucilaginosa,DBVPG 5759,DBVPG5759,DBVPG5759_003078-T1,63.1,99.8,99.7,0.0,1779.0,True,True,True
DBVPG6091,Rhodotorula,Rhodotorula mucilaginosa,DBVPG 6091,DBVPG6091,DBVPG6091_004490-T1,63.0,99.8,99.7,0.0,1778.0,True,True,True
DBVPG6092,Rhodotorula,Rhodotorula mucilaginosa,DBVPG 6092,DBVPG6092,DBVPG6092_003687-T1,63.0,99.8,99.7,0.0,1778.0,True,True,True
DBVPG6093,Rhodotorula,Rhodotorula mucilaginosa,DBVPG 6093,DBVPG6093,DBVPG6093_001883-T1,63.1,99.8,99.7,0.0,1779.0,True,True,True
DBVPG6593,Rhodotorula,Rhodotorula mucilaginosa,DBVPG 6593,DBVPG6593,DBVPG6593_003974-T1,63.0,99.8,99.7,0.0,1778.0,True,True,True
DBVPG6660,Rhodotorula,Rhodotorula mucilaginosa,DBVPG 6660,DBVPG6660,DBVPG6660_004587-T1,63.3,99.8,99.7,0.0,1770.0,True,True,True
DBVPG6741,Rhodotorula,Rhodotorula mucilaginosa,DBVPG 6741,DBVPG6741,DBVPG6741_003171-T1,63.0,99.8,99.7,0.0,1778.0,True,True,True
DBVPG6742,Rhodotorula,Rhodotorula mucilaginosa,DBVPG 6742,DBVPG6742,DBVPG6742_003986-T1,63.0,99.8,99.7,0.0,1778.0,True,True,True
DBVPG6743,Rhodotorula,Rhodotorula mucilaginosa,DBVPG 6743,DBVPG6743,DBVPG6743_003013-T1,63.0,99.8,99.7,0.0,1778.0,True,True,True
DBVPG6803,Rhodotorula,Rhodotorula mucilaginosa,DBVPG 6803,DBVPG6803,DBVPG6803_003889-T1,63.0,99.8,99.7,0.0,1778.0,True,True,True
DBVPG7019,Rhodotorula,Rhodotorula mucilaginosa,DBVPG 7019,DBVPG7019,DBVPG7019_004625-T1,63.0,99.8,99.7,0.0,1778.0,True,True,True
DBVPG8043,Rhodotorula,Rhodotorula mucilaginosa,DBVPG 8043,DBVPG8043,DBVPG8043_003830-T1,62.8,99.8,99.7,0.0,1779.0,True,True,True
DH4148,Rhodotorula,Rhodotorula mucilaginosa,DH4148,DH4148,DH4148_002975-T1,63.0,99.8,99.7,0.0,1778.0,True,True,True
OM429,Rhodotorula,Rhodotorula mucilaginosa,NRRL Y-2510,OM429,OM429_007096-T1,63.1,99.8,99.7,0.0,1779.0,True,True,True
TFCN100D1,Rhodotorula,Rhodotorula mucilaginosa,TFCN 100D-1,TFCN100D1,TFCN100D1_004851-T1,63.1,99.8,99.7,0.0,1779.0,True,True,True
TFCN102C1,Rhodotorula,Rhodotorula mucilaginosa,TFCN 102C-1,TFCN102C1,TFCN102C1_002363-T1,63.0,99.8,99.7,0.0,1778.0,True,True,True
TFCN102C2,Rhodotorula,Rhodotorula mucilaginosa,TFCN 102C-2,TFCN102C2,TFCN102C2_002868-T1,63.0,99.8,99.7,0.0,1778.0,True,True,True
TFCN102D1,Rhodotorula,Rhodotorula mucilaginosa,TFCN 102D-1,TFCN102D1,TFCN102D1_002808-T1,63.1,99.8,99.7,0.0,1779.0,True,True,True
TFCN102D2,Rhodotorula,Rhodotorula mucilaginosa,TFCN 102D-2,TFCN102D2,TFCN102D2_003227-T1,63.0,99.8,99.7,0.0,1778.0,True,True,True
TFCN105A2,Rhodotorula,Rhodotorula mucilaginosa,TFCN 105A-2,TFCN105A2,TFCN105A2_002676-T1,63.0,99.8,99.7,0.0,1778.0,True,True,True
TFCN106A1,Rhodotorula,Rhodotorula mucilaginosa,TFCN 106A-1,TFCN106A1,TFCN106A1_002412-T1,63.0,99.8,99.7,0.0,1778.0,True,True,True
TFCN107A6,Rhodotorula,Rhodotorula mucilaginosa,TFCN 107A-6,TFCN107A6,TFCN107A6_002733-T1,63.1,99.8,99.7,0.0,1779.0,True,True,True
TFCN107C3,Rhodotorula,Rhodotorula mucilaginosa,TFCN 107C-3,TFCN107C3,TFCN107C3_003844-T1,63.1,99.8,99.7,0.0,1779.0,True,True,True
TFCN110C1,Rhodotorula,Rhodotorula mucilaginosa,TFCN 110C-1,TFCN110C1,TFCN110C1_003378-T1,63.0,99.8,99.7,0.0,1778.0,True,True,True
TFCN118C2,Rhodotorula,Rhodotorula mucilaginosa,TFCN 118C-2,TFCN118C2,TFCN118C2_003081-T1,63.1,99.8,99.7,0.0,1779.0,True,True,True
TFCN122C2,Rhodotorula,Rhodotorula mucilaginosa,TFCN 122C-2,TFCN122C2,TFCN122C2_005727-T1,63.0,99.8,99.7,0.0,1778.0,True,True,True
TFCN130D4,Rhodotorula,Rhodotorula mucilaginosa,TFCN 130D-4,TFCN130D4,TFCN130D4_003775-T1,63.0,99.8,99.7,0.0,1778.0,True,True,True
TFCN134A3,Rhodotorula,Rhodotorula mucilaginosa,TFCN 134A-3,TFCN134A3,TFCN134A3_004486-T1,62.3,99.8,99.7,0.0,1727.0,True,True,True
TFCN137C3,Rhodotorula,Rhodotorula mucilaginosa,TFCN 137C-3,TFCN137C3,TFCN137C3_002287-T1,63.0,99.8,99.7,0.0,1778.0,True,True,True
TFCN137D4,Rhodotorula,Rhodotorula mucilaginosa,TFCN 137D-4,TFCN137D4,TFCN137D4_001151-T1,63.0,99.8,99.7,0.0,1778.0,True,True,True
TFCN138A1,Rhodotorula,Rhodotorula mucilaginosa,TFCN 138A-1,TFCN138A1,TFCN138A1_003831-T1,63.0,99.8,99.7,0.0,1778.0,True,True,True
TFCN140A3,Rhodotorula,Rhodotorula mucilaginosa,TFCN 140A-3,TFCN140A3,TFCN140A3_005798-T1,63.1,99.8,99.7,0.0,1779.0,True,True,True
TFCN141C2,Rhodotorula,Rhodotorula mucilaginosa,TFCN 141C-2,TFCN141C2,TFCN141C2_004364-T1,63.0,99.8,99.7,0.0,1778.0,True,True,True
TFCN152A1,Rhodotorula,Rhodotorula mucilaginosa,TFCN 152A-1,TFCN152A1,TFCN152A1_006408-T1,62.8,99.8,99.7,0.0,1779.0,True,True,True
TFCN152A12,Rhodotorula,Rhodotorula mucilaginosa,TFCN 152A-12,TFCN152A12,TFCN152A12_002753-T1,63.0,99.8,99.7,0.0,1778.0,True,True,True
TFCN152A2,Rhodotorula,Rhodotorula mucilaginosa,TFCN 152A-2,TFCN152A2,TFCN152A2_003273-T1,63.1,99.8,99.7,0.0,1779.0,True,True,True
TFCN152A5,Rhodotorula,Rhodotorula mucilaginosa,TFCN 152A-5,TFCN152A5,TFCN152A5_005551-T1,63.0,99.8,99.7,0.0,1778.0,True,True,True
TFCN152C5,Rhodotorula,Rhodotorula mucilaginosa,TFCN 152C-5,TFCN152C5,TFCN152C5_004810-T1,63.1,99.8,99.7,0.0,1779.0,True,True,True
TFCN1702E33410,Rhodotorula,Rhodotorula mucilaginosa,TFCN 17-0-2E334-10,TFCN1702E33410,TFCN1702E33410_002196-T1,63.1,99.8,99.7,0.0,1779.0,True,True,True
TFCN1702E3344,Rhodotorula,Rhodotorula mucilaginosa,TFCN 17-0-2E334-4,TFCN1702E3344,TFCN1702E3344_001372-T1,63.0,99.8,99.7,0.0,1778.0,True,True,True
TFCN1702E3373,Rhodotorula,Rhodotorula mucilaginosa,TFCN 17-0-2E337-3,TFCN1702E3373,TFCN1702E3373_010039-T1,63.0,99.8,99.7,0.0,1778.0,True,True,True
TFCN1702E3901,Rhodotorula,Rhodotorula mucilaginosa,TFCN 17-0-2E390-1,TFCN1702E3901,TFCN1702E3901_009655-T1,63.0,99.8,99.7,0.0,1778.0,True,True,True
TFCN1702E3902,Rhodotorula,Rhodotorula mucilaginosa,TFCN 17-0-2E390-2,TFCN1702E3902,TFCN1702E3902_008738-T1,62.6,99.8,99.7,0.0,1758.0,True,True,True
TFCN17267M1,Rhodotorula,Rhodotorula mucilaginosa,TFCN 17-267M-1,TFCN17267M1,TFCN17267M1_008891-T1,63.1,99.8,99.7,0.0,1779.0,True,True,True
TFCN17291Y1,Rhodotorula,Rhodotorula mucilaginosa,TFCN 17-291Y-1,TFCN17291Y1,TFCN17291Y1_007166-T1,63.0,99.8,99.7,0.0,1778.0,True,True,True
TFCN17325D2,Rhodotorula,Rhodotorula mucilaginosa,TFCN 17-325D-2,TFCN17325D2,TFCN17325D2_004536-T1,63.0,99.8,99.7,0.0,1778.0,True,True,True
TFCN17325D4,Rhodotorula,Rhodotorula mucilaginosa,TFCN 17-325D-4,TFCN17325D4,TFCN17325D4_004250-T1,63.0,99.8,99.7,0.0,1778.0,True,True,True
TFCN17325P1,Rhodotorula,Rhodotorula mucilaginosa,TFCN 17-325P-1,TFCN17325P1,TFCN17325P1_004833-T1,63.0,99.8,99.7,0.0,1778.0,True,True,True
TFCN17329Y4,Rhodotorula,Rhodotorula mucilaginosa,TFCN 17-329Y-4,TFCN17329Y4,TFCN17329Y4_004602-T1,63.0,99.8,99.7,0.0,1778.0,True,True,True
TFCN17332C1,Rhodotorula,Rhodotorula mucilaginosa,TFCN 17-332C-1,TFCN17332C1,TFCN17332C1_001803-T1,63.0,99.8,99.7,0.0,1778.0,True,True,True
TFCN17332C2,Rhodotorula,Rhodotorula mucilaginosa,TFCN 17-332C-2,TFCN17332C2,TFCN17332C2_002562-T1,63.0,99.8,99.7,0.0,1778.0,True,True,True
TFCN17332M1,Rhodotorula,Rhodotorula mucilaginosa,TFCN 17-332M-1,TFCN17332M1,TFCN17332M1_002739-T1,61.6,99.8,99.7,0.0,1704.0,True,True,True
TFCN17332M2,Rhodotorula,Rhodotorula mucilaginosa,TFCN 17-332M-2,TFCN17332M2,TFCN17332M2_004449-T1,63.0,99.8,99.7,0.0,1778.0,True,True,True
TFCN17332P1,Rhodotorula,Rhodotorula mucilaginosa,TFCN 17-332P-1,TFCN17332P1,TFCN17332P1_003773-T1,63.0,99.8,99.7,0.0,1778.0,True,True,True
TFCN17332P2,Rhodotorula,Rhodotorula mucilaginosa,TFCN 17-332P-2,TFCN17332P2,TFCN17332P2_003283-T1,63.0,99.8,99.7,0.0,1778.0,True,True,True
TFCN17333D2,Rhodotorula,Rhodotorula mucilaginosa,TFCN 17-333D-2,TFCN17333D2,TFCN17333D2_004204-T1,63.0,99.8,99.7,0.0,1778.0,True,True,True
TFCN17333P6,Rhodotorula,Rhodotorula mucilaginosa,TFCN 17-333P-6,TFCN17333P6,TFCN17333P6_005236-T1,63.0,99.8,99.7,0.0,1778.0,True,True,True
TFCN17334C1,Rhodotorula,Rhodotorula mucilaginosa,TFCN 17-334C-1,TFCN17334C1,TFCN17334C1_003235-T1,63.0,99.8,99.7,0.0,1778.0,True,True,True
TFCN17334D6,Rhodotorula,Rhodotorula mucilaginosa,TFCN 17-334D-6,TFCN17334D6,TFCN17334D6_011410-T1,63.0,99.8,99.7,0.0,1778.0,True,True,True
TFCN17334Y2,Rhodotorula,Rhodotorula mucilaginosa,TFCN 17-334Y-2,TFCN17334Y2,TFCN17334Y2_003451-T1,63.0,99.8,99.7,0.0,1778.0,True,True,True
TFCN17334Y3,Rhodotorula,Rhodotorula mucilaginosa,TFCN 17-334Y-3,TFCN17334Y3,TFCN17334Y3_003819-T1,63.1,99.8,99.7,0.0,1779.0,True,True,True
TFCN17334Y5,Rhodotorula,Rhodotorula mucilaginosa,TFCN 17-334Y-5,TFCN17334Y5,TFCN17334Y5_008608-T1,62.8,99.8,99.7,0.0,1779.0,True,True,True
TFCN17337P5,Rhodotorula,Rhodotorula mucilaginosa,TFCN 17-337P-5,TFCN17337P5,TFCN17337P5_010959-T1,63.0,99.8,99.7,0.0,1778.0,True,True,True
TFCN17338D3,Rhodotorula,Rhodotorula mucilaginosa,TFCN 17-338D-3,TFCN17338D3,TFCN17338D3_002703-T1,63.0,99.8,99.7,0.0,1778.0,True,True,True
TFCN17390M1,Rhodotorula,Rhodotorula mucilaginosa,TFCN 17-390M-1,TFCN17390M1,TFCN17390M1_007553-T1,63.0,99.8,99.7,0.0,1778.0,True,True,True
TFCN172A1,Rhodotorula,Rhodotorula mucilaginosa,TFCN 172A-1,TFCN172A1,TFCN172A1_004903-T1,63.0,99.8,99.7,0.0,1778.0,True,True,True
TFCN17Y2781,Rhodotorula,Rhodotorula mucilaginosa,TFCN 17Y-278-1,TFCN17Y2781,TFCN17Y2781_006353-T1,63.0,99.8,99.7,0.0,1778.0,True,True,True
TFCN181A1,Rhodotorula,Rhodotorula mucilaginosa,TFCN 181A-1,TFCN181A1,TFCN181A1_002451-T1,63.0,99.8,99.7,0.0,1778.0,True,True,True
TFCN1A14,Rhodotorula,Rhodotorula mucilaginosa,TFCN 1A-14,TFCN1A14,TFCN1A14_004938-T1,63.2,99.8,99.7,0.0,1769.0,True,True,True
TFCN20961,Rhodotorula,Rhodotorula mucilaginosa,TFCN 209-6-1,TFCN20961,TFCN20961_004435-T1,63.0,99.8,99.7,0.0,1778.0,True,True,True
TFCN209611,Rhodotorula,Rhodotorula mucilaginosa,TFCN 209-6-11,TFCN209611,TFCN209611_003059-T1,63.0,99.8,99.7,0.0,1778.0,True,True,True
TFCN209612,Rhodotorula,Rhodotorula mucilaginosa,TFCN 209-6-12,TFCN209612,TFCN209612_002597-T1,63.0,99.8,99.7,0.0,1778.0,True,True,True
TFCN209614,Rhodotorula,Rhodotorula mucilaginosa,TFCN 209-6-14,TFCN209614,TFCN209614_002804-T1,63.0,99.8,99.7,0.0,1778.0,True,True,True
TFCN209617,Rhodotorula,Rhodotorula mucilaginosa,TFCN 209-6-17,TFCN209617,TFCN209617_002647-T1,63.0,99.8,99.7,0.0,1778.0,True,True,True
TFCN20962,Rhodotorula,Rhodotorula mucilaginosa,TFCN 209-6-2,TFCN20962,TFCN20962_003641-T1,63.0,99.8,99.7,0.0,1778.0,True,True,True
TFCN20964,Rhodotorula,Rhodotorula mucilaginosa,TFCN 209-6-4,TFCN20964,TFCN20964_003715-T1,63.0,99.8,99.7,0.0,1778.0,True,True,True
TFCN20965,Rhodotorula,Rhodotorula mucilaginosa,TFCN 209-6-5,TFCN20965,TFCN20965_002151-T1,63.0,99.8,99.7,0.0,1778.0,True,True,True
TFCN211A3,Rhodotorula,Rhodotorula mucilaginosa,TFCN 211A-3,TFCN211A3,TFCN211A3_003766-T1,63.1,99.8,99.7,0.0,1779.0,True,True,True
TFCN212C2,Rhodotorula,Rhodotorula mucilaginosa,TFCN 212C-2,TFCN212C2,TFCN212C2_003073-T1,63.0,99.8,99.7,0.0,1778.0,True,True,True
TFCN21362,Rhodotorula,Rhodotorula mucilaginosa,TFCN 213-6-2,TFCN21362,TFCN21362_003506-T1,63.0,99.8,99.7,0.0,1778.0,True,True,True
TFCN21364,Rhodotorula,Rhodotorula mucilaginosa,TFCN 213-6-4,TFCN21364,TFCN21364_003028-T1,63.0,99.8,99.7,0.0,1778.0,True,True,True
TFCN22C4,Rhodotorula,Rhodotorula mucilaginosa,TFCN 22C-4,TFCN22C4,TFCN22C4_008902-T1,63.0,99.8,99.7,0.0,1778.0,True,True,True
TFCN2502E3321,Rhodotorula,Rhodotorula mucilaginosa,TFCN 25-0-2E332-1,TFCN2502E3321,TFCN2502E3321_000610-T1,63.0,99.8,99.7,0.0,1778.0,True,True,True
TFCN2502E3331,Rhodotorula,Rhodotorula mucilaginosa,TFCN 25-0-2E333-1,TFCN2502E3331,TFCN2502E3331_009020-T1,63.0,99.8,99.7,0.0,1778.0,True,True,True
TFCN2502E3335,Rhodotorula,Rhodotorula mucilaginosa,TFCN 25-0-2E333-5,TFCN2502E3335,TFCN2502E3335_003753-T1,63.1,99.8,99.7,0.0,1779.0,True,True,True
TFCN2502E3337,Rhodotorula,Rhodotorula mucilaginosa,TFCN 25-0-2E333-7,TFCN2502E3337,TFCN2502E3337_006570-T1,63.0,99.8,99.7,0.0,1778.0,True,True,True
TFCN2502E3339,Rhodotorula,Rhodotorula mucilaginosa,TFCN 25-0-2E333-9,TFCN2502E3339,TFCN2502E3339_006879-T1,63.1,99.8,99.7,0.0,1779.0,True,True,True
TFCN2502E3341,Rhodotorula,Rhodotorula mucilaginosa,TFCN 25-0-2E334-1,TFCN2502E3341,TFCN2502E3341_006256-T1,62.9,99.8,99.7,0.0,1773.0,True,True,True
TFCN2502E3901,Rhodotorula,Rhodotorula mucilaginosa,TFCN 25-0-2E390-1,TFCN2502E3901,TFCN2502E3901_008799-T1,63.0,99.8,99.7,0.0,1778.0,True,True,True
TFCN25325Y1,Rhodotorula,Rhodotorula mucilaginosa,TFCN 25-325Y-1,TFCN25325Y1,TFCN25325Y1_003238-T1,63.0,99.8,99.7,0.0,1778.0,True,True,True
TFCN25327D1,Rhodotorula,Rhodotorula mucilaginosa,TFCN 25-327D-1,TFCN25327D1,TFCN25327D1_003464-T1,63.1,99.8,99.7,0.0,1779.0,True,True,True
TFCN25331D1,Rhodotorula,Rhodotorula mucilaginosa,TFCN 25-331D-1,TFCN25331D1,TFCN25331D1_008657-T1,63.0,99.8,99.7,0.0,1778.0,True,True,True
TFCN25332C1,Rhodotorula,Rhodotorula mucilaginosa,TFCN 25-332C-1,TFCN25332C1,TFCN25332C1_003538-T1,63.0,99.8,99.7,0.0,1778.0,True,True,True
TFCN25332D1,Rhodotorula,Rhodotorula mucilaginosa,TFCN 25-332D-1,TFCN25332D1,TFCN25332D1_003813-T1,63.0,99.8,99.7,0.0,1778.0,True,True,True
TFCN25332M1,Rhodotorula,Rhodotorula mucilaginosa,TFCN 25-332M-1,TFCN25332M1,TFCN25332M1_003603-T1,63.0,99.8,99.7,0.0,1778.0,True,True,True
TFCN25332P2,Rhodotorula,Rhodotorula mucilaginosa,TFCN 25-332P-2,TFCN25332P2,TFCN25332P2_005372-T1,63.0,99.8,99.7,0.0,1778.0,True,True,True
TFCN25332Y1,Rhodotorula,Rhodotorula mucilaginosa,TFCN 25-332Y-1,TFCN25332Y1,TFCN25332Y1_003479-T1,63.0,99.8,99.7,0.0,1778.0,True,True,True
TFCN25333C2,Rhodotorula,Rhodotorula mucilaginosa,TFCN 25-333C-2,TFCN25333C2,TFCN25333C2_004635-T1,63.1,99.8,99.7,0.0,1779.0,True,True,True
TFCN25333P2,Rhodotorula,Rhodotorula mucilaginosa,TFCN 25-333P-2,TFCN25333P2,TFCN25333P2_005264-T1,63.1,99.8,99.7,0.0,1779.0,True,True,True
TFCN25333Y10,Rhodotorula,Rhodotorula mucilaginosa,TFCN 25-333Y-10,TFCN25333Y10,TFCN25333Y10_004601-T1,62.8,99.8,99.7,0.0,1779.0,True,True,True
TFCN25333Y9,Rhodotorula,Rhodotorula mucilaginosa,TFCN 25-333Y-9,TFCN25333Y9,TFCN25333Y9_004697-T1,63.1,99.8,99.7,0.0,1779.0,True,True,True
TFCN25334D3,Rhodotorula,Rhodotorula mucilaginosa,TFCN 25-334D-3,TFCN25334D3,TFCN25334D3_000722-T1,63.1,99.8,99.7,0.0,1779.0,True,True,True
TFCN25334Y6,Rhodotorula,Rhodotorula mucilaginosa,TFCN 25-334Y-6,TFCN25334Y6,TFCN25334Y6_004329-T1,62.8,99.8,99.7,0.0,1779.0,True,True,True
TFCN25335Y1,Rhodotorula,Rhodotorula mucilaginosa,TFCN 25-335Y-1,TFCN25335Y1,TFCN25335Y1_004725-T1,61.6,99.8,99.7,0.0,1721.0,True,True,True
TFCN25337M3,Rhodotorula,Rhodotorula mucilaginosa,TFCN 25-337M-3,TFCN25337M3,TFCN25337M3_005460-T1,63.0,99.8,99.7,0.0,1778.0,True,True,True
TFCN25337Y1,Rhodotorula,Rhodotorula mucilaginosa,TFCN 25-337Y-1,TFCN25337Y1,TFCN25337Y1_003329-T1,63.0,99.8,99.7,0.0,1778.0,True,True,True
TFCN25395P1,Rhodotorula,Rhodotorula mucilaginosa,TFCN 25-395P-1,TFCN25395P1,TFCN25395P1_004682-T1,62.9,99.8,99.7,0.0,1777.0,True,True,True
TFCN270H2,Rhodotorula,Rhodotorula mucilaginosa,TFCN 270H-2,TFCN270H2,TFCN270H2_005904-T1,63.1,99.8,99.7,0.0,1779.0,True,True,True
TFCN273H1,Rhodotorula,Rhodotorula mucilaginosa,TFCN 273H-1,TFCN273H1,TFCN273H1_002311-T1,63.1,99.8,99.7,0.0,1779.0,True,True,True
TFCN2M14,Rhodotorula,Rhodotorula mucilaginosa,TFCN 2M-1-4,TFCN2M14,TFCN2M14_003390-T1,63.1,99.8,99.7,0.0,1779.0,True,True,True
TFCN33A4,Rhodotorula,Rhodotorula mucilaginosa,TFCN 33A-4,TFCN33A4,TFCN33A4_004478-T1,62.8,99.8,99.7,0.0,1779.0,True,True,True
TFCN3401,Rhodotorula,Rhodotorula mucilaginosa,TFCN 340-1,TFCN3401,TFCN3401_003568-T1,63.1,99.8,99.7,0.0,1779.0,True,True,True
TFCN3403,Rhodotorula,Rhodotorula mucilaginosa,TFCN 340-3,TFCN3403,TFCN3403_004587-T1,63.1,99.8,99.7,0.0,1779.0,True,True,True
TFCN3423,Rhodotorula,Rhodotorula mucilaginosa,TFCN 342-3,TFCN3423,TFCN3423_006015-T1,63.0,99.8,99.7,0.0,1778.0,True,True,True
TFCN36312,Rhodotorula,Rhodotorula mucilaginosa,TFCN 363-1-2,TFCN36312,TFCN36312_006448-T1,63.1,99.8,99.7,0.0,1779.0,True,True,True
TFCN3M11,Rhodotorula,Rhodotorula mucilaginosa,TFCN 3M-1-1,TFCN3M11,TFCN3M11_002694-T1,63.2,99.8,99.7,0.0,1769.0,True,True,True
TFCN404D1,Rhodotorula,Rhodotorula mucilaginosa,TFCN 404D-1,TFCN404D1,TFCN404D1_006611-T1,62.6,99.8,99.7,0.0,1771.0,True,True,True
TFCN4M12,Rhodotorula,Rhodotorula mucilaginosa,TFCN 4M-1-2,TFCN4M12,TFCN4M12_003184-T1,63.1,99.8,99.7,0.0,1779.0,True,True,True
TFCN4M13,Rhodotorula,Rhodotorula mucilaginosa,TFCN 4M-1-3,TFCN4M13,TFCN4M13_003149-T1,63.0,99.8,99.7,0.0,1778.0,True,True,True
TFCN4M14,Rhodotorula,Rhodotorula mucilaginosa,TFCN 4M-1-4,TFCN4M14,TFCN4M14_002156-T1,63.0,99.8,99.7,0.0,1778.0,True,True,True
TFCN4M15,Rhodotorula,Rhodotorula mucilaginosa,TFCN 4M-1-5,TFCN4M15,TFCN4M15_003616-T1,63.0,99.8,99.7,0.0,1778.0,True,True,True
TFCN54D1,Rhodotorula,Rhodotorula mucilaginosa,TFCN 54D-1,TFCN54D1,TFCN54D1_007753-T1,63.0,99.3,72.6,0.0,1768.0,True,True,True
TFCN54D2,Rhodotorula,Rhodotorula mucilaginosa,TFCN 54D-2,TFCN54D2,TFCN54D2_003378-T1,63.0,99.8,99.7,0.0,1778.0,True,True,True
TFCN86A12,Rhodotorula,Rhodotorula mucilaginosa,TFCN 86A-12,TFCN86A12,TFCN86A12_002037-T1,63.0,99.8,99.7,0.0,1778.0,True,True,True
TFCN86A3,Rhodotorula,Rhodotorula mucilaginosa,TFCN 86A-3,TFCN86A3,TFCN86A3_000973-T1,63.0,99.8,99.7,0.0,1778.0,True,True,True
TFCN89D3,Rhodotorula,Rhodotorula mucilaginosa,TFCN 89D-3,TFCN89D3,TFCN89D3_002952-T1,63.1,99.8,99.7,0.0,1779.0,True,True,True
TFCN98A10,Rhodotorula,Rhodotorula mucilaginosa,TFCN 98A-10,TFCN98A10,TFCN98A10_003494-T1,63.1,99.8,99.7,0.0,1779.0,True,True,True
TFCN98A5,Rhodotorula,Rhodotorula mucilaginosa,TFCN 98A-5,TFCN98A5,TFCN98A5_002997-T1,63.0,99.8,99.7,0.0,1778.0,True,True,True
TFCN98C3,Rhodotorula,Rhodotorula mucilaginosa,TFCN 98C-3,TFCN98C3,TFCN98C3_006128-T1,63.0,99.8,99.7,0.0,1778.0,True,True,True
TFCN98C5,Rhodotorula,Rhodotorula mucilaginosa,TFCN 98C-5,TFCN98C5,TFCN98C5_002541-T1,63.0,99.8,99.7,0.0,1778.0,True,True,True
TFCN98C7,Rhodotorula,Rhodotorula mucilaginosa,TFCN 98C-7,TFCN98C7,TFCN98C7_002646-T1,63.1,99.8,99.7,0.0,1779.0,True,True,True
TFCN98C8,Rhodotorula,Rhodotorula mucilaginosa,TFCN 98C-8,TFCN98C8,TFCN98C8_002865-T1,63.0,99.8,99.7,0.0,1778.0,True,True,True
TFCN98D11,Rhodotorula,Rhodotorula mucilaginosa,TFCN 98D-11,TFCN98D11,TFCN98D11_004818-T1,63.0,99.8,99.7,0.0,1778.0,True,True,True
TFCN98D7,Rhodotorula,Rhodotorula mucilaginosa,TFCN 98D-7,TFCN98D7,TFCN98D7_002623-T1,63.0,99.8,99.7,0.0,1778.0,True,True,True
TFCN98D9,Rhodotorula,Rhodotorula mucilaginosa,TFCN 98D-9,TFCN98D9,TFCN98D9_002459-T1,63.0,99.8,99.7,0.0,1778.0,True,True,True
TFCN1A13,Rhodotorula,Rhodotorula pacifica,TFCN 1A-1-3,TFCN1A13,TFCN1A13_002498-T1,63.0,99.8,99.7,0.0,1778.0,True,True,True
TFCN1B12,Rhodotorula,Rhodotorula pacifica,TFCN 1B-1-2,TFCN1B12,TFCN1B12_002363-T1,63.0,99.8,99.7,0.0,1778.0,True,True,True
DBVPG4610,Rhodotorula,Rhodotorula paludigena,DBVPG 4610,DBVPG4610,DBVPG4610_003949-T1,70.3,99.6,99.7,0.0,1982.0,True,True,True
DBVPG7316,Rhodotorula,Rhodotorula paludigena,DBVPG 7316,DBVPG7316,DBVPG7316_007359-T1,71.5,90.6,99.1,0.0,1861.0,True,True,True
DBVPG7323,Rhodotorula,Rhodotorula paludigena,DBVPG 7323,DBVPG7323,DBVPG7323_005634-T1,69.6,99.6,99.7,0.0,1966.0,True,True,True
OM448,Rhodotorula,Rhodotorula paludigena,NRRL Y-12923,OM448,OM448_006643-T1,69.4,97.8,70.0,0.0,1923.0,True,True,True
TFCN1A12,Rhodotorula,Rhodotorula paludigena,TFCN 1A-1-2,TFCN1A12,TFCN1A12_002400-T1,63.1,99.8,99.7,0.0,1779.0,True,True,True
TFCN25333P5,Rhodotorula,Rhodotorula paludigena,TFCN 25-333P-5,TFCN25333P5,TFCN25333P5_006933-T1,68.8,99.6,99.7,0.0,1935.0,True,True,True
TFCN3422,Rhodotorula,Rhodotorula paludigena,TFCN 342-2,TFCN3422,TFCN3422_003346-T1,70.0,99.6,99.7,0.0,1972.0,True,True,True
TFCN43A4,Rhodotorula,Rhodotorula paludigena,TFCN 43A-4,TFCN43A4,TFCN43A4_007072-T1,69.6,99.6,99.7,0.0,1965.0,True,True,True
TFCN48A10,Rhodotorula,Rhodotorula paludigena,TFCN 48A-10,TFCN48A10,TFCN48A10_006278-T1,71.4,92.0,97.9,0.0,1873.0,True,True,True
TFCN48A15,Rhodotorula,Rhodotorula paludigena,TFCN 48A-15,TFCN48A15,TFCN48A15_004372-T1,69.6,99.6,99.7,0.0,1965.0,True,True,True
TFCN48A2,Rhodotorula,Rhodotorula paludigena,TFCN 48A-2,TFCN48A2,TFCN48A2_004518-T1,71.5,90.6,99.2,0.0,1861.0,True,True,True
TFCN48A3,Rhodotorula,Rhodotorula paludigena,TFCN 48A-3,TFCN48A3,TFCN48A3_003761-T1,71.4,92.0,97.9,0.0,1873.0,True,True,True
TFCN48C3,Rhodotorula,Rhodotorula paludigena,TFCN 48C-3,TFCN48C3,TFCN48C3_007350-T1,69.7,99.6,99.7,0.0,1967.0,True,True,True
TFCN48D10,Rhodotorula,Rhodotorula paludigena,TFCN 48D-10,TFCN48D10,TFCN48D10_007191-T1,69.7,99.6,99.7,0.0,1967.0,True,True,True
TFCN48D4,Rhodotorula,Rhodotorula paludigena,TFCN 48D-4,TFCN48D4,TFCN48D4_003086-T1,69.7,99.6,99.7,0.0,1967.0,True,True,True
TFCN49A1,Rhodotorula,Rhodotorula paludigena,TFCN 49A-1,TFCN49A1,TFCN49A1_006994-T1,69.6,99.6,99.7,0.0,1965.0,True,True,True
DBVPG8058,Rhodotorula,Rhodotorula sp. clade I,DBVPG 8058,DBVPG8058,DBVPG8058_002045-T1,71.3,99.9,99.9,0.0,2015.0,True,True,True
TFCN17328C3,Rhodotorula,Rhodotorula sp. clade I,TFCN 17-328C-3,TFCN17328C3,TFCN17328C3_006089-T1,72.3,99.9,99.9,0.0,2048.0,True,True,True
TFCN17328P3,Rhodotorula,Rhodotorula sp. clade I,TFCN 17-328P-3,TFCN17328P3,TFCN17328P3_005454-T1,72.3,99.9,99.9,0.0,2048.0,True,True,True
TFCN222A2,Rhodotorula,Rhodotorula sp. clade I,TFCN 222A-2,TFCN222A2,TFCN222A2_002137-T1,72.3,99.9,99.9,0.0,2048.0,True,True,True
TFCN25333D1,Rhodotorula,Rhodotorula sp. clade I,TFCN 25-333D-1,TFCN25333D1,TFCN25333D1_001730-T1,72.5,99.9,99.9,0.0,2058.0,True,True,True
TFCN25333D5,Rhodotorula,Rhodotorula sp. clade I,TFCN 25-333D-5,TFCN25333D5,TFCN25333D5_004201-T1,72.3,99.9,99.9,0.0,2048.0,True,True,True
TFCN25333Y2,Rhodotorula,Rhodotorula sp. clade I,TFCN 25-333Y-2,TFCN25333Y2,TFCN25333Y2_005385-T1,72.3,99.9,99.9,0.0,2048.0,True,True,True
TFCN86C7,Rhodotorula,Rhodotorula sp. clade I,TFCN 86C-7,TFCN86C7,TFCN86C7_002873-T1,72.3,99.9,99.9,0.0,2048.0,True,True,True
DBVPG7947,Rhodotorula,Rhodotorula sp. clade XIII,DBVPG 7947,DBVPG7947,DBVPG7947_005393-T1,74.4,99.8,99.9,0.0,2129.0,True,True,True
DBVPG10348,Rhodotorula,Rhodotorula sp. clade XI,DBVPG 10348,DBVPG10348,DBVPG10348_001816-T1,62.2,99.8,99.7,0.0,1758.0,True,True,True
TFCN186DK32,Rhodotorula,Rhodotorula sp. clade XI,TFCN 186DK3-2,TFCN186DK32,TFCN186DK32_002050-T1,62.2,99.8,99.7,0.0,1758.0,True,True,True
OM440,Rhodotorula,Rhodotorula sphaerocarpa,NRRL Y-7192,OM440,OM440_005911-T1,61.8,99.8,99.9,0.0,1715.0,True,True,True
TFCN86A6,Rhodotorula,Rhodotorula sphaerocarpa,TFCN 86A-6,TFCN86A6,TFCN86A6_005301-T1,61.9,99.8,99.9,0.0,1717.0,True,True,True
TFCN86A8,Rhodotorula,Rhodotorula sphaerocarpa,TFCN 86A-8,TFCN86A8,TFCN86A8_003561-T1,61.8,99.8,99.9,0.0,1718.0,True,True,True
TFCN86C10,Rhodotorula,Rhodotorula sphaerocarpa,TFCN 86C-10,TFCN86C10,TFCN86C10_003674-T1,62.3,99.8,99.9,0.0,1731.0,True,True,True
TFCN86C9,Rhodotorula,Rhodotorula sphaerocarpa,TFCN 86C-9,TFCN86C9,TFCN86C9_004734-T1,61.8,99.8,99.9,0.0,1718.0,True,True,True
DBVPG4530,Rhodotorula,Rhodotorula taiwanensis,DBVPG 4530,DBVPG4530,DBVPG4530_003287-T1,62.3,99.7,99.7,0.0,1751.0,True,True,True
DBVPG4531,Rhodotorula,Rhodotorula taiwanensis,DBVPG 4531,DBVPG4531,DBVPG4531_002390-T1,62.1,99.9,100.0,0.0,1755.0,True,True,True
TFCN0520421,Rhodotorula,Rhodotorula taiwanensis,TFCN 0520-4-2-1,TFCN0520421,TFCN0520421_006227-T1,61.6,99.9,100.0,0.0,1723.0,True,True,True
TFCN0520422,Rhodotorula,Rhodotorula taiwanensis,TFCN 0520-4-2-2,TFCN0520422,TFCN0520422_003224-T1,61.6,99.9,100.0,0.0,1723.0,True,True,True
TFCN3571,Rhodotorula,Rhodotorula taiwanensis,TFCN 357-1,TFCN3571,TFCN3571_003887-T1,61.6,99.9,100.0,0.0,1723.0,True,True,True
TFCNS22D1,Rhodotorula,Rhodotorula taiwanensis,TFCN S22D-1,TFCNS22D1,TFCNS22D1_004234-T1,61.6,99.9,100.0,0.0,1723.0,True,True,True
DBVPG6121,Rhodotorula,Rhodotorula toruloides,DBVPG 6121,DBVPG6121,DBVPG6121_002960-T1,65.0,99.8,99.9,0.0,1839.0,True,True,True
DBVPG6739,Rhodotorula,Rhodotorula toruloides,DBVPG 6739,DBVPG6739,DBVPG6739_003932-T1,63.1,70.6,98.7,0.0,1238.0,True,True,True
TFCN152A4,Rhodotorula,Rhodotorula toruloides,TFCN 152A-4,TFCN152A4,TFCN152A4_003461-T1,66.5,99.8,99.9,0.0,1892.0,True,True,True
TFCN152A6,Rhodotorula,Rhodotorula toruloides,TFCN 152A-6,TFCN152A6,TFCN152A6_003866-T1,66.1,99.8,99.9,0.0,1882.0,True,True,True
TFCN152C3,Rhodotorula,Rhodotorula toruloides,TFCN 152C-3,TFCN152C3,TFCN152C3_003715-T1,66.1,99.8,99.9,0.0,1882.0,True,True,True
TFCN152C6,Rhodotorula,Rhodotorula toruloides,TFCN 152C-6,TFCN152C6,TFCN152C6_003361-T1,61.6,99.9,100.0,0.0,1723.0,True,True,True
TFCN152D4,Rhodotorula,Rhodotorula toruloides,TFCN 152D-4,TFCN152D4,TFCN152D4_001822-T1,66.5,99.8,99.9,0.0,1892.0,True,True,True
TFCN152D6,Rhodotorula,Rhodotorula toruloides,TFCN 152D-6,TFCN152D6,TFCN152D6_003465-T1,66.5,99.8,99.9,0.0,1892.0,True,True,True
