sample_id,total_features,n_nonzero,prop_nonzero,nonzero_mode_prop,nonzero_n_unique,nonzero_cv,nonzero_median,nonzero_mean,sample_type
C_1,16332,6402,0.3919911829537105,0.00031240237425804435,6363,13.157272698263364,277980.0,5373869.208059981,C
C_100,16332,6756,0.4136664217487142,0.0002960331557134399,6698,7.443519376030418,179584.0,1924310.8512433392,C
C_104,16332,6456,0.3952975753122704,0.00046468401486988845,6414,11.299169941852902,276022.5,4324734.993494424,C
C_106,16332,6012,0.3681116825863336,0.000499001996007984,5969,8.882180211072116,302514.5,4319990.313705921,C
C_107,16332,5710,0.3496203771736468,0.0003502626970227671,5678,11.316154213916667,317667.0,6165517.760770578,C
C_108,16332,5375,0.3291084986529513,0.00037209302325581393,5347,11.214941316503158,327387.0,5674924.779162791,C
C_109,16332,5799,0.3550698016164585,0.0005173305742369374,5756,11.529115832995195,239829.0,3638191.534402483,C
C_11,16332,6422,0.3932157727161401,0.0004671441918405481,6376,11.863997671231235,290577.5,5919477.769230769,C
C_113,16332,6722,0.4115846191525839,0.0004462957453138947,6663,12.613693188833189,282967.0,4750756.33784588,C
C_115,16332,5565,0.34074210139603234,0.00035938903863432165,5538,9.666643992550842,318853.0,5520982.964959568,C
C_116,16332,5792,0.35464119519960813,0.0003453038674033149,5767,10.132673690132323,369548.5,5832638.478245856,C
C_117,16332,5732,0.3509674259123194,0.0003489183531053733,5701,10.280707513830205,326906.0,6133696.014654571,C
C_12,16332,6387,0.3910727406318883,0.0004697040864255519,6339,12.426479851432426,287068.0,6658440.757632691,C
C_124,16332,4911,0.30069801616458486,0.0006108735491753207,4861,7.001583384226559,135606.0,1370717.6234982691,C
C_125,16332,4506,0.27590007347538575,0.0006657789613848203,4459,7.386405927510923,136395.5,1576879.540834443,C
C_126,16332,5697,0.3488243938280676,0.000526592943654555,5649,11.0080192184096,209047.0,2981060.5741618397,C
C_127,16332,5784,0.3541513592946363,0.0005186721991701245,5751,10.898900377282882,311155.0,5879844.68637621,C
C_129,16332,5719,0.35017144256674015,0.0003497114880223815,5676,9.627637037775372,259872.0,3713793.702920091,C
C_13,16332,6447,0.3947465099191771,0.0003102218085931441,6399,12.218633160365878,260868.0,5189278.094462541,C
C_130,16332,5778,0.3537839823659074,0.00034614053305642093,5739,11.27118682997602,282551.5,4349269.881619938,C
C_131,16332,5700,0.349008082292432,0.0003508771929824561,5662,11.790487838126573,289549.5,5365479.066140351,C
C_133,16332,5849,0.3581312760225325,0.00034193879295606086,5813,12.809964174628096,291496.0,5703427.355616345,C
C_134,16332,5885,0.3603355375949057,0.0003398470688190314,5854,10.769197308148936,262967.0,3835839.567204758,C
C_135,16332,4278,0.2619397501836885,0.0007012622720897616,4247,6.70451520267411,162262.0,1911877.0909303413,C
C_14,16332,6548,0.4009306882194465,0.00045815516188149055,6517,11.767131016360576,282462.5,5849154.490073305,C
C_142,16332,5484,0.3357825128581925,0.00036469730123997083,5465,9.912886330021061,336379.5,6247831.207330416,C
C_143,16332,5695,0.34870193485182466,0.0003511852502194908,5673,10.716701154362594,308450.0,5189949.878138718,C
C_144,16332,5849,0.3581312760225325,0.00034193879295606086,5817,10.269899068048039,282549.0,4415205.211489144,C
C_148,16332,5190,0.3177810433504776,0.0003853564547206166,5166,10.880671372288756,330968.0,5734898.7319845855,C
C_15,16332,6509,0.3985427381827088,0.00030726686126901216,6472,12.062994181681288,311940.0,5124106.549546781,C
C_150,16332,5780,0.3539064413421504,0.0005190311418685121,5748,9.475281134256436,346207.5,5118882.431487889,C
C_151,16332,5304,0.3247612049963262,0.0003770739064856712,5282,11.044492018065649,341351.0,6034901.143853695,C
C_152,16332,5222,0.31974038697036494,0.00038299502106472615,5204,11.659455584481455,333083.5,5962938.770585982,C
C_153,16332,5673,0.3473548861131521,0.00035254715318173806,5645,10.661707401237983,320960.0,4270406.454962101,C
C_157,16332,5906,0.36162135684545677,0.0003386386725364037,5875,9.377977569492545,341800.5,5278963.309007789,C
C_158,16332,5127,0.3139235855988244,0.0003900916715428126,5105,8.503166938975017,320558.0,4352074.901111761,C
C_159,16332,5328,0.3262307127112417,0.00037537537537537537,5310,10.63523078014905,311002.5,5131097.320382883,C
C_161,16332,5554,0.3400685770266961,0.00036010082823190496,5513,9.957263932044011,310771.0,3879356.925279078,C
C_162,16332,5374,0.3290472691648298,0.0003721622627465575,5346,10.982496738073655,375746.0,6848205.318198735,C
C_163,16332,5311,0.3251898114131766,0.000564865373752589,5276,10.092911741416094,279854.0,3864303.0192054226,C
C_164,16332,5994,0.36700955180014694,0.000333667000333667,5952,10.047094109865931,251002.5,3640769.069069069,C
C_166,16332,5552,0.3399461180504531,0.00036023054755043225,5529,10.368969115832922,374185.5,6618266.577269453,C
C_167,16332,5194,0.3180259613029635,0.0003850596842510589,5163,8.658273528507479,351711.0,4964663.587793608,C
C_168,16332,5657,0.34637521430320845,0.00035354428142124803,5631,9.260621714979917,366018.0,5619003.647516351,C
C_169,16332,5710,0.3496203771736468,0.0003502626970227671,5671,7.946655193586494,274496.0,3590936.9525394044,C
C_170,16332,6322,0.3870928239039922,0.00031635558367605187,6257,6.449330750490712,166988.5,1771585.5770325847,C
C_171,16332,6098,0.3733774185647808,0.00032797638570022957,6053,10.109237270041913,246007.5,3167828.2046572645,C
C_172,16332,5993,0.36694832231202545,0.0005005840146837978,5947,10.297723386940707,279247.0,4678769.730018355,C
C_174,16332,5843,0.3577638990938036,0.0003422899195618689,5808,8.004117848762856,258517.0,3274101.268013007,C
C_175,16332,5586,0.3420279206465834,0.00035803795202291446,5565,9.055508105633985,354686.5,6403456.890082349,C
C_176,16332,5221,0.31967915748224346,0.0003830683777054204,5190,6.550215611286352,265771.0,3095308.093085616,C
C_177,16332,4530,0.27736958119030125,0.0006622516556291391,4495,6.583523229119586,168522.0,2098687.887637969,C
C_178,16332,4042,0.24748959098701934,0.0004948045522018803,4021,5.601069990210801,153487.5,1662857.2506185058,C
C_179,16332,5262,0.3221895664952241,0.0003800836183960471,5234,11.625686922099119,262738.5,3882122.7525655646,C
C_18,16332,6641,0.4066250306147441,0.0004517391959042313,6601,9.52832977618921,328193.0,4641569.385935853,C
C_181,16332,5447,0.33351702179769777,0.00036717459151826694,5412,11.649288877458291,262361.0,4622535.261979071,C
C_182,16332,5309,0.32506735243693363,0.000565078169146732,5272,11.322511057733601,293730.0,4724803.844226785,C
C_183,16332,5316,0.32549595885378396,0.0003762227238525207,5292,11.366605332545317,277987.5,4651681.830887886,C
C_186,16332,6100,0.37349987754102376,0.0003278688524590164,6070,10.26604016993967,439850.5,8501918.417540984,C
C_188,16332,5024,0.307616948322312,0.0003980891719745223,4994,7.688416289108866,443102.0,7561134.345740446,C
C_189,16332,5338,0.32684300759245655,0.0003746721618583739,5319,9.240805689565114,524314.5,11005406.687523417,C
C_19,16332,6649,0.4071148665197159,0.00030079711234772146,6612,10.385544601644913,353869.0,8703436.084824786,C
C_190,16332,5104,0.31251530737203037,0.00039184952978056425,5084,8.407943268640105,489941.5,10292632.428487461,C
C_193,16332,5472,0.33504775900073475,0.0005482456140350877,5452,9.365942132051575,516939.0,9589176.034722222,C
C_196,16332,5640,0.3453343130051433,0.0003546099290780142,5607,10.438453966592201,423354.5,7513654.897163121,C
C_197,16332,5656,0.34631398481508696,0.0003536067892503536,5631,9.677613359335766,537209.0,9165622.710749647,C
C_198,16332,5805,0.35543717854518736,0.0003445305770887166,5780,9.88320726249654,473103.0,10376374.114900947,C
C_199,16332,4868,0.2980651481753612,0.0004108463434675431,4849,9.65830693097191,514080.0,11275994.620377978,C
C_2,16332,6273,0.38409257898603966,0.0003188267176789415,6232,11.965903616501732,314239.0,6303796.696795791,C
C_20,16332,6915,0.4234019103600294,0.0004338394793926247,6865,9.031804805739597,314914.0,6771485.901663051,C
C_200,16332,5573,0.34123193730100415,0.0005383097075183922,5543,11.21165040422539,490871.0,10589348.020814642,C
C_201,16332,5402,0.3307616948322312,0.00037023324694557573,5384,10.019120723318157,487458.5,9106885.497408368,C
C_202,16332,5118,0.3133725202057311,0.0005861664712778429,5106,9.60931793062486,517521.0,11171753.200273544,C
C_204,16332,5462,0.33443546411951997,0.0003661662394727206,5444,9.071859375159946,463556.0,7294686.940681069,C
C_205,16332,4962,0.3038207200587803,0.00040306328093510683,4942,8.743894844069043,574546.0,11136555.804917373,C
C_206,16332,4983,0.30510653930933135,0.0004013646397752358,4964,8.116862047355152,520238.0,11444201.593618302,C
C_207,16332,5464,0.33455792309576293,0.00036603221083455345,5444,10.754838613956174,556155.5,10052958.47035139,C
C_209,16332,5216,0.31937301004163604,0.0003834355828220859,5193,10.200626901850802,469837.5,9469707.583205521,C
C_21,16332,6621,0.40540044085231447,0.00045310376076121433,6578,11.636537325563078,359308.0,7439731.3700347375,C
C_210,16332,5287,0.3237203036982611,0.0003782863627766219,5264,10.473515128040418,417934.0,7192223.363533194,C
C_211,16332,5418,0.33174136664217485,0.00036913990402362494,5396,9.504985534665822,479947.0,10337660.964378,C
C_213,16332,5503,0.33694587313250063,0.00036343812465927677,5489,9.017698828812426,542708.0,8138490.67635835,C
C_214,16332,4963,0.3038819495469018,0.00040298206729800525,4950,9.48725007574162,529857.0,10937725.209953656,C
C_216,16332,5125,0.3138011266225814,0.0003902439024390244,5106,9.022690175440456,508573.0,12152297.692097561,C
C_217,16332,5142,0.3148420279206466,0.00038895371450797355,5124,8.769885465914909,455367.5,7873764.002139245,C
C_218,16332,5220,0.319617927994122,0.0003831417624521073,5197,9.08427909104861,433535.5,7308177.428735632,C
C_219,16332,5299,0.32445505755571885,0.0003774297037176826,5279,8.475774765913552,416092.0,6301494.163049632,C
C_22,16332,7053,0.4318515797207935,0.0002835672763363108,7011,10.875621827319883,294202.0,4810709.90571388,C
C_220,16332,5016,0.3071271124173402,0.00039872408293460925,5001,8.945360269214083,580823.5,14829427.245614035,C
C_222,16332,5070,0.3104335047759001,0.0003944773175542406,5047,7.8448704906139985,527083.0,8469421.76903353,C
C_223,16332,4798,0.2937790840068577,0.00041684035014589413,4778,9.043218966738468,537946.0,12327125.165277198,C
C_225,16332,4545,0.27828802351212345,0.00044004400440044003,4517,7.799855432184989,381717.0,6047611.084708471,C
C_227,16332,5168,0.31643399461180505,0.0003869969040247678,5151,8.254988817024499,478314.0,6771719.461687307,C
C_228,16332,5112,0.3130051432770022,0.0003912363067292645,5098,8.712092506652684,523118.0,8542108.66940532,C
C_229,16332,4901,0.3000857212833701,0.00040807998367680065,4885,8.56440052508591,594342.0,12734720.309120588,C
C_231,16332,5361,0.32825128581925056,0.00037306472673008767,5353,8.84233100461942,531605.0,9132447.445998881,C
C_232,16332,5419,0.33180259613029633,0.0003690717844620779,5399,9.386081210842653,522998.0,11565716.729654917,C
C_233,16332,5560,0.3404359539554249,0.00035971223021582735,5535,8.84840744056263,470661.0,8451232.573920863,C
C_234,16332,5841,0.3576414401175606,0.000342407122068139,5817,8.480272645823302,478063.0,9267598.858757062,C
C_235,16332,4747,0.29065638011266226,0.0004213187276174426,4735,8.72502421897952,543190.0,11812430.672635349,C
C_236,16332,5179,0.3171075189811413,0.0003861749372465727,5163,9.35692719946606,547557.0,12751064.758640664,C
C_237,16332,5258,0.3219446485427382,0.0003803727653100038,5235,9.43610395468041,541718.5,10842698.124001522,C
C_238,16332,4898,0.2999020328190056,0.0004083299305839118,4879,8.150298157129447,476184.5,7723951.20886076,C
C_239,16332,4921,0.30131031104579964,0.000406421459053038,4906,9.239590686139222,530169.0,12357746.246088194,C
C_24,16332,7013,0.42940240019593434,0.00028518465706544986,6965,10.168348756065136,247496.0,3284482.0262369886,C
C_240,16332,5483,0.335721283370071,0.0003647638154295094,5465,8.840772163566989,471222.0,7231244.178916652,C
C_244,16332,6473,0.39633847661033555,0.0004634636181059787,6407,5.148553669527255,151977.0,1519045.4789124054,C
C_245,16332,6402,0.3919911829537105,0.00046860356138706655,6320,5.689671660249817,133844.5,1276531.3219306467,C
C_246,16332,5504,0.3370071026206221,0.0003633720930232558,5480,9.29812343804077,385037.0,5698410.510356105,C
C_249,16332,5259,0.32200587803085967,0.00038030043734550294,5239,8.358378695500914,417754.0,7399724.914052101,C
C_25,16332,6724,0.41170707812882684,0.000446162998215348,6686,10.145850283632553,316702.5,5547417.370761451,C
C_253,16332,5116,0.3132500612294881,0.00039093041438623924,5100,7.927334771019758,490497.0,7504781.618060986,C
C_254,16332,4943,0.3026573597844722,0.00040461258345134534,4927,8.079857490561407,527564.0,9197136.542990087,C
C_255,16332,4892,0.2995346558902768,0.0004088307440719542,4870,9.160577586687568,480111.0,11128692.995094031,C
C_256,16332,5175,0.3168626010286554,0.0003864734299516908,5160,10.009357768323623,455374.0,8776902.505120773,C
C_257,16332,5228,0.3201077638990938,0.00038255547054322876,5206,8.941577998038872,519106.0,7311000.883320581,C
C_258,16332,4936,0.30222875336762184,0.0004051863857374392,4917,7.706156170214618,496103.5,8583509.379457051,C
C_26,16332,6488,0.39725691893215775,0.00030826140567200987,6441,9.962651798644226,294960.0,5355950.643803946,C
C_262,16332,5787,0.3543350477590007,0.0003456022118541559,5760,9.287635947041327,430644.0,8882416.197511664,C
C_263,16332,5208,0.3188831741366642,0.00038402457757296467,5187,9.40758654843506,521791.0,10709204.861751152,C
C_264,16332,5310,0.3251285819250551,0.0003766478342749529,5289,9.310579658904325,418821.5,9348115.193973634,C
C_265,16332,5164,0.3161890766593191,0.0003872966692486445,5148,9.670517819285445,502321.0,10674395.138845855,C
C_267,16332,5196,0.3181484202792065,0.00038491147036181676,5181,8.795493040626418,454676.0,7975011.3150500385,C
C_268,16332,5157,0.3157604702424688,0.00038782237735117316,5136,8.873946417545355,566864.0,9437001.129338764,C
C_27,16332,6399,0.39180749448934604,0.0003125488357555868,6361,10.074333954583388,321485.0,5286050.9740584465,C
C_271,16332,5380,0.32941464609355864,0.0003717472118959108,5360,9.311796338890014,478422.0,7357785.251301115,C
C_272,16332,5248,0.3213323536615234,0.00038109756097560977,5229,9.14500444806245,452668.5,8100173.543635671,C
C_274,16332,5300,0.32451628704384033,0.0005660377358490566,5272,10.78291267286275,385582.5,8743422.350566037,C
C_276,16332,6172,0.37790840068577025,0.0003240440699935191,6135,10.36496444050079,210611.0,2789504.7431950746,C
C_277,16332,6311,0.38641929953465587,0.00031690698779908097,6263,10.460577370889386,203420.0,2948598.5484075425,C
C_279,16332,6457,0.39535880480039187,0.00046461204893913583,6401,9.224053235429206,168934.0,1911454.7534458728,C
C_28,16332,6932,0.42444281165809455,0.00028851702250432774,6884,8.955549224729843,290853.0,3944592.464800923,C
C_280,16332,6529,0.39976732794513836,0.00030632562413845916,6478,10.16985298984767,193920.0,2514699.0143973045,C
C_281,16332,5967,0.365356355620867,0.0003351768057650411,5923,10.717126425484858,224737.0,3458163.49840791,C
C_283,16332,6339,0.3881337252020573,0.0003155071777882947,6277,9.284745986899127,206878.0,2611883.017352895,C
C_285,16332,6256,0.38305167768797455,0.00047953964194373403,6219,8.214934553043056,218898.5,2728350.095588235,C
C_286,16332,6542,0.4005633112907176,0.0003057169061449098,6490,9.528877927203084,253756.0,3907049.0415774994,C
C_289,16332,6742,0.4128092089150135,0.0004449718184514981,6683,11.4987011830945,199380.0,2521854.0802432513,C
C_29,16332,8505,0.5207567964731815,0.0003527336860670194,8436,9.599377670396915,249387.0,3215449.356378601,C
C_290,16332,6904,0.4227283859906931,0.00043453070683661645,6844,9.5190719189577,181305.0,2103214.9446697566,C
C_293,16332,6400,0.3918687239774675,0.0003125,6342,9.254938560040575,191567.5,2257338.64984375,C
C_295,16332,6213,0.3804188096987509,0.00032190568163528087,6143,8.317104995907439,170486.0,1753547.016256237,C
C_296,16332,6099,0.3734386480529023,0.0004918839153959665,6049,10.897479381244667,239329.0,3708968.6417445485,C
C_298,16332,6898,0.4223610090619642,0.0004349086691794723,6828,10.039038939567465,225793.5,2686425.1348216874,C
C_299,16332,6412,0.3926034778349253,0.00031191515907673113,6360,8.961143133691516,195822.5,2287835.4153150343,C
C_3,16332,6269,0.3838476610335538,0.000319030148349019,6226,12.113020237581928,318241.0,6827380.331153294,C
C_30,16332,8166,0.5,0.0003673769287288758,8091,12.797778318930456,250420.0,5014494.170340436,C
C_300,16332,6386,0.39101151114376687,0.00031318509238960227,6327,9.859442559039097,195138.0,2506585.4597557154,C
C_303,16332,5947,0.36413176585843743,0.00033630401883302503,5897,8.976300252124204,177887.0,2136407.2027913234,C
C_304,16332,6275,0.3842150379622826,0.00047808764940239046,6229,10.681735971907017,228451.0,3125588.486693227,C
C_307,16332,6168,0.3776634827332844,0.00048638132295719845,6114,9.872741351081658,197290.5,2737950.6436446174,C
C_308,16332,6520,0.39921626255204506,0.00046012269938650307,6457,8.723050563110199,160861.5,1711024.4283742332,C
C_309,16332,6196,0.37937790840068575,0.0004841833440929632,6133,10.192802645972874,186912.5,2239837.9669141383,C
C_31,16332,7219,0.4420156747489591,0.0002770466823659787,7168,11.820925959088395,276986.0,5640151.86854135,C
C_313,16332,6551,0.40111437668381095,0.00045794535185467866,6501,7.492833679359994,208849.0,2642579.687986567,C
C_317,16332,6138,0.37582659808964,0.00032583903551645487,6095,8.815823695781399,228222.0,2684436.489247312,C
C_318,16332,5944,0.363948077394073,0.00033647375504710633,5896,9.849801230423044,199181.5,2509957.80333109,C
C_32,16332,6532,0.3999510164095028,0.00045927740355174526,6476,9.871708264993577,337791.0,7183242.847519902,C
C_322,16332,4624,0.2831251530737203,0.00043252595155709344,4593,4.960862787333959,193032.0,1942136.8272058824,C
C_33,16332,6577,0.4027063433749694,0.0003040900106431504,6539,10.05169555752886,383819.0,11028413.524859358,C
C_334,16332,6917,0.42352436933627235,0.00028914269191846175,6851,9.172335455728021,196274.0,2615150.586236808,C
C_36,16332,7299,0.44691403379867745,0.0002740101383751199,7245,10.388270229201085,316398.0,5009846.1298808055,C
C_38,16332,7734,0.47354886113152095,0.0002585983966899405,7688,10.418317009639843,313896.0,5170147.852598914,C
C_39,16332,6072,0.37178545187362233,0.00032938076416337287,6037,9.269278883222636,365183.5,7182763.434947299,C
C_4,16332,6302,0.38586823414156257,0.0004760393525864805,6267,12.330670030899023,293234.0,6034888.6199619165,C
C_40,16332,6292,0.3852559392603478,0.0003178639542275906,6260,9.195709843749293,325508.0,6146118.95740623,C
C_41,16332,6458,0.39542003428851336,0.0003096934035305048,6413,9.47599940565811,311411.0,5933555.431867451,C
C_42,16332,6310,0.3863580700465344,0.00047543581616481777,6277,9.905117546044297,357498.5,7146268.829793978,C
C_45,16332,9084,0.556208670095518,0.00022016732716864817,9015,10.16916326480017,293789.0,3716714.391457508,C
C_47,16332,7844,0.48028410482488365,0.00038245792962774094,7775,10.709260930222575,262967.5,4995086.16381948,C
C_48,16332,8460,0.5180014695077149,0.0003546099290780142,8389,13.142093378028576,236489.0,4234771.378605201,C
C_49,16332,7840,0.48003918687239777,0.0003826530612244898,7771,12.09586413099226,212259.5,3351347.231505102,C
C_5,16332,6546,0.40080822924320353,0.00045829514207149406,6497,12.613898169714483,289984.5,6480908.971891231,C
C_50,16332,7094,0.4343619887337742,0.000281928390188892,7052,10.914918327264173,318696.0,5760544.373273188,C
C_51,16332,8918,0.5460445750673525,0.00022426553038797938,8845,11.814087920406696,398012.0,9154183.258241758,C
C_52,16332,8969,0.5491672789615479,0.0002229902999219534,8912,10.043891090432458,301706.0,3707828.654922511,C
C_53,16332,7003,0.42879010531471956,0.0004283878337855205,6959,11.347865621845507,306287.0,4979266.293017278,C
C_54,16332,6964,0.42640215527798186,0.0002871912693854107,6923,10.358297870136026,311475.5,5428386.868466399,C
C_55,16332,7047,0.4314842027920647,0.0002838087129274869,6998,10.385414128460326,335923.0,8971692.775791116,C
C_56,16332,6742,0.4128092089150135,0.0004449718184514981,6687,10.359271481145818,294785.0,5052681.61821418,C
C_57,16332,7774,0.47599804065638013,0.00038590172369436584,7706,12.146562533106241,259420.0,6519385.013635194,C
C_58,16332,7310,0.4475875581680137,0.0004103967168262654,7253,11.017352385335714,288841.5,5753689.38508892,C
C_59,16332,7412,0.4538329659564046,0.0002698327037236913,7348,10.315466357779906,278826.5,5714224.346195359,C
C_6,16332,6102,0.37362233651726673,0.00032776138970829236,6064,11.529810485438976,298891.5,5864025.958538184,C
C_60,16332,7345,0.44973059025226547,0.0002722940776038121,7287,9.858506205318717,305395.0,5652118.082368959,C
C_62,16332,7290,0.44636296840558415,0.00027434842249657066,7240,10.105445856753716,313599.0,6395425.830452675,C
C_63,16332,6486,0.3971344599559148,0.0003083564600678384,6445,12.41263645439276,263337.5,4476623.020968239,C
C_64,16332,6846,0.4191770756796473,0.00029214139643587495,6803,11.68315515408398,361458.5,7485700.977066901,C
C_66,16332,7412,0.4538329659564046,0.0002698327037236913,7372,11.863260364280782,319032.5,6309678.491770103,C
C_67,16332,6605,0.4044207690423708,0.0003028009084027252,6569,10.653504215180554,331320.0,5177269.766389099,C
C_68,16332,6341,0.38825618417830027,0.00031540766440624505,6313,10.485862506914124,371164.0,8884199.049676707,C
C_69,16332,6473,0.39633847661033555,0.0003089757454039858,6445,11.027518311379138,425810.0,8554650.356403522,C
C_7,16332,6268,0.3837864315454323,0.0004786215698787492,6224,12.919395198381595,312701.0,6517356.312699426,C
C_72,16332,7172,0.4391378888072496,0.0004182933630786392,7123,10.08383942469064,354075.5,7377229.087841607,C
C_73,16332,7019,0.42976977712466324,0.00028494087476848553,6978,13.240830756638019,342164.0,7733172.837013819,C
C_74,16332,6837,0.418626010286554,0.000292525961679099,6783,12.220433815516015,362177.0,7828982.573643411,C
C_75,16332,6474,0.39639970609845704,0.0004633920296570899,6442,11.51537345627402,365190.0,8339266.289465555,C
C_76,16332,6286,0.3848885623316189,0.0003181673560292714,6252,11.909980210628149,324627.5,6712083.261215399,C
C_77,16332,6268,0.3837864315454323,0.0004786215698787492,6237,12.027059581896502,323897.5,6838774.406987875,C
C_78,16332,6048,0.37031594415870683,0.000496031746031746,6005,11.084762070911678,302390.5,4947171.825396826,C
C_79,16332,6933,0.42450404114621604,0.00043271311120726956,6888,12.890618184824335,324091.0,6494348.085532959,C
C_8,16332,5585,0.3419666911584619,0.0005371530886302597,5543,12.247033304584178,297188.0,7681390.806266786,C
C_80,16332,7001,0.4286676463384766,0.00042851021282673904,6956,10.613463034343118,335800.0,7223703.929295815,C
C_81,16332,6463,0.3957261817291207,0.00030945381401825775,6426,12.151572927611394,357263.0,7043016.239981432,C
C_83,16332,6982,0.4275042860641685,0.0002864508736751647,6940,11.496927040496795,337242.5,6518183.867802922,C
C_86,16332,6588,0.4033798677443057,0.00030358227079538557,6555,11.722417868502088,342771.0,5406586.897692774,C
C_89,16332,6119,0.37466323781533184,0.0004902761889197581,6078,8.957048554410592,337736.0,6865541.611537833,C
C_9,16332,6192,0.37913299044819987,0.00032299741602067185,6157,12.987640988736638,274085.0,5770059.941860465,C
C_95,16332,6958,0.426034778349253,0.0002874389192296637,6919,12.471446337076603,306424.0,4923954.387611383,C
C_97,16332,5941,0.3637643889297085,0.00033664366268305,5913,9.113859530967856,371323.0,7107498.288840262,C
C_98,16332,6613,0.40491060494734266,0.00030243459851807047,6570,11.02413897819647,276686.0,4808895.953273854,C
C_99,16332,6120,0.3747244673034533,0.000326797385620915,6084,9.346515803698342,305370.5,4923393.1751633985,C
SUP_1,16332,8998,0.5509429341170707,0.0002222716159146477,8974,3.8352898545469585,1977517.5,7437538.323182929,SUP
SUP_100,16332,9215,0.5642297330394318,0.0002170374389582203,9187,3.5425973452494004,1576685.0,5709967.702984265,SUP
SUP_104,16332,9106,0.5575557188341905,0.00021963540522732265,9084,3.5509485879572824,1807357.0,6488162.503184713,SUP
SUP_106,16332,9147,0.5600661278471712,0.00021865092380015305,9115,3.737696672756472,1519056.0,5507177.295944026,SUP
SUP_107,16332,9096,0.5569434239529758,0.00021987686895338611,9065,3.682460188249754,1531479.0,5770295.961301671,SUP
SUP_108,16332,8986,0.550208180259613,0.00033385265969285556,8963,3.5702355427704466,1606684.0,5824750.222791009,SUP
SUP_109,16332,9089,0.5565148175361254,0.00022004620970403785,9068,3.4619100599175736,1727301.0,6509035.622400704,SUP
SUP_11,16332,9000,0.5510653930933137,0.00022222222222222223,8988,3.557274100341362,2142624.5,8013916.726,SUP
SUP_113,16332,9210,0.5639235855988244,0.00021715526601520088,9191,3.6061700816901405,1785666.5,6487191.389033659,SUP
SUP_115,16332,9135,0.5593313739897134,0.00021893814997263274,9109,3.6081838372866257,1462017.0,5438653.728407225,SUP
SUP_116,16332,9010,0.5516776879745285,0.00022197558268590456,8983,3.3759864161561133,1502861.0,5674122.157935627,SUP
SUP_117,16332,9109,0.557739407298555,0.0002195630694917115,9087,3.5885212663676924,1565352.0,5553734.434625096,SUP
SUP_12,16332,9020,0.5522899828557434,0.00022172949002217295,9002,3.3757584951161714,2312289.0,8438619.733037693,SUP
SUP_124,16332,9081,0.5560249816311535,0.00022024006166721728,9055,3.68863615266882,1434648.0,5805038.991410637,SUP
SUP_125,16332,9061,0.554800391868724,0.0002207261891623441,9040,3.8874257887619756,1325582.0,5262568.5847036755,SUP
SUP_126,16332,9160,0.5608621111927504,0.0002183406113537118,9145,4.072672050083273,1290825.5,4820633.940065502,SUP
SUP_127,16332,9232,0.5652706343374969,0.0002166377816291161,9211,3.7003907676026464,1542749.5,5583902.746858752,SUP
SUP_129,16332,9321,0.5707200587803086,0.000214569252226156,9300,3.5880338180757834,1424140.0,5606055.869112756,SUP
SUP_13,16332,8934,0.5470242468772961,0.00022386389075442132,8911,3.472984250644784,2269994.5,8512763.88840385,SUP
SUP_130,16332,9050,0.5541268674993877,0.00022099447513812155,9033,3.582033808517385,1538223.0,5780063.777458563,SUP
SUP_131,16332,9076,0.5557188341905461,0.00022036139268400177,9060,3.731469840601148,1422747.0,5286872.298369326,SUP
SUP_133,16332,9182,0.562209159931423,0.00021781746896101068,9162,3.786091653190242,1385619.5,5093820.541820954,SUP
SUP_134,16332,8985,0.5501469507714916,0.00022259321090706732,8965,3.5849671053852052,1426735.0,5152982.685698386,SUP
SUP_135,16332,9015,0.551983835415136,0.0002218524681087077,8987,4.062113323189815,1297658.0,5135143.996894065,SUP
SUP_14,16332,8965,0.548922361009062,0.00033463469046291134,8949,3.7514658874334894,2050091.0,7499647.626324596,SUP
SUP_142,16332,9166,0.5612294881214793,0.0002181976871045167,9144,3.7968120864303154,1414730.5,5293998.086842679,SUP
SUP_143,16332,9142,0.5597599804065638,0.0002187705097352877,9116,3.7683020945222796,1430712.5,5421254.253773792,SUP
SUP_144,16332,9140,0.5596375214303209,0.0002188183807439825,9122,3.9518631877053614,1268701.0,4736389.884026258,SUP
SUP_148,16332,9064,0.5549840803330884,0.0002206531332744925,9040,3.912906750704454,1411634.0,5143601.9678949695,SUP
SUP_15,16332,8968,0.5491060494734264,0.00022301516503122213,8954,3.533520153368948,2165174.0,7895590.324152542,SUP
SUP_150,16332,9158,0.5607396522165075,0.00021838829438742082,9133,4.030906472402346,1378052.5,4993520.018781394,SUP
SUP_151,16332,9120,0.5584129316678913,0.0002192982456140351,9099,3.929785813515626,1374587.0,4967684.618201754,SUP
SUP_152,16332,9236,0.5655155522899828,0.00021654395842355997,9210,4.227644628994981,1223477.5,4574838.634148982,SUP
SUP_153,16332,8924,0.5464119519960813,0.00022411474675033618,8896,4.018337734898884,1314226.5,4859850.910466159,SUP
SUP_157,16332,9227,0.5649644868968895,0.00021675517502980384,9203,3.8451321897201614,1389837.0,5306468.747155088,SUP
SUP_158,16332,9080,0.5559637521430321,0.00022026431718061675,9056,4.161856863713597,1248108.5,4668256.474449339,SUP
SUP_159,16332,8957,0.5484325251040901,0.0002232890476722117,8935,4.056826727052298,1306185.0,4830678.381712627,SUP
SUP_161,16332,8979,0.5497795738427627,0.00022274195344693172,8955,3.8940771050816902,1304814.0,4855511.20982292,SUP
SUP_162,16332,9079,0.5559025226549106,0.00022028857803722878,9059,3.8600893191485044,1191141.0,4513747.455006058,SUP
SUP_163,16332,8968,0.5491060494734264,0.00022301516503122213,8939,4.044387027732173,1236827.0,4717047.021297948,SUP
SUP_164,16332,9192,0.5628214548126378,0.0002175805047867711,9162,3.965569855756073,1356874.5,5115273.802219321,SUP
SUP_166,16332,9073,0.5555351457261817,0.00022043425548330211,9052,3.9639085804204948,1366654.0,5132765.89099526,SUP
SUP_167,16332,9069,0.5552902277736959,0.00022053148086889404,9044,4.043039814629009,1263314.0,4875384.712868012,SUP
SUP_168,16332,8981,0.5499020328190056,0.0002226923505177597,8964,4.125279265981523,1249966.0,4890359.293731211,SUP
SUP_169,16332,8905,0.5452485917217732,0.00022459292532285232,8885,4.670968320899451,1032336.0,4362240.015047726,SUP
SUP_170,16332,9147,0.5600661278471712,0.00021865092380015305,9119,4.154051630769049,1122127.0,4423024.459276265,SUP
SUP_171,16332,9127,0.5588415380847416,0.00021913005368686317,9106,4.0837711063690465,1203348.0,4614812.16193711,SUP
SUP_172,16332,9097,0.5570046534410973,0.00021985269869187644,9071,3.6969641622378684,1429892.0,5276249.693415412,SUP
SUP_174,16332,9044,0.5537594905706589,0.00022114108801415304,9023,4.052529324682638,1347124.0,5066966.2315347195,SUP
SUP_175,16332,9057,0.554555473916238,0.00022082367229767032,9030,3.9257463368211654,1312954.0,5137841.931655074,SUP
SUP_176,16332,8939,0.5473303943179035,0.00022373867322966775,8906,4.231105048644522,1156702.0,4536917.189618526,SUP
SUP_177,16332,8811,0.5394930198383542,0.00022698899103393486,8785,3.7289119426951913,1240978.0,4920943.739303144,SUP
SUP_178,16332,8862,0.5426157237325496,0.00022568269013766644,8840,3.764294736762612,1358166.0,5354182.814375987,SUP
SUP_179,16332,9030,0.5529022777369581,0.00022148394241417498,9008,3.6680682855049325,1430096.0,5306807.337984496,SUP
SUP_18,16332,8934,0.5470242468772961,0.00022386389075442132,8913,3.7626353538717026,1944428.0,7310471.817662861,SUP
SUP_181,16332,8976,0.5495958853783982,0.0002228163992869875,8948,3.893356840229285,1257528.0,4749958.017379679,SUP
SUP_182,16332,9173,0.5616580945383297,0.00021803117845851957,9150,3.937566897603881,1308510.0,4808736.438133653,SUP
SUP_183,16332,9014,0.5519226059270145,0.00022187708009762592,8986,3.8054795182259995,1371990.5,5097690.663190592,SUP
SUP_186,16332,8819,0.5399828557433259,0.00022678308198208414,8793,4.019331385719831,1117255.0,4787149.963487924,SUP
SUP_188,16332,8938,0.547269164829782,0.00022376370552696352,8915,3.7061752718911025,1324245.5,5139836.305325576,SUP
SUP_189,16332,8932,0.5469017879010531,0.0002239140170174653,8910,3.913095498436982,1200844.5,4469142.247872816,SUP
SUP_19,16332,8971,0.5492897379377908,0.00022294058633374206,8955,4.155283868397509,1851132.0,6569954.883402074,SUP
SUP_190,16332,9036,0.553269654665687,0.0002213368747233289,9007,3.695781789384582,1264584.5,4706003.23229305,SUP
SUP_193,16332,8996,0.5508204751408278,0.00022232103156958648,8962,4.112208811973738,929045.0,3557170.2971320585,SUP
SUP_196,16332,8924,0.5464119519960813,0.00022411474675033618,8905,3.673585201801343,1202978.0,5167301.364074406,SUP
SUP_197,16332,8927,0.5465956404604457,0.0002240394309398454,8894,3.7166510092955893,1158226.0,4368234.5021843845,SUP
SUP_198,16332,9003,0.5512490815576782,0.00022214817283127845,8983,3.5181975684595748,1357760.0,5401603.500055537,SUP
SUP_199,16332,8860,0.5424932647563067,0.0002257336343115124,8838,4.061497435785242,1032130.0,4056182.328216704,SUP
SUP_2,16332,8935,0.5470854763654176,0.0002238388360380526,8918,3.975570414227616,1912195.0,7246919.859764969,SUP
SUP_20,16332,9074,0.5555963752143032,0.00022040996253030638,9059,3.590054276063833,1991396.0,7455639.8591580335,SUP
SUP_200,16332,8999,0.5510041636051922,0.00022224691632403602,8967,4.094403255048065,1118501.0,4224057.395488388,SUP
SUP_201,16332,9422,0.576904237080578,0.00021226915729144556,9392,4.714215673286742,937843.5,3888525.6330927615,SUP
SUP_202,16332,8920,0.5461670340435953,0.0002242152466367713,8899,4.3220170444192405,952129.0,3815849.3013452915,SUP
SUP_204,16332,8919,0.5461058045554739,0.0002242403856934634,8894,4.258904576871401,1080761.0,4093198.361027021,SUP
SUP_205,16332,8878,0.5435953955424933,0.00022527596305474206,8859,3.416334956904892,1401481.5,6371670.2651498085,SUP
SUP_206,16332,8935,0.5470854763654176,0.0002238388360380526,8905,3.88638599292856,1111243.0,4454267.2052602125,SUP
SUP_207,16332,8824,0.5402890031839334,0.00022665457842248413,8802,3.69982437839824,1264464.0,4837663.683590208,SUP
SUP_209,16332,8887,0.5441464609355866,0.00022504782266231574,8854,3.8551555039894274,1022055.0,3769362.0524361427,SUP
SUP_21,16332,9001,0.5511266225814352,0.00022219753360737697,8977,3.8011559527514387,2004563.0,6839472.492611932,SUP
SUP_210,16332,8714,0.5335537594905707,0.00022951572182694515,8687,3.702053476129021,1153829.0,4464793.272320404,SUP
SUP_211,16332,8674,0.5311045799657115,0.00023057412958266084,8634,4.431428504981697,851159.0,3422854.3170394283,SUP
SUP_213,16332,8935,0.5470854763654176,0.0002238388360380526,8903,3.7427943059576507,1237792.0,4634598.308114158,SUP
SUP_214,16332,9482,0.5805780063678667,0.0002109259649862898,9461,4.641059820255651,968141.0,5055378.767137734,SUP
SUP_216,16332,8730,0.5345334313005143,0.0002290950744558992,8707,3.8734419238243833,1127665.5,4779235.740091638,SUP
SUP_217,16332,8801,0.5388807249571393,0.00022724690376093625,8776,3.9545832232047955,1040784.0,4401838.670037496,SUP
SUP_218,16332,8769,0.536921381337252,0.00022807617744326604,8747,4.342500030757033,874142.0,3498166.1976280077,SUP
SUP_219,16332,8838,0.5411462160176341,0.00022629554197782303,8812,3.786923982487628,1096251.5,4577098.290450328,SUP
SUP_22,16332,8814,0.5396767083027186,0.0002269117313365101,8791,3.7482507430964715,2023573.0,7371661.9734513275,SUP
SUP_220,16332,8847,0.5416972814107274,0.00022606533288120268,8808,3.9014988230772314,992298.0,4144024.890584379,SUP
SUP_222,16332,8865,0.5427994121969141,0.00022560631697687535,8846,3.7755938975363468,1102348.0,4339027.984884377,SUP
SUP_223,16332,8957,0.5484325251040901,0.0003349335715083175,8930,3.902265084860758,1061083.0,4147513.4826392764,SUP
SUP_225,16332,8734,0.5347783492530003,0.0002289901534234028,8705,4.903744862592274,824280.0,3298640.0583924893,SUP
SUP_227,16332,1901,0.11639725691893216,0.0010520778537611783,1894,8.343067240349102,169624.0,3268139.732772225,SUP
SUP_228,16332,8733,0.5347171197648788,0.00022901637467078896,8716,3.8677095387837346,1544073.0,5780343.455399061,SUP
SUP_229,16332,2028,0.12417340191036003,0.0009861932938856016,2020,8.907731047445889,151754.0,3369105.8762327414,SUP
SUP_231,16332,8695,0.5323903992162625,0.00023001725129384704,8679,4.151411815889325,1402126.0,5315746.365727429,SUP
SUP_232,16332,2245,0.13746020083272104,0.0008908685968819599,2234,8.695788796143043,116607.0,2831526.8859688197,SUP
SUP_233,16332,8649,0.5295738427626745,0.000346860908775581,8628,3.557187226387986,1980363.0,7129143.393687132,SUP
SUP_234,16332,8709,0.5332476120499633,0.00022964749110115972,8692,4.069681498603929,1424370.0,5552925.019634861,SUP
SUP_235,16332,8681,0.5315331863825619,0.00023038820412394885,8664,4.195346230636572,1380048.0,5566735.42656376,SUP
SUP_236,16332,8788,0.5380847416115602,0.0003413746017296313,8762,3.9848364761636557,1506870.0,6344502.207441966,SUP
SUP_237,16332,8708,0.5331863825618418,0.00022967386311437759,8693,4.149317811107637,1468105.0,5252055.062930639,SUP
SUP_238,16332,8990,0.550453098212099,0.0002224694104560623,8971,4.184888191325644,1219718.0,5165255.868298109,SUP
SUP_239,16332,8763,0.5365540044085232,0.00022823234052265205,8748,3.9887462922352466,1518156.0,5808305.709117882,SUP
SUP_24,16332,8933,0.5469630173891746,0.00022388895108026418,8918,3.8939739782106337,1993065.0,7311462.968431658,SUP
SUP_240,16332,8748,0.5356355620867009,0.00022862368541380886,8729,3.5782050224007707,1911704.5,6988122.829218107,SUP
SUP_244,16332,8607,0.5270022042615724,0.0002323690019751365,8589,4.186251917641809,1610567.0,5916680.029859417,SUP
SUP_245,16332,8701,0.5327577761449914,0.00022985863693828295,8684,4.087014700251134,1483299.0,5312874.355476382,SUP
SUP_246,16332,8713,0.5334925300024492,0.0002295420635831516,8699,4.139195439474576,1472528.0,5437165.30804545,SUP
SUP_249,16332,9167,0.5612907176096008,0.00021817388458601506,9140,4.202789955674697,1380724.0,5560603.007963347,SUP
SUP_25,16332,8773,0.5371662992897379,0.00022797218739313804,8755,3.9623996036026323,1985079.0,7269381.403054827,SUP
SUP_253,16332,8610,0.5271858927259369,0.00023228803716608595,8585,4.162499633581582,1454632.0,5492696.806155633,SUP
SUP_254,16332,8707,0.5331251530737203,0.00022970024118525325,8689,3.8380517173041167,1594446.0,5625767.260020673,SUP
SUP_255,16332,8573,0.5249204016654421,0.00023329056339671062,8555,3.649209970124861,1772518.0,6205547.613670827,SUP
SUP_256,16332,8470,0.5186137643889297,0.0002361275088547816,8451,3.7531554646856877,1675313.5,5807307.60283353,SUP
SUP_257,16332,8492,0.5199608131276022,0.00023551577955723034,8472,3.7436235490677903,1716457.0,6529006.079604333,SUP
SUP_258,16332,8520,0.5216752387950037,0.00023474178403755868,8499,4.9935086190395745,1053274.5,3984014.267018779,SUP
SUP_26,16332,8908,0.5454322801861377,0.000224517287831163,8894,3.6984252696179745,2024567.5,7197483.274921419,SUP
SUP_262,16332,8575,0.525042860641685,0.00023323615160349855,8555,3.6948395537911165,1613482.0,5841673.257842566,SUP
SUP_263,16332,8602,0.526696056820965,0.00023250406882120437,8583,3.7866629746714704,1508808.0,5523285.258544524,SUP
SUP_264,16332,8506,0.520818025961303,0.00023512814483893723,8497,3.834466649200554,1699301.5,6057506.522337174,SUP
SUP_265,16332,8626,0.5281655645358805,0.00023185717597959656,8605,4.001286331010196,1592468.5,5645854.040922792,SUP
SUP_267,16332,8697,0.5325128581925055,0.00022996435552489363,8676,4.4474451345694455,1383147.0,5286745.14729217,SUP
SUP_268,16332,8633,0.5285941709527309,0.00023166917641607784,8623,4.088353753717023,1564154.0,5522080.090582648,SUP
SUP_27,16332,8893,0.5445138378643155,0.0002248959856066569,8882,3.5806606125099987,2146896.0,7882194.329022827,SUP
SUP_271,16332,8818,0.5399216262552045,0.00022680880018144704,8782,4.411251560616034,1367270.5,5161740.501474258,SUP
SUP_272,16332,8750,0.5357580210629439,0.00022857142857142857,8727,4.044762133215469,1440908.0,5158061.765028572,SUP
SUP_274,16332,9405,0.5758633357825128,0.0002126528442317916,9377,4.362642542596618,1332944.0,4673519.937480064,SUP
SUP_276,16332,8672,0.5309821209894685,0.00023062730627306272,8648,3.8096739379816045,1694628.0,6104626.735470479,SUP
SUP_277,16332,8665,0.5305535145726181,0.0002308136180034622,8647,4.203000284626721,1552451.0,5684501.45966532,SUP
SUP_279,16332,8773,0.5371662992897379,0.00022797218739313804,8757,3.7357101238787833,1717486.0,6425478.917360082,SUP
SUP_28,16332,8918,0.5460445750673525,0.00022426553038797938,8904,3.820897021523321,1971043.0,6836372.346826643,SUP
SUP_280,16332,8796,0.5385745775165319,0.00022737608003638017,8776,3.8660870961433518,1617915.5,5746795.7123692585,SUP
SUP_281,16332,8459,0.5179402400195935,0.0003546518501004847,8435,3.845949774571055,1756440.0,6084197.616976002,SUP
SUP_283,16332,8767,0.536798922361009,0.00022812820805292574,8749,3.608339802718207,1650464.0,6106992.127409604,SUP
SUP_285,16332,8721,0.533982365907421,0.00022933149868134388,8704,3.828142064005001,1636281.0,5832458.325306731,SUP
SUP_286,16332,8639,0.5289615478814597,0.00023150827642088204,8621,3.730058815166951,1810152.0,6612616.837944207,SUP
SUP_289,16332,8620,0.5277981876071516,0.0002320185614849188,8606,3.7579770731584574,1638243.0,5932231.42911833,SUP
SUP_29,16332,8923,0.5463507225079598,0.0002241398632746834,8897,3.630615285768759,1946715.0,7301815.548582315,SUP
SUP_290,16332,8565,0.5244305657604702,0.0002335084646818447,8544,3.767279764541869,1769927.0,6132211.792410975,SUP
SUP_293,16332,8680,0.5314719568944404,0.0002304147465437788,8665,3.639245067596833,1760874.0,6444720.875230415,SUP
SUP_295,16332,8571,0.5247979426891991,0.0002333450005833625,8550,3.489833548310352,1843056.0,6467373.2706802,SUP
SUP_296,16332,8704,0.5329414646093559,0.00022977941176470588,8683,3.4858940941232595,1847835.5,6617275.768267463,SUP
SUP_298,16332,8629,0.5283492530002449,0.00023177656738903696,8609,3.899009442339882,1630341.0,5906979.356124695,SUP
SUP_299,16332,8601,0.5266348273328435,0.0002325311010347634,8584,3.781670279471883,1706045.0,6021614.7636321355,SUP
SUP_3,16332,8918,0.5460445750673525,0.00022426553038797938,8895,3.8083896821726877,1877670.5,6947812.887642969,SUP
SUP_30,16332,8958,0.5484937545922116,0.00022326412145568208,8946,4.255119847108141,1793129.0,6242868.946528243,SUP
SUP_300,16332,8604,0.526818515797208,0.00023245002324500232,8593,3.6725063105282634,1782598.0,6119682.997326825,SUP
SUP_303,16332,8966,0.5489835904971835,0.00022306491188935982,8945,4.268060726393193,1321548.5,4855225.563015837,SUP
SUP_304,16332,8665,0.5305535145726181,0.0002308136180034622,8651,3.7279491166995014,1749447.0,6196651.579111367,SUP
SUP_307,16332,8762,0.5364927749204017,0.00022825838849577722,8751,3.695875148542877,1660674.5,5598874.855740698,SUP
SUP_308,16332,8778,0.5374724467303453,0.000227842333105491,8761,3.639453051993854,1680914.5,6339393.380496697,SUP
SUP_309,16332,8652,0.529757531227039,0.00034674063800277393,8635,3.830123740952441,1750605.0,6086602.99445215,SUP
SUP_31,16332,8809,0.5393705608621112,0.00022704052673402204,8790,3.721643521017495,2053985.0,7747293.937109774,SUP
SUP_313,16332,8542,0.5230222875336762,0.00023413720440177945,8524,3.9372605032294494,1590622.0,5308657.399555139,SUP
SUP_317,16332,8781,0.5376561351947098,0.0002277644915157727,8755,3.567884487371169,1696948.0,6294052.302926774,SUP
SUP_318,16332,8689,0.5320230222875337,0.00023017608470479918,8668,3.542190303807967,1852984.0,6695520.511566348,SUP
SUP_32,16332,8964,0.5488611315209405,0.00022311468094600624,8945,4.444480237922766,1646431.0,5740234.308009817,SUP
SUP_322,16332,8745,0.5354518736223365,0.00022870211549456832,8722,5.873875571597946,972262.0,4257024.074899943,SUP
SUP_33,16332,8883,0.5439015429831007,0.00022514916131937407,8870,4.180930714965734,1775710.0,6110414.702803107,SUP
SUP_334,16332,8655,0.5299412196914034,0.00023108030040439053,8633,3.9819429260990757,1592952.0,5718609.956787984,SUP
SUP_36,16332,8795,0.5385133480284104,0.00022740193291642978,8779,3.692766319631351,2032161.0,7375288.658214895,SUP
SUP_38,16332,9706,0.5942934117070782,0.000206058108386565,9685,4.838105635281482,1863451.5,8660848.351019988,SUP
SUP_39,16332,8930,0.5467793289248102,0.00022396416573348266,8904,3.7820537816380693,1719783.5,6321681.891713326,SUP
SUP_4,16332,8944,0.547636541758511,0.00022361359570661896,8923,3.653832459745502,2125355.5,7973676.077034884,SUP
SUP_40,16332,8891,0.5443913788880725,0.00022494657518839275,8873,3.886134038185181,1927950.0,6939706.963221235,SUP
SUP_41,16332,8870,0.5431055596375214,0.00022547914317925591,8855,3.6734525046274165,1941530.0,7196832.285343856,SUP
SUP_42,16332,8941,0.5474528532941465,0.0002236886254333967,8924,3.5752186941253052,2004365.0,7679044.529359132,SUP
SUP_45,16332,9605,0.5881092334068088,0.00020822488287350338,9584,4.583080201717075,2182214.0,9394936.131910464,SUP
SUP_47,16332,9046,0.5538819495469018,0.00033163829316825116,9020,4.835119664034789,1137068.5,4454328.604576608,SUP
SUP_48,16332,9022,0.5524124418319862,0.00022168033695411216,9005,3.9262699882181145,1744315.0,6165732.852804257,SUP
SUP_49,16332,8765,0.5366764633847662,0.00022818026240730178,8748,3.764871030693867,1825033.0,7009193.261494581,SUP
SUP_5,16332,9072,0.5554739162380602,0.0002204585537918871,9055,3.3955602278352113,2441561.5,8689459.36585097,SUP
SUP_50,16332,8910,0.5455547391623806,0.0002244668911335578,8892,4.354960514734959,1517058.0,5315419.287766554,SUP
SUP_51,16332,9561,0.5854151359294636,0.00020918313983892898,9532,5.564106919518392,1154528.0,6598155.324861417,SUP
SUP_52,16332,9524,0.5831496448689689,0.00020999580008399833,9503,4.7682595319839205,1736475.0,8182680.186266275,SUP
SUP_53,16332,9257,0.5668013715405339,0.00021605271686291454,9243,3.868384965444788,1720895.0,6563540.901912066,SUP
SUP_54,16332,9033,0.5530859662013226,0.00033211557622052476,9015,3.4754553805369994,2224726.0,7821460.434517879,SUP
SUP_55,16332,9311,0.5701077638990938,0.000214799699280421,9290,4.128151052860751,1890585.0,7013658.355063903,SUP
SUP_56,16332,9075,0.5556576047024246,0.00022038567493112948,9057,3.4707767087617416,2122253.0,7710550.460275482,SUP
SUP_57,16332,9249,0.5663115356355621,0.0003243593902043464,9228,3.8013927510066874,1434503.0,5656765.42577576,SUP
SUP_58,16332,9137,0.5594538329659564,0.0002188902265513845,9121,3.5241302836762665,2306518.0,8173672.269234979,SUP
SUP_59,16332,9007,0.5514939995101641,0.00022204951704230043,8991,3.555303205691214,2255934.0,8076976.228822027,SUP
SUP_6,16332,9017,0.5521062943913789,0.00022180326050792945,8999,3.6740133356293008,2151174.0,8127678.603083066,SUP
SUP_60,16332,9120,0.5584129316678913,0.0002192982456140351,9099,3.622794011127331,1965921.0,6705426.928179825,SUP
SUP_62,16332,9286,0.5685770266960568,0.00021537798836958864,9276,3.6940698172668367,1771822.0,6478955.980077536,SUP
SUP_63,16332,9051,0.5541880969875091,0.00033145508783559825,9034,3.563982401523243,1964060.0,7197049.584244835,SUP
SUP_64,16332,9166,0.5612294881214793,0.0002181976871045167,9142,3.4950025800273776,1753650.0,6027903.569932358,SUP
SUP_66,16332,9013,0.551861376438893,0.00022190169754798624,8994,3.4107122771264193,2355764.0,8203556.401974925,SUP
SUP_67,16332,9096,0.5569434239529758,0.00021987686895338611,9075,3.573881236144503,2129373.0,7664106.3179419525,SUP
SUP_68,16332,9349,0.5724344844477101,0.0002139266231682533,9328,3.7736365177105036,1812034.0,6403968.436196385,SUP
SUP_69,16332,9215,0.5642297330394318,0.0002170374389582203,9192,3.5917684602658957,1779832.0,6464299.652848616,SUP
SUP_7,16332,8831,0.5407176096007837,0.0003397123768542634,8819,3.7143196836722363,2059860.0,7483933.26339033,SUP
SUP_72,16332,9019,0.5522287533676219,0.00022175407473112318,8998,3.372398884641758,2027783.0,7125962.849428983,SUP
SUP_73,16332,9029,0.5528410482488366,0.00022150847269908073,9012,3.221856582440219,2332393.0,8070953.800420866,SUP
SUP_74,16332,9121,0.5584741611560128,0.0003289113035851332,9098,3.4986144695660797,1982538.0,7180608.55257099,SUP
SUP_75,16332,9025,0.5525961302963507,0.00022160664819944597,9009,3.543649266035197,2104232.0,7341414.477562327,SUP
SUP_76,16332,8970,0.5492285084496693,0.00033444816053511704,8948,3.4654561297464777,2101874.5,7658817.314715719,SUP
SUP_77,16332,8968,0.5491060494734264,0.00022301516503122213,8945,3.4382100767455843,2117875.5,7847868.58719893,SUP
SUP_78,16332,9160,0.5608621111927504,0.0002183406113537118,9131,4.19149398819198,1212563.5,4658592.874672489,SUP
SUP_79,16332,9002,0.5511878520695567,0.00022217285047767163,8978,3.5653558549582023,1921673.5,6554489.99688958,SUP
SUP_8,16332,8775,0.5372887582659809,0.0002279202279202279,8756,3.834522771155793,1917870.0,6467821.186894587,SUP
SUP_80,16332,9209,0.5638623561107029,0.0002171788467803236,9185,3.9014976071761045,1484260.0,5439087.769790422,SUP
SUP_81,16332,9230,0.565148175361254,0.00021668472372697725,9209,3.5881383146146266,1968456.5,7187928.358396533,SUP
SUP_83,16332,9167,0.5612907176096008,0.00021817388458601506,9152,3.5827399845173975,2017224.0,7008580.945129268,SUP
SUP_86,16332,9166,0.5612294881214793,0.0002181976871045167,9140,3.368087199436861,2093481.0,7092303.560549858,SUP
SUP_89,16332,9109,0.557739407298555,0.0002195630694917115,9080,4.0021719589078515,1370461.0,5095616.096168624,SUP
SUP_9,16332,9255,0.5666789125642909,0.00021609940572663426,9229,3.8400403539633774,1704147.0,6199748.706212858,SUP
SUP_95,16332,9240,0.5657604702424688,0.00021645021645021645,9222,3.990523340522618,1363818.5,4974342.282575757,SUP
SUP_97,16332,9127,0.5588415380847416,0.00021913005368686317,9102,3.973734521061197,1461569.0,5520141.240495234,SUP
SUP_98,16332,9025,0.5525961302963507,0.00022160664819944597,9002,3.470927275604844,1787442.0,6434592.455955679,SUP
SUP_99,16332,9236,0.5655155522899828,0.00021654395842355997,9217,3.458595646323057,1719491.0,6064011.4578822,SUP
