sample_id,sample_type,n_unique,prop_unique,n_nonzero,prop_nonzero,mode_count,mode_proportion,entropy
C_1,C,6364.0,0.3896644624050943,6402.0,0.3919911829537105,9930.0,0.6080088170462895,4.101873488028528
C_100,C,6699.0,0.41017634092578986,6756.0,0.4136664217487142,9576.0,0.5863335782512858,4.321028969284182
C_104,C,6415.0,0.3927871662992897,6456.0,0.3952975753122704,9876.0,0.6047024246877296,4.1352819189336465
C_106,C,5970.0,0.36554004408523144,6012.0,0.3681116825863336,10320.0,0.6318883174136665,3.8573889669928048
C_107,C,5679.0,0.347722263041881,5710.0,0.3496203771736468,10622.0,0.6503796228263532,3.6687018041584514
C_108,C,5348.0,0.32745530247367133,5375.0,0.3291084986529513,10957.0,0.6708915013470488,3.458050264520061
C_109,C,5757.0,0.35249816311535637,5799.0,0.3550698016164585,10533.0,0.6449301983835415,3.723682469968247
C_11,C,6377.0,0.3904604457506735,6422.0,0.3932157727161401,9910.0,0.60678422728386,4.113740915821516
C_113,C,6664.0,0.4080333088415381,6722.0,0.4115846191525839,9610.0,0.5884153808474161,4.299742642338863
C_115,C,5539.0,0.3391501347048739,5565.0,0.34074210139603234,10767.0,0.6592578986039677,3.5778799516610267
C_116,C,5768.0,0.35317168748469263,5792.0,0.35464119519960813,10540.0,0.6453588048003919,3.720843768273233
C_117,C,5702.0,0.349130541268675,5732.0,0.3509674259123194,10600.0,0.6490325740876807,3.682620398045932
C_12,C,6340.0,0.3881949546901788,6387.0,0.3910727406318883,9945.0,0.6089272593681117,4.09170566301276
C_124,C,4862.0,0.2976977712466324,4911.0,0.30069801616458486,11421.0,0.6993019838354151,3.1628483645091183
C_125,C,4460.0,0.2730835170217977,4506.0,0.27590007347538575,11826.0,0.7240999265246143,2.9062102111792703
C_126,C,5650.0,0.34594660788635806,5697.0,0.3488243938280676,10635.0,0.6511756061719324,3.6591358761450024
C_127,C,5752.0,0.35219201567474895,5784.0,0.3541513592946363,10548.0,0.6458486407053637,3.715105336068751
C_129,C,5677.0,0.347599804065638,5719.0,0.35017144256674015,10613.0,0.6498285574332598,3.6734276855437265
C_13,C,6400.0,0.3918687239774675,6447.0,0.3947465099191771,9885.0,0.605253490080823,4.129216763983805
C_130,C,5740.0,0.3514572618172912,5778.0,0.3537839823659074,10554.0,0.6462160176340925,3.710857334974544
C_131,C,5663.0,0.3467425912319373,5700.0,0.349008082292432,10632.0,0.6509919177075679,3.661903538680842
C_133,C,5814.0,0.35598824393828066,5849.0,0.3581312760225325,10483.0,0.6418687239774675,3.755719071483693
C_134,C,5855.0,0.3584986529512613,5885.0,0.3603355375949057,10447.0,0.6396644624050943,3.778749924162442
C_135,C,4248.0,0.2601028655400441,4278.0,0.2619397501836885,12054.0,0.7380602498163116,2.762553614310601
C_14,C,6518.0,0.3990938035758021,6548.0,0.4009306882194465,9784.0,0.5990693117805536,4.193667043213027
C_142,C,5466.0,0.3346803820720059,5484.0,0.3357825128581925,10848.0,0.6642174871418075,3.5275348021847677
C_143,C,5674.0,0.34741611560127356,5695.0,0.34870193485182466,10637.0,0.6512980651481753,3.6601169478345907
C_144,C,5818.0,0.3562331618907666,5849.0,0.3581312760225325,10483.0,0.6418687239774675,3.756058599460162
C_148,C,5167.0,0.31637276512368356,5190.0,0.3177810433504776,11142.0,0.6822189566495224,3.341602288115732
C_15,C,6473.0,0.39633847661033555,6509.0,0.3985427381827088,9823.0,0.6014572618172912,4.168855402641238
C_150,C,5749.0,0.3520083272103845,5780.0,0.3539064413421504,10552.0,0.6460935586578497,3.712676409711235
C_151,C,5283.0,0.32347538574577517,5304.0,0.3247612049963262,11028.0,0.6752387950036738,3.413760846945113
C_152,C,5205.0,0.3186994856722998,5222.0,0.31974038697036494,11110.0,0.6802596130296351,3.362326202686873
C_153,C,5646.0,0.3457016899338722,5673.0,0.3473548861131521,10659.0,0.6526451138868479,3.6457692550568717
C_157,C,5876.0,0.35978447220181237,5906.0,0.36162135684545677,10426.0,0.6383786431545432,3.7919335096290117
C_158,C,5106.0,0.31263776634827334,5127.0,0.3139235855988244,11205.0,0.6860764144011756,3.301958084118348
C_159,C,5311.0,0.3251898114131766,5328.0,0.3262307127112417,11004.0,0.6737692872887583,3.429246741136774
C_161,C,5514.0,0.3376193975018369,5554.0,0.3400685770266961,10778.0,0.659931422973304,3.569764573855968
C_162,C,5347.0,0.32739407298554984,5374.0,0.3290472691648298,10958.0,0.6709527308351703,3.457419491938703
C_163,C,5277.0,0.32310800881704627,5311.0,0.3251898114131766,11021.0,0.6748101885868234,3.417043363616553
C_164,C,5953.0,0.3644991427871663,5994.0,0.36700955180014694,10338.0,0.6329904481998531,3.846217082288592
C_166,C,5530.0,0.3385990693117806,5552.0,0.3399461180504531,10780.0,0.660053881949547,3.5700329158973774
C_167,C,5164.0,0.3161890766593191,5194.0,0.3180259613029635,11138.0,0.6819740386970365,3.343535250055739
C_168,C,5632.0,0.34484447710017146,5657.0,0.34637521430320845,10675.0,0.6536247856967916,3.6358729809205084
C_169,C,5672.0,0.3472936566250306,5710.0,0.3496203771736468,10622.0,0.6503796228263532,3.668107630199631
C_170,C,6258.0,0.3831741366642175,6322.0,0.3870928239039922,10010.0,0.6129071760960079,4.049667381324733
C_171,C,6054.0,0.37068332108743574,6098.0,0.3733774185647808,10234.0,0.6266225814352192,3.9111600511660813
C_172,C,5948.0,0.3641929953465589,5993.0,0.36694832231202545,10339.0,0.6330516776879745,3.845186265754459
C_174,C,5809.0,0.3556820964976733,5843.0,0.3577638990938036,10489.0,0.6422361009061964,3.752035476377776
C_175,C,5566.0,0.3408033308841538,5586.0,0.3420279206465834,10746.0,0.6579720793534166,3.5916116620625145
C_176,C,5191.0,0.31784227283859906,5221.0,0.31967915748224346,11111.0,0.6803208425177566,3.3605911151461205
C_177,C,4496.0,0.275287778594171,4530.0,0.27736958119030125,11802.0,0.7226304188096988,2.9224779335990694
C_178,C,4022.0,0.24626500122458977,4042.0,0.24748959098701934,12290.0,0.7525104090129806,2.6130534544372654
C_179,C,5235.0,0.3205363703159442,5262.0,0.3221895664952241,11070.0,0.6778104335047759,3.386737722949197
C_18,C,6602.0,0.4042370805780064,6641.0,0.4066250306147441,9691.0,0.5933749693852559,4.250892774983999
C_181,C,5413.0,0.3314352192015675,5447.0,0.33351702179769777,10885.0,0.6664829782023022,3.502856998904883
C_182,C,5273.0,0.3228630908645604,5309.0,0.32506735243693363,11023.0,0.6749326475630664,3.415611335739037
C_183,C,5293.0,0.32408768062698995,5316.0,0.32549595885378396,11016.0,0.674504041146216,3.4211646662572868
C_186,C,6071.0,0.37172422238550085,6100.0,0.37349987754102376,10232.0,0.6265001224589762,3.913686449267442
C_188,C,4995.0,0.30584129316678915,5024.0,0.307616948322312,11308.0,0.692383051677688,3.2361396896055337
C_189,C,5320.0,0.3257408768062699,5338.0,0.32684300759245655,10994.0,0.6731569924075435,3.435471899536312
C_19,C,6613.0,0.40491060494734266,6649.0,0.4071148665197159,9683.0,0.5928851334802842,4.256165272749736
C_190,C,5085.0,0.31135194709772224,5104.0,0.31251530737203037,11228.0,0.6874846926279696,3.287587179130443
C_193,C,5453.0,0.33388439872642667,5472.0,0.33504775900073475,10860.0,0.6649522409992652,3.519855584200587
C_196,C,5608.0,0.3433749693852559,5640.0,0.3453343130051433,10692.0,0.6546656869948567,3.6245820326166474
C_197,C,5632.0,0.34484447710017146,5656.0,0.34631398481508696,10676.0,0.6536860151849131,3.6353286867548267
C_198,C,5781.0,0.35396767083027186,5805.0,0.35543717854518736,10527.0,0.6445628214548126,3.7290123994929085
C_199,C,4850.0,0.29696301738917463,4868.0,0.2980651481753612,11464.0,0.7019348518246388,3.1383065329002418
C_2,C,6233.0,0.3816433994611805,6273.0,0.38409257898603966,10059.0,0.6159074210139603,4.021060702222131
C_20,C,6866.0,0.4204016654420769,6915.0,0.4234019103600294,9417.0,0.5765980896399706,4.420575557110659
C_200,C,5544.0,0.33945628214548124,5573.0,0.34123193730100415,10759.0,0.6587680626989958,3.5826306752261035
C_201,C,5385.0,0.32972079353416606,5402.0,0.3307616948322312,10930.0,0.6692383051677688,3.4759278301599252
C_202,C,5107.0,0.3126989958363948,5118.0,0.3133725202057311,11214.0,0.686627479794269,3.297085382787686
C_204,C,5445.0,0.3333945628214548,5462.0,0.33443546411951997,10870.0,0.66556453588048,3.513754851366743
C_205,C,4943.0,0.3026573597844722,4962.0,0.3038207200587803,11370.0,0.6961792799412196,3.197750692274802
C_206,C,4965.0,0.30400440852314475,4983.0,0.30510653930933135,11349.0,0.6948934606906686,3.2111281266773255
C_207,C,5445.0,0.3333945628214548,5464.0,0.33455792309576293,10868.0,0.6654420769042371,3.514845639465816
C_209,C,5194.0,0.3180259613029635,5216.0,0.31937301004163604,11116.0,0.6806269899583639,3.358111980362194
C_21,C,6579.0,0.4028288023512123,6621.0,0.40540044085231447,9711.0,0.5945995591476855,4.2381718267218735
C_210,C,5265.0,0.3223732549595885,5287.0,0.3237203036982611,11045.0,0.6762796963017389,3.4029453535350713
C_211,C,5397.0,0.3304555473916238,5418.0,0.33174136664217485,10914.0,0.6682586333578251,3.485677484314337
C_213,C,5490.0,0.3361498897869214,5503.0,0.33694587313250063,10829.0,0.6630541268674994,3.539931187689768
C_214,C,4951.0,0.30314719568944404,4963.0,0.3038819495469018,11369.0,0.6961180504530982,3.1989778988062945
C_216,C,5107.0,0.3126989958363948,5125.0,0.3138011266225814,11207.0,0.6861988733774186,3.300948438771578
C_217,C,5125.0,0.3138011266225814,5142.0,0.3148420279206466,11190.0,0.6851579720793534,3.3117791000725094
C_218,C,5198.0,0.31827087925544945,5220.0,0.319617927994122,11112.0,0.6803820720058781,3.3606385439711204
C_219,C,5280.0,0.3232916972814107,5299.0,0.32445505755571885,11033.0,0.6755449424442812,3.410774715207051
C_22,C,7012.0,0.42934117070781286,7053.0,0.4318515797207935,9279.0,0.5681484202792064,4.506990861632937
C_220,C,5002.0,0.3062698995836395,5016.0,0.3071271124173402,11316.0,0.6928728875826599,3.2323511425228766
C_222,C,5048.0,0.3090864560372275,5070.0,0.3104335047759001,11262.0,0.6895664952241,3.2658323486691843
C_223,C,4779.0,0.29261572373254957,4798.0,0.2937790840068577,11534.0,0.7062209159931423,3.093860834571636
C_225,C,4518.0,0.2766348273328435,4545.0,0.27828802351212345,11787.0,0.7217119764878765,2.9326333402076807
C_227,C,5152.0,0.31545432280186136,5168.0,0.31643399461180505,11164.0,0.683566005388195,3.3282956437987288
C_228,C,5099.0,0.31220915993142295,5112.0,0.3130051432770022,11220.0,0.6869948567229978,3.293154422585431
C_229,C,4886.0,0.2991672789615479,4901.0,0.3000857212833701,11431.0,0.6999142787166299,3.1594650678090916
C_231,C,5354.0,0.3278226794024002,5361.0,0.32825128581925056,10971.0,0.6717487141807494,3.450916579972573
C_232,C,5400.0,0.33063923585598826,5419.0,0.33180259613029633,10913.0,0.6681974038697036,3.486477774521064
C_233,C,5536.0,0.3389664462405094,5560.0,0.3404359539554249,10772.0,0.6595640460445751,3.574901150959805
C_234,C,5818.0,0.3562331618907666,5841.0,0.3576414401175606,10491.0,0.6423585598824394,3.75171297257382
C_235,C,4736.0,0.289982855743326,4747.0,0.29065638011266226,11585.0,0.7093436198873377,3.0622034784093137
C_236,C,5164.0,0.3161890766593191,5179.0,0.3171075189811413,11153.0,0.6828924810188587,3.335331267073198
C_237,C,5236.0,0.32059759980406566,5258.0,0.3219446485427382,11074.0,0.6780553514572618,3.3846364966133367
C_238,C,4880.0,0.29879990203281903,4898.0,0.2999020328190056,11434.0,0.7000979671809944,3.1573103090751857
C_239,C,4907.0,0.3004530982120989,4921.0,0.30131031104579964,11411.0,0.6986896889542004,3.1722161355539784
C_24,C,6966.0,0.42652461425422483,7013.0,0.42940240019593434,9319.0,0.5705975998040657,4.481652620997377
C_240,C,5466.0,0.3346803820720059,5483.0,0.335721283370071,10849.0,0.664278716629929,3.5269895237290307
C_244,C,6408.0,0.3923585598824394,6473.0,0.39633847661033555,9859.0,0.6036615233896645,4.143890859879946
C_245,C,6321.0,0.3870315944158707,6402.0,0.3919911829537105,9930.0,0.6080088170462895,4.09812744763348
C_246,C,5481.0,0.33559882439382804,5504.0,0.3370071026206221,10828.0,0.6629928973793779,3.5397124152132475
C_249,C,5240.0,0.32084251775655154,5259.0,0.32200587803085967,11073.0,0.6779941219691403,3.38552255996723
C_25,C,6687.0,0.4094415870683321,6724.0,0.41170707812882684,9608.0,0.5882929218711731,4.302770627575999
C_253,C,5101.0,0.3123316189076659,5116.0,0.3132500612294881,11216.0,0.6867499387705118,3.2955135033857275
C_254,C,4928.0,0.30173891746265,4943.0,0.3026573597844722,11389.0,0.6973426402155278,3.1860615787259268
C_255,C,4871.0,0.2982488366397257,4892.0,0.2995346558902768,11440.0,0.7004653441097233,3.1532552930163775
C_256,C,5161.0,0.3160053881949547,5175.0,0.3168626010286554,11157.0,0.6831373989713446,3.332888683608507
C_257,C,5207.0,0.31882194464854274,5228.0,0.3201077638990938,11104.0,0.6798922361009062,3.365776288661106
C_258,C,4918.0,0.30112662258143524,4936.0,0.30222875336762184,11396.0,0.6977712466323781,3.181374838565308
C_26,C,6442.0,0.3944403624785697,6488.0,0.39725691893215775,9844.0,0.6027430810678422,4.154899521962353
C_262,C,5761.0,0.35274308106784225,5787.0,0.3543350477590007,10545.0,0.6456649522409993,3.7175319615642506
C_263,C,5188.0,0.3176585843742346,5208.0,0.3188831741366642,11124.0,0.6811168258633358,3.353228352769219
C_264,C,5290.0,0.3239039921626255,5310.0,0.3251285819250551,11022.0,0.6748714180749449,3.4176326205831593
C_265,C,5149.0,0.3152706343374969,5164.0,0.3161890766593191,11168.0,0.6838109233406808,3.3258528189382477
C_267,C,5182.0,0.31729120744550576,5196.0,0.3181484202792065,11136.0,0.6818515797207936,3.346156896928899
C_268,C,5137.0,0.31453588048003916,5157.0,0.3157604702424688,11175.0,0.6842395297575312,3.3210047109115552
C_27,C,6362.0,0.3895420034288513,6399.0,0.39180749448934604,9933.0,0.608192505510654,4.100084111175102
C_271,C,5361.0,0.32825128581925056,5380.0,0.32941464609355864,10952.0,0.6705853539064414,3.461883099547163
C_272,C,5230.0,0.32023022287533676,5248.0,0.3213323536615234,11084.0,0.6786676463384766,3.3786615468550663
C_274,C,5273.0,0.3228630908645604,5300.0,0.32451628704384033,11032.0,0.6754837129561597,3.410694811284718
C_276,C,6136.0,0.375704139113397,6172.0,0.37790840068577025,10160.0,0.6220915993142297,3.9581903519634447
C_277,C,6264.0,0.38354151359294636,6311.0,0.38641929953465587,10021.0,0.6135807004653441,4.044232420144295
C_279,C,6402.0,0.3919911829537105,6457.0,0.39535880480039187,9875.0,0.6046411951996081,4.134750015954259
C_28,C,6885.0,0.421565025716385,6932.0,0.42444281165809455,9400.0,0.5755571883419055,4.43134184864736
C_280,C,6479.0,0.3967058535390644,6529.0,0.39976732794513836,9803.0,0.6002326720548616,4.180147414152851
C_281,C,5924.0,0.3627234876316434,5967.0,0.365356355620867,10365.0,0.634643644379133,3.8291105138933914
C_283,C,6278.0,0.3843987264266471,6339.0,0.3881337252020573,9993.0,0.6118662747979426,4.060550138152145
C_285,C,6220.0,0.3808474161156013,6256.0,0.38305167768797455,10076.0,0.6169483223120255,4.010733234782484
C_286,C,6491.0,0.39744060739652215,6542.0,0.4005633112907176,9790.0,0.5994366887092824,4.188173426340017
C_289,C,6684.0,0.40925789860396766,6742.0,0.4128092089150135,9590.0,0.5871907910849865,4.3121961282112755
C_29,C,8437.0,0.5165931912809208,8505.0,0.5207567964731815,7827.0,0.47924320352681854,5.3984162441900985
C_290,C,6845.0,0.41911584619152586,6904.0,0.4227283859906931,9428.0,0.5772716140093069,4.412889889607234
C_293,C,6343.0,0.38837864315454323,6400.0,0.3918687239774675,9932.0,0.6081312760225325,4.099011230407015
C_295,C,6144.0,0.3761939750183688,6213.0,0.3804188096987509,10119.0,0.619581190301249,3.9810561490306697
C_296,C,6050.0,0.3704384031349498,6099.0,0.3734386480529023,10233.0,0.6265613519470977,3.9113301900660598
C_298,C,6829.0,0.4181361743815822,6898.0,0.4223610090619642,9434.0,0.5776389909380357,4.408247472380095
C_299,C,6361.0,0.38948077394072983,6412.0,0.3926034778349253,9920.0,0.6073965221650747,4.107017150705335
C_3,C,6227.0,0.38127602253245163,6269.0,0.3838476610335538,10063.0,0.6161523389664463,4.018388753516163
C_30,C,8092.0,0.49546901787901054,8166.0,0.5,8166.0,0.5,5.190615412025583
C_300,C,6328.0,0.38746020083272104,6386.0,0.39101151114376687,9946.0,0.6089884888562331,4.09017916009234
C_303,C,5898.0,0.36113152094048495,5947.0,0.36413176585843743,10385.0,0.6358682341415626,3.8160526638132537
C_304,C,6230.0,0.3814597109968161,6275.0,0.3842150379622826,10057.0,0.6157849620377174,4.021855309874617
C_307,C,6115.0,0.37441831986284596,6168.0,0.3776634827332844,10164.0,0.6223365172667157,3.9542106887153166
C_308,C,6458.0,0.39542003428851336,6520.0,0.39921626255204506,9812.0,0.6007837374479549,4.173480939136503
C_309,C,6134.0,0.37558168013715404,6196.0,0.37937790840068575,10136.0,0.6206220915993143,3.9709771424506806
C_31,C,7169.0,0.4389542003428851,7219.0,0.4420156747489591,9113.0,0.5579843252510409,4.609153720164695
C_313,C,6502.0,0.3981141317658584,6551.0,0.40111437668381095,9781.0,0.5988856233161891,4.1938937292390275
C_317,C,6096.0,0.3732549595885378,6138.0,0.37582659808964,10194.0,0.6241734019103601,3.9363886256735037
C_318,C,5897.0,0.36107029145236347,5944.0,0.363948077394073,10388.0,0.636051922605927,3.8143399405626384
C_32,C,6477.0,0.39658339456282143,6532.0,0.3999510164095028,9800.0,0.6000489835904972,4.181530766302256
C_322,C,4594.0,0.2812882684300759,4624.0,0.2831251530737203,11708.0,0.7168748469262797,2.9825464620959883
C_33,C,6540.0,0.4004408523144746,6577.0,0.4027063433749694,9755.0,0.5972936566250306,4.211193539506883
C_334,C,6852.0,0.4195444526083762,6917.0,0.42352436933627235,9415.0,0.5764756306637276,4.420492462114623
C_36,C,7246.0,0.44366887092823903,7299.0,0.44691403379867745,9033.0,0.5530859662013226,4.658436440709576
C_38,C,7689.0,0.47079353416605435,7734.0,0.47354886113152095,8598.0,0.526451138868479,4.927705455821446
C_39,C,6038.0,0.36970364927749205,6072.0,0.37178545187362233,10260.0,0.6282145481263777,3.895715508549631
C_4,C,6268.0,0.3837864315454323,6302.0,0.38586823414156257,10030.0,0.6141317658584374,4.039675880111478
C_40,C,6261.0,0.3833578251285819,6292.0,0.3852559392603478,10040.0,0.6147440607396523,4.033708686899439
C_41,C,6414.0,0.39272593681116824,6458.0,0.39542003428851336,9874.0,0.6045799657114866,4.1363401566273446
C_42,C,6278.0,0.3843987264266471,6310.0,0.3863580700465344,10022.0,0.6136419299534656,4.044848306523468
C_45,C,9016.0,0.5520450649032574,9084.0,0.556208670095518,7248.0,0.443791329904482,5.750393150104698
C_47,C,7776.0,0.4761204996326231,7844.0,0.48028410482488365,8488.0,0.5197158951751163,4.993397548515171
C_48,C,8390.0,0.5137154053392113,8460.0,0.5180014695077149,7872.0,0.4819985304922851,5.370780824125781
C_49,C,7772.0,0.47587558168013716,7840.0,0.48003918687239777,8492.0,0.5199608131276022,4.990936945371194
C_5,C,6498.0,0.39786921381337254,6546.0,0.40080822924320353,9786.0,0.5991917707567965,4.1908274048417375
C_50,C,7053.0,0.4318515797207935,7094.0,0.4343619887337742,9238.0,0.5656380112662258,4.5324295764237945
C_51,C,8846.0,0.5416360519226059,8918.0,0.5460445750673525,7414.0,0.45395542493264757,5.6494306647791595
C_52,C,8913.0,0.5457384276267451,8969.0,0.5491672789615479,7363.0,0.4508327210384521,5.681727516355127
C_53,C,6960.0,0.426157237325496,7003.0,0.42879010531471956,9329.0,0.5712098946852804,4.475751229225251
C_54,C,6924.0,0.4239529757531227,6964.0,0.42640215527798186,9368.0,0.5735978447220181,4.451817010649508
C_55,C,6999.0,0.4285451873622336,7047.0,0.4314842027920647,9285.0,0.5685157972079353,4.502673017332753
C_56,C,6688.0,0.4095028165564536,6742.0,0.4128092089150135,9590.0,0.5871907910849865,4.312535656187745
C_57,C,7707.0,0.471895664952241,7774.0,0.47599804065638013,8558.0,0.5240019593436199,4.950437298392858
C_58,C,7254.0,0.44415870683321085,7310.0,0.4475875581680137,9022.0,0.5524124418319862,4.664957760407804
C_59,C,7349.0,0.4499755082047514,7412.0,0.4538329659564046,8920.0,0.5461670340435953,4.72748514413618
C_6,C,6065.0,0.371356845456772,6102.0,0.37362233651726673,10230.0,0.6263776634827333,3.914260537567638
C_60,C,7288.0,0.4462405094293412,7345.0,0.44973059025226547,8987.0,0.5502694097477345,4.6865612790716815
C_62,C,7241.0,0.4433627234876316,7290.0,0.44636296840558415,9042.0,0.5536370315944159,4.6532051735765965
C_63,C,6446.0,0.3946852804310556,6486.0,0.3971344599559148,9846.0,0.6028655400440852,4.154160379276535
C_64,C,6804.0,0.4166054371785452,6846.0,0.4191770756796473,9486.0,0.5808229243203527,4.378303115292866
C_66,C,7373.0,0.4514450159196669,7412.0,0.4538329659564046,8920.0,0.5461670340435953,4.729522311994994
C_67,C,6570.0,0.402277736958119,6605.0,0.4044207690423708,9727.0,0.5955792309576292,4.228823180934041
C_68,C,6314.0,0.3866029879990203,6341.0,0.38825618417830027,9991.0,0.6117438158216997,4.0646863755745795
C_69,C,6446.0,0.3946852804310556,6473.0,0.39633847661033555,9859.0,0.6036615233896645,4.147148413872402
C_7,C,6225.0,0.38115356355620866,6268.0,0.3837864315454323,10064.0,0.6162135684545678,4.0176462719135575
C_72,C,7124.0,0.4361988733774186,7172.0,0.4391378888072496,9160.0,0.5608621111927504,4.580168166094472
C_73,C,6979.0,0.42732059759980406,7019.0,0.42976977712466324,9313.0,0.5702302228753368,4.485971808541988
C_74,C,6784.0,0.4153808474161156,6837.0,0.418626010286554,9495.0,0.581373989713446,4.371771666348071
C_75,C,6443.0,0.39450159196669116,6474.0,0.39639970609845704,9858.0,0.603600293901543,4.147401148908964
C_76,C,6253.0,0.3828679892236101,6286.0,0.3848885623316189,10046.0,0.6151114376683811,4.0297863036954364
C_77,C,6238.0,0.3819495469017879,6268.0,0.3837864315454323,10064.0,0.6162135684545678,4.018749737837082
C_78,C,6006.0,0.3677443056576047,6048.0,0.37031594415870683,10284.0,0.6296840558412932,3.879928768280377
C_79,C,6889.0,0.4218099436688709,6933.0,0.42450404114621604,9399.0,0.575495958853784,4.432185838371931
C_8,C,5544.0,0.33945628214548124,5585.0,0.3419666911584619,10747.0,0.6580333088415381,3.589167519936889
C_80,C,6957.0,0.42597354886113153,7001.0,0.4286676463384766,9331.0,0.5713323536615234,4.474424492141893
C_81,C,6427.0,0.3935219201567475,6463.0,0.3957261817291207,9869.0,0.6042738182708792,4.140141122160456
C_83,C,6941.0,0.42499387705118785,6982.0,0.4275042860641685,9350.0,0.5724957139358315,4.462912244679085
C_86,C,6556.0,0.4014205241244183,6588.0,0.4033798677443057,9744.0,0.5966201322556943,4.218477774700238
C_89,C,6079.0,0.3722140582904727,6119.0,0.37466323781533184,10213.0,0.6253367621846682,3.9246246124241893
C_9,C,6158.0,0.37705118785206954,6192.0,0.37913299044819987,10140.0,0.6208670095518002,3.97088182448645
C_95,C,6920.0,0.4237080578006368,6958.0,0.426034778349253,9374.0,0.573965221650747,4.448259598501503
C_97,C,5914.0,0.3621111927504286,5941.0,0.3637643889297085,10391.0,0.6362356110702915,3.8141550401578646
C_98,C,6571.0,0.4023389664462405,6613.0,0.40491060494734266,9719.0,0.5950893950526573,4.2332166375558735
C_99,C,6085.0,0.37258143521920156,6120.0,0.3747244673034533,10212.0,0.6252755326965467,3.925707521920206
SUP_1,SUP,8975.0,0.5495346558902767,8998.0,0.5509429341170707,7334.0,0.4490570658829292,5.702111602017801
SUP_100,SUP,9188.0,0.5625765368601519,9215.0,0.5642297330394318,7117.0,0.4357702669605682,5.833116499218208
SUP_104,SUP,9085.0,0.5562698995836395,9106.0,0.5575557188341905,7226.0,0.44244428116580947,5.767700820847896
SUP_106,SUP,9116.0,0.5581680137154054,9147.0,0.5600661278471712,7185.0,0.4399338721528288,5.791661361286413
SUP_107,SUP,9066.0,0.5551065393093314,9096.0,0.5569434239529758,7236.0,0.44305657604702425,5.760883655552515
SUP_108,SUP,8964.0,0.5488611315209405,8986.0,0.550208180259613,7346.0,0.44979181974038696,5.694889579978837
SUP_109,SUP,9069.0,0.5552902277736959,9089.0,0.5565148175361254,7243.0,0.4434851824638746,5.757494712803846
SUP_11,SUP,8989.0,0.5503918687239775,9000.0,0.5510653930933137,7332.0,0.44893460690668624,5.7043425467544315
SUP_113,SUP,9192.0,0.5628214548126378,9210.0,0.5639235855988244,7122.0,0.4360764144011756,5.830858580955528
SUP_115,SUP,9110.0,0.5578006367866765,9135.0,0.5593313739897134,7197.0,0.44066862601028656,5.784910856209327
SUP_116,SUP,8984.0,0.5500857212833701,9010.0,0.5516776879745285,7322.0,0.44832231202547146,5.709130619636788
SUP_117,SUP,9088.0,0.5564535880480039,9109.0,0.557739407298555,7223.0,0.442260592701445,5.769516623872519
SUP_12,SUP,9003.0,0.5512490815576782,9020.0,0.5522899828557434,7312.0,0.4477100171442567,5.715955024137761
SUP_124,SUP,9056.0,0.5544942444281166,9081.0,0.5560249816311535,7251.0,0.44397501836884645,5.752226638280169
SUP_125,SUP,9041.0,0.5535758021062944,9061.0,0.554800391868724,7271.0,0.445199608131276,5.740539523771133
SUP_126,SUP,9146.0,0.5600048983590498,9160.0,0.5608621111927504,7172.0,0.4391378888072496,5.80096775044953
SUP_127,SUP,9212.0,0.5640460445750674,9232.0,0.5652706343374969,7100.0,0.4347293656625031,5.843983374572799
SUP_129,SUP,9301.0,0.5694954690178791,9321.0,0.5707200587803086,7011.0,0.42927994121969143,5.897723170546963
SUP_13,SUP,8912.0,0.5456771981386236,8934.0,0.5470242468772961,7398.0,0.4529757531227039,5.663383355162266
SUP_130,SUP,9034.0,0.553147195689444,9050.0,0.5541268674993877,7282.0,0.4458731325006123,5.734216276900231
SUP_131,SUP,9061.0,0.554800391868724,9076.0,0.5557188341905461,7256.0,0.4442811658094538,5.750047893398604
SUP_133,SUP,9163.0,0.5610457996571149,9182.0,0.562209159931423,7150.0,0.43779084006857705,5.813847336532575
SUP_134,SUP,8966.0,0.5489835904971835,8985.0,0.5501469507714916,7347.0,0.44985304922850844,5.694569971154026
SUP_135,SUP,8988.0,0.550330639235856,9015.0,0.551983835415136,7317.0,0.4480161645848641,5.712076075521061
SUP_14,SUP,8950.0,0.5480039186872397,8965.0,0.548922361009062,7367.0,0.45107763899093806,5.682749851829497
SUP_142,SUP,9145.0,0.5599436688709283,9166.0,0.5612294881214793,7166.0,0.4387705118785207,5.804002349375157
SUP_143,SUP,9117.0,0.5582292432035268,9142.0,0.5597599804065638,7190.0,0.44024001959343617,5.789145886831895
SUP_144,SUP,9123.0,0.5585966201322556,9140.0,0.5596375214303209,7192.0,0.44036247856967914,5.788614976597387
SUP_148,SUP,9041.0,0.5535758021062944,9064.0,0.5549840803330884,7268.0,0.44501591966691156,5.7421018214243595
SUP_15,SUP,8955.0,0.5483100661278472,8968.0,0.5491060494734264,7364.0,0.4508939505265736,5.684771007555988
SUP_150,SUP,9134.0,0.559270144501592,9158.0,0.5607396522165075,7174.0,0.43926034778349254,5.798909271235802
SUP_151,SUP,9100.0,0.5571883419054616,9120.0,0.5584129316678913,7212.0,0.44158706833210876,5.776258797318824
SUP_152,SUP,9211.0,0.5639848150869459,9236.0,0.5655155522899828,7096.0,0.43448444771001715,5.845975708831157
SUP_153,SUP,8897.0,0.5447587558168013,8924.0,0.5464119519960813,7408.0,0.45358804800391866,5.656891324022676
SUP_157,SUP,9204.0,0.5635562086700955,9227.0,0.5649644868968895,7105.0,0.43503551310311045,5.840707604276254
SUP_158,SUP,9057.0,0.554555473916238,9080.0,0.5559637521430321,7252.0,0.44403624785696794,5.751790906187763
SUP_159,SUP,8936.0,0.5471467058535391,8957.0,0.5484325251040901,7375.0,0.45156747489590987,5.677420623072759
SUP_161,SUP,8956.0,0.5483712956159686,8979.0,0.5497795738427627,7353.0,0.45022042615723734,5.690592510065418
SUP_162,SUP,9060.0,0.5547391623806025,9079.0,0.5559025226549106,7253.0,0.4440974773450894,5.751524929640476
SUP_163,SUP,8940.0,0.547391623806025,8968.0,0.5491060494734264,7364.0,0.4508939505265736,5.683497777644229
SUP_164,SUP,9163.0,0.5610457996571149,9192.0,0.5628214548126378,7140.0,0.4371785451873622,5.8190444181194145
SUP_166,SUP,9053.0,0.5543105559637521,9073.0,0.5555351457261817,7259.0,0.44446485427381827,5.747806843263511
SUP_167,SUP,9045.0,0.5538207200587804,9069.0,0.5552902277736959,7263.0,0.4447097722263042,5.745045010316792
SUP_168,SUP,8965.0,0.548922361009062,8981.0,0.5499020328190056,7351.0,0.4500979671809944,5.692399361715613
SUP_169,SUP,8886.0,0.5440852314474651,8905.0,0.5452485917217732,7427.0,0.4547514082782268,5.646039623579217
SUP_170,SUP,9120.0,0.5584129316678913,9147.0,0.5600661278471712,7185.0,0.4399338721528288,5.792000889262882
SUP_171,SUP,9107.0,0.557616948322312,9127.0,0.5588415380847416,7205.0,0.44115846191525837,5.780494720747818
SUP_172,SUP,9072.0,0.5554739162380602,9097.0,0.5570046534410973,7235.0,0.44299534655890277,5.761913426355282
SUP_174,SUP,9024.0,0.5525349008082292,9044.0,0.5537594905706589,7288.0,0.4462405094293412,5.7302420791746185
SUP_175,SUP,9031.0,0.5529635072250796,9057.0,0.554555473916238,7275.0,0.44544452608376195,5.737607522402964
SUP_176,SUP,8907.0,0.5453710506980162,8939.0,0.5473303943179035,7393.0,0.4526696056820965,5.665568035506995
SUP_177,SUP,8786.0,0.5379622826353172,8811.0,0.5394930198383542,7521.0,0.4605069801616459,5.5884397931452
SUP_178,SUP,8841.0,0.5413299044819986,8862.0,0.5426157237325496,7470.0,0.45738427626745043,5.619762959526063
SUP_179,SUP,9009.0,0.5516164584864071,9030.0,0.5529022777369581,7302.0,0.4470977222630419,5.721675125331361
SUP_18,SUP,8914.0,0.5457996571148666,8934.0,0.5470242468772961,7398.0,0.4529757531227039,5.6635531191505
SUP_181,SUP,8949.0,0.5479426891991183,8976.0,0.5495958853783982,7356.0,0.45040411462160174,5.688433903101141
SUP_182,SUP,9151.0,0.5603110457996571,9173.0,0.5616580945383297,7159.0,0.43834190546167034,5.808150646955874
SUP_183,SUP,8987.0,0.5502694097477345,9014.0,0.5519226059270145,7318.0,0.4480773940729855,5.711470024677037
SUP_186,SUP,8794.0,0.538452118540289,8819.0,0.5399828557433259,7513.0,0.460017144256674,5.593301375668239
SUP_188,SUP,8916.0,0.5459221160911095,8938.0,0.547269164829782,7394.0,0.452730835170218,5.665810171950687
SUP_189,SUP,8911.0,0.5456159686505021,8932.0,0.5469017879010531,7400.0,0.45309821209894685,5.6622547790987445
SUP_19,SUP,8956.0,0.5483712956159686,8971.0,0.5492897379377908,7361.0,0.45071026206220915,5.686420522257658
SUP_190,SUP,9008.0,0.5515552289982856,9036.0,0.553269654665687,7296.0,0.446730345334313,5.724716326453398
SUP_193,SUP,8963.0,0.548799902032819,8996.0,0.5508204751408278,7336.0,0.4491795248591722,5.700050387874538
SUP_196,SUP,8906.0,0.5453098212098947,8924.0,0.5464119519960813,7408.0,0.45358804800391866,5.657655261969731
SUP_197,SUP,8895.0,0.5446362968405584,8927.0,0.5465956404604457,7405.0,0.45340435953955427,5.6582872872394505
SUP_198,SUP,8984.0,0.5500857212833701,9003.0,0.5512490815576782,7329.0,0.44875091844232184,5.7054819693770265
SUP_199,SUP,8839.0,0.5412074455057556,8860.0,0.5424932647563067,7472.0,0.45750673524369334,5.618548315575317
SUP_2,SUP,8919.0,0.5461058045554739,8935.0,0.5470854763654176,7397.0,0.4529145236345824,5.66449936374161
SUP_20,SUP,9060.0,0.5547391623806025,9074.0,0.5555963752143032,7258.0,0.4444036247856968,5.7489216903862435
SUP_200,SUP,8968.0,0.5491060494734264,8999.0,0.5510041636051922,7333.0,0.4489958363948077,5.7020387306434035
SUP_201,SUP,9393.0,0.5751285819250551,9422.0,0.576904237080578,6910.0,0.42309576291942197,5.957860996898679
SUP_202,SUP,8900.0,0.5449424442811658,8920.0,0.5461670340435953,7412.0,0.4538329659564046,5.655058218022411
SUP_204,SUP,8895.0,0.5446362968405584,8919.0,0.5461058045554739,7413.0,0.4538941954445261,5.654111849401236
SUP_205,SUP,8860.0,0.5424932647563067,8878.0,0.5435953955424933,7454.0,0.45640460445750675,5.62973357604872
SUP_206,SUP,8906.0,0.5453098212098947,8935.0,0.5470854763654176,7397.0,0.4529145236345824,5.663395897818087
SUP_207,SUP,8803.0,0.5390031839333823,8824.0,0.5402890031839334,7508.0,0.45971099681606664,5.596679127888148
SUP_209,SUP,8855.0,0.5421871173156992,8887.0,0.5441464609355866,7445.0,0.45585353906441345,5.634009537738544
SUP_21,SUP,8978.0,0.5497183443546412,9001.0,0.5511266225814352,7331.0,0.44887337741856476,5.703930130702716
SUP_210,SUP,8688.0,0.5319617927994122,8714.0,0.5335537594905707,7618.0,0.46644624050942934,5.529366926801461
SUP_211,SUP,8635.0,0.5287166299289738,8674.0,0.5311045799657115,7658.0,0.4688954200342885,5.503916440814653
SUP_213,SUP,8904.0,0.5451873622336517,8935.0,0.5470854763654176,7397.0,0.4529145236345824,5.663226133829853
SUP_214,SUP,9462.0,0.5793534166054372,9482.0,0.5805780063678667,6850.0,0.4194219936321332,5.9947614856494384
SUP_216,SUP,8708.0,0.5331863825618418,8730.0,0.5345334313005143,7602.0,0.46546656869948566,5.539441665783043
SUP_217,SUP,8777.0,0.5374112172422238,8801.0,0.5388807249571393,7531.0,0.46111927504286065,5.582446964347991
SUP_218,SUP,8748.0,0.5356355620867009,8769.0,0.536921381337252,7563.0,0.46307861866274797,5.563247477526062
SUP_219,SUP,8813.0,0.5396154788145971,8838.0,0.5411462160176341,7494.0,0.4588537839823659,5.604845542713464
SUP_22,SUP,8792.0,0.538329659564046,8814.0,0.5396767083027186,7518.0,0.4603232916972814,5.590517593662
SUP_220,SUP,8809.0,0.5393705608621112,8847.0,0.5416972814107274,7485.0,0.4583027185892726,5.609209337421043
SUP_222,SUP,8847.0,0.5416972814107274,8865.0,0.5427994121969141,7467.0,0.457200587803086,5.621839509956399
SUP_223,SUP,8931.0,0.5468405584129317,8957.0,0.5484325251040901,7375.0,0.45156747489590987,5.67696417488617
SUP_225,SUP,8706.0,0.5330639235855988,8734.0,0.5347783492530003,7598.0,0.4652216507469998,5.541365854563265
SUP_227,SUP,1895.0,0.11602987999020328,1901.0,0.11639725691893216,14431.0,0.8836027430810678,1.2379054597042622
SUP_228,SUP,8717.0,0.533737447954935,8733.0,0.5347171197648788,7599.0,0.4652828802351212,5.541776080391739
SUP_229,SUP,2021.0,0.12374479549350967,2028.0,0.12417340191036003,14304.0,0.8758265980896399,1.3200355743973868
SUP_231,SUP,8680.0,0.5314719568944404,8695.0,0.5323903992162625,7637.0,0.4676096007837374,5.518737393555991
SUP_232,SUP,2235.0,0.13684790595150625,2245.0,0.13746020083272104,14087.0,0.862539799167279,1.4600984128672594
SUP_233,SUP,8629.0,0.5283492530002449,8649.0,0.5295738427626745,7683.0,0.4704261572373255,5.490273772344768
SUP_234,SUP,8693.0,0.5322679402400196,8709.0,0.5332476120499633,7623.0,0.46675238795003676,5.5271730711327285
SUP_235,SUP,8665.0,0.5305535145726181,8681.0,0.5315331863825619,7651.0,0.46846681361743814,5.510130380564228
SUP_236,SUP,8763.0,0.5365540044085232,8788.0,0.5380847416115602,7544.0,0.4619152583884399,5.574427804786254
SUP_237,SUP,8694.0,0.532329169728141,8708.0,0.5331863825618418,7624.0,0.4668136174381582,5.526734275898155
SUP_238,SUP,8972.0,0.5493509674259123,8990.0,0.550453098212099,7342.0,0.4495469017879011,5.697686234901837
SUP_239,SUP,8749.0,0.5356967915748224,8763.0,0.5365540044085232,7569.0,0.46344599559147687,5.56019307758856
SUP_24,SUP,8919.0,0.5461058045554739,8933.0,0.5469630173891746,7399.0,0.45303698261082537,5.663455686224071
SUP_240,SUP,8730.0,0.5345334313005143,8748.0,0.5356355620867009,7584.0,0.46436443791329907,5.550730841278091
SUP_244,SUP,8590.0,0.5259613029635072,8607.0,0.5270022042615724,7725.0,0.47299779573842765,5.464973959638914
SUP_245,SUP,8685.0,0.5317781043350478,8701.0,0.5327577761449914,7631.0,0.4672422238550086,5.522304372537027
SUP_246,SUP,8700.0,0.5326965466568699,8713.0,0.5334925300024492,7619.0,0.4665074699975508,5.5298618736737355
SUP_249,SUP,9141.0,0.5596987509184423,9167.0,0.5612907176096008,7165.0,0.4387092823903992,5.80418270498671
SUP_25,SUP,8756.0,0.5361253979916728,8773.0,0.5371662992897379,7559.0,0.4628337007102621,5.56601922619582
SUP_253,SUP,8586.0,0.5257163850110214,8610.0,0.5271858927259369,7722.0,0.4728141072740632,5.466207857184258
SUP_254,SUP,8690.0,0.5320842517756551,8707.0,0.5331251530737203,7625.0,0.4668748469262797,5.525871062661845
SUP_255,SUP,8556.0,0.523879500367377,8573.0,0.5249204016654421,7759.0,0.47507959833455793,5.44425083703253
SUP_256,SUP,8452.0,0.5175116336027431,8470.0,0.5186137643889297,7862.0,0.4813862356110703,5.381331569517267
SUP_257,SUP,8473.0,0.5187974528532941,8492.0,0.5199608131276022,7840.0,0.48003918687239777,5.394674600398369
SUP_258,SUP,8500.0,0.5204506490325741,8520.0,0.5216752387950037,7812.0,0.47832476120499634,5.411674321013471
SUP_26,SUP,8895.0,0.5446362968405584,8908.0,0.5454322801861377,7424.0,0.45456771981386235,5.648369759346541
SUP_262,SUP,8556.0,0.523879500367377,8575.0,0.525042860641685,7757.0,0.47495713935831496,5.445300333173127
SUP_263,SUP,8584.0,0.5255939260347784,8602.0,0.526696056820965,7730.0,0.473303943179035,5.4618421332952485
SUP_264,SUP,8498.0,0.5203281900563311,8506.0,0.520818025961303,7826.0,0.47918197403869706,5.404151370376452
SUP_265,SUP,8606.0,0.5269409747734509,8626.0,0.5281655645358805,7706.0,0.4718344354641195,5.476295893930077
SUP_267,SUP,8677.0,0.5312882684300759,8697.0,0.5325128581925055,7635.0,0.4674871418074945,5.519530302658242
SUP_268,SUP,8624.0,0.5280431055596375,8633.0,0.5285941709527309,7699.0,0.4714058290472692,5.481493929072569
SUP_27,SUP,8883.0,0.5439015429831007,8893.0,0.5445138378643155,7439.0,0.45548616213568455,5.639519444639475
SUP_271,SUP,8783.0,0.5377785941709528,8818.0,0.5399216262552045,7514.0,0.4600783737447955,5.591844886424623
SUP_272,SUP,8728.0,0.5344109723242714,8750.0,0.5357580210629439,7582.0,0.4642419789370561,5.551607779446932
SUP_274,SUP,9378.0,0.574210139603233,9405.0,0.5758633357825128,6927.0,0.42413666421748714,5.947786259881848
SUP_276,SUP,8649.0,0.5295738427626745,8672.0,0.5309821209894685,7660.0,0.4690178790105315,5.504056865349737
SUP_277,SUP,8648.0,0.529512613274553,8665.0,0.5305535145726181,7667.0,0.4694464854273818,5.5003039997791525
SUP_279,SUP,8758.0,0.5362478569679158,8773.0,0.5371662992897379,7559.0,0.4628337007102621,5.566188990184054
SUP_28,SUP,8905.0,0.5452485917217732,8918.0,0.5460445750673525,7414.0,0.45395542493264757,5.654438702432072
SUP_280,SUP,8777.0,0.5374112172422238,8796.0,0.5385745775165319,7536.0,0.461425422483468,5.579832213968134
SUP_281,SUP,8436.0,0.5165319617927994,8459.0,0.5179402400195935,7873.0,0.48205975998040657,5.374159750705086
SUP_283,SUP,8750.0,0.5357580210629439,8767.0,0.536798922361009,7565.0,0.46320107763899093,5.562370846576047
SUP_285,SUP,8705.0,0.5330026940974774,8721.0,0.533982365907421,7611.0,0.46601763409257896,5.534475154992948
SUP_286,SUP,8622.0,0.5279206465833945,8639.0,0.5289615478814597,7693.0,0.4710384521185403,5.484469705718389
SUP_289,SUP,8607.0,0.5270022042615724,8620.0,0.5277981876071516,7712.0,0.4722018123928484,5.473234615244512
SUP_29,SUP,8898.0,0.5448199853049228,8923.0,0.5463507225079598,7409.0,0.45364927749204015,5.656454280416331
SUP_290,SUP,8545.0,0.5232059759980406,8565.0,0.5244305657604702,7767.0,0.47556943423952974,5.439118834959579
SUP_293,SUP,8666.0,0.5306147440607396,8680.0,0.5314719568944404,7652.0,0.4685280431055596,5.509691360854685
SUP_295,SUP,8551.0,0.5235733529267695,8571.0,0.5247979426891991,7761.0,0.4752020573108009,5.442776899355687
SUP_296,SUP,8684.0,0.5317168748469263,8704.0,0.5329414646093559,7628.0,0.4670585353906441,5.5237906667412515
SUP_298,SUP,8610.0,0.5271858927259369,8629.0,0.5283492530002449,7703.0,0.47165074699975507,5.478208394993484
SUP_299,SUP,8585.0,0.5256551555228999,8601.0,0.5266348273328435,7731.0,0.4733651726671565,5.4614024846464115
SUP_3,SUP,8896.0,0.5446975263286798,8918.0,0.5460445750673525,7414.0,0.45395542493264757,5.653674764485018
SUP_30,SUP,8947.0,0.5478202302228753,8958.0,0.5484937545922116,7374.0,0.4515062454077884,5.678875968959824
SUP_300,SUP,8594.0,0.5262062209159931,8604.0,0.526818515797208,7728.0,0.47318148420279205,5.463739990758242
SUP_303,SUP,8946.0,0.5477590007347538,8966.0,0.5489835904971835,7366.0,0.4510164095028166,5.682963939561822
SUP_304,SUP,8652.0,0.529757531227039,8665.0,0.5305535145726181,7667.0,0.4694464854273818,5.500643527755622
SUP_307,SUP,8752.0,0.5358804800391869,8762.0,0.5364927749204017,7570.0,0.46350722507959835,5.559924481596125
SUP_308,SUP,8762.0,0.5364927749204017,8778.0,0.5374724467303453,7554.0,0.46252755326965467,5.5691442017937725
SUP_309,SUP,8636.0,0.5287778594170953,8652.0,0.529757531227039,7680.0,0.47024246877296105,5.492440370211027
SUP_31,SUP,8791.0,0.5382684300759246,8809.0,0.5393705608621112,7523.0,0.4606294391378888,5.587818490040233
SUP_313,SUP,8525.0,0.5219813862356111,8542.0,0.5230222875336762,7790.0,0.47697771246632376,5.425348273595754
SUP_317,SUP,8756.0,0.5361253979916728,8781.0,0.5376561351947098,7551.0,0.4623438648052902,5.570204222750739
SUP_318,SUP,8669.0,0.5307984325251041,8689.0,0.5320230222875337,7643.0,0.4679769777124663,5.514660833980973
SUP_32,SUP,8946.0,0.5477590007347538,8964.0,0.5488611315209405,7368.0,0.45113886847905954,5.681920776264922
SUP_322,SUP,8723.0,0.534104824883664,8745.0,0.5354518736223365,7587.0,0.46454812637766346,5.548566553535004
SUP_33,SUP,8871.0,0.5431667891256429,8883.0,0.5439015429831007,7449.0,0.45609845701689933,5.633278677767718
SUP_334,SUP,8634.0,0.5286554004408524,8655.0,0.5299412196914034,7677.0,0.4700587803085966,5.493874996592927
SUP_36,SUP,8780.0,0.5375949057065883,8795.0,0.5385133480284104,7537.0,0.4614866519715895,5.5795638854954035
SUP_38,SUP,9686.0,0.5930688219446485,9706.0,0.5942934117070782,6626.0,0.4057065882929219,6.129384645411846
SUP_39,SUP,8905.0,0.5452485917217732,8930.0,0.5467793289248102,7402.0,0.4532206710751898,5.6607017599676155
SUP_4,SUP,8924.0,0.5464119519960813,8944.0,0.547636541758511,7388.0,0.4523634582414891,5.669619912670048
SUP_40,SUP,8874.0,0.5433504775900073,8891.0,0.5443913788880725,7441.0,0.4556086211119275,5.637711135915579
SUP_41,SUP,8856.0,0.5422483468038207,8870.0,0.5431055596375214,7462.0,0.45689444036247856,5.625215381331288
SUP_42,SUP,8925.0,0.5464731814842028,8941.0,0.5474528532941465,7391.0,0.45254714670585355,5.668139489560442
SUP_45,SUP,9585.0,0.5868846436443791,9605.0,0.5881092334068088,6727.0,0.4118907665931913,6.068740502694735
SUP_47,SUP,9021.0,0.5523512123438648,9046.0,0.5538819495469018,7286.0,0.4461180504530982,5.730997221189026
SUP_48,SUP,9006.0,0.5514327700220426,9022.0,0.5524124418319862,7310.0,0.4475875581680137,5.717251898993253
SUP_49,SUP,8749.0,0.5356967915748224,8765.0,0.5366764633847662,7567.0,0.4633235366152339,5.561239537268538
SUP_5,SUP,9056.0,0.5544942444281166,9072.0,0.5554739162380602,7260.0,0.44452608376193975,5.747540807646976
SUP_50,SUP,8893.0,0.5445138378643155,8910.0,0.5455547391623806,7422.0,0.4544452608376194,5.649244086002805
SUP_51,SUP,9533.0,0.5837007102620622,9561.0,0.5854151359294636,6771.0,0.41458486407053635,6.0416130978742775
SUP_52,SUP,9504.0,0.5819250551065394,9524.0,0.5831496448689689,6808.0,0.4168503551310311,6.020037941284219
SUP_53,SUP,9244.0,0.5660053881949547,9257.0,0.5668013715405339,7075.0,0.4331986284594661,5.859679933108548
SUP_54,SUP,9016.0,0.5520450649032574,9033.0,0.5530859662013226,7299.0,0.44691403379867745,5.723800340381633
SUP_55,SUP,9291.0,0.5688831741366642,9311.0,0.5701077638990938,7021.0,0.4298922361009062,5.891688424761876
SUP_56,SUP,9058.0,0.5546167034043595,9075.0,0.5556576047024246,7257.0,0.4443423952975753,5.749272591125782
SUP_57,SUP,9229.0,0.5650869458731325,9249.0,0.5663115356355621,7083.0,0.4336884643644379,5.8542215454513045
SUP_58,SUP,9122.0,0.5585353906441343,9137.0,0.5594538329659564,7195.0,0.4405461670340436,5.786969727455747
SUP_59,SUP,8992.0,0.550575557188342,9007.0,0.5514939995101641,7325.0,0.4485060004898359,5.708246018487109
SUP_6,SUP,9000.0,0.5510653930933137,9017.0,0.5521062943913789,7315.0,0.44789370560862113,5.714136972044794
SUP_60,SUP,9100.0,0.5571883419054616,9120.0,0.5584129316678913,7212.0,0.44158706833210876,5.776258797318823
SUP_62,SUP,9277.0,0.5680259613029635,9286.0,0.5685770266960568,7046.0,0.4314229733039432,5.877531449548642
SUP_63,SUP,9035.0,0.5532084251775655,9051.0,0.5541880969875091,7281.0,0.4458119030124908,5.734789987553314
SUP_64,SUP,9143.0,0.5598212098946853,9166.0,0.5612294881214793,7166.0,0.4387705118785207,5.803832585386923
SUP_66,SUP,8995.0,0.5507592456527064,9013.0,0.551861376438893,7319.0,0.448138623561107,5.711627903413097
SUP_67,SUP,9076.0,0.5557188341905461,9096.0,0.5569434239529758,7236.0,0.44305657604702425,5.761732475493686
SUP_68,SUP,9329.0,0.5712098946852804,9349.0,0.5724344844477101,6983.0,0.42756551555229,5.914615808619497
SUP_69,SUP,9193.0,0.5628826843007593,9215.0,0.5642297330394318,7117.0,0.4357702669605682,5.833540909188792
SUP_7,SUP,8820.0,0.5400440852314474,8831.0,0.5407176096007837,7501.0,0.45928239039921626,5.6017490810039
SUP_72,SUP,8999.0,0.5510041636051922,9019.0,0.5522287533676219,7313.0,0.44777124663237816,5.715094369163396
SUP_73,SUP,9013.0,0.551861376438893,9029.0,0.5528410482488366,7303.0,0.4471589517511634,5.721493610099871
SUP_74,SUP,9099.0,0.5571271124173401,9121.0,0.5584741611560128,7211.0,0.4415258388439873,5.776662152512273
SUP_75,SUP,9010.0,0.5516776879745285,9025.0,0.5525961302963507,7307.0,0.44740386970364926,5.719154707455611
SUP_76,SUP,8949.0,0.5479426891991183,8970.0,0.5492285084496693,7362.0,0.45077149155033064,5.685272774163571
SUP_77,SUP,8946.0,0.5477590007347538,8968.0,0.5491060494734264,7364.0,0.4508939505265736,5.684007069608932
SUP_78,SUP,9132.0,0.559147685525349,9160.0,0.5608621111927504,7172.0,0.4391378888072496,5.799779402531888
SUP_79,SUP,8979.0,0.5497795738427627,9002.0,0.5511878520695567,7330.0,0.44881214793044333,5.7045362902282735
SUP_8,SUP,8757.0,0.5361866274797943,8775.0,0.5372887582659809,7557.0,0.4627112417340191,5.567150405951372
SUP_80,SUP,9186.0,0.5624540778839089,9209.0,0.5638623561107029,7123.0,0.4361376438892971,5.82982977394647
SUP_81,SUP,9210.0,0.5639235855988244,9230.0,0.565148175361254,7102.0,0.434851824638746,5.842774950710237
SUP_83,SUP,9153.0,0.5604335047759,9167.0,0.5612907176096008,7165.0,0.4387092823903992,5.805201288916116
SUP_86,SUP,9141.0,0.5596987509184423,9166.0,0.5612294881214793,7166.0,0.4387705118785207,5.803662821398688
SUP_89,SUP,9081.0,0.5560249816311535,9109.0,0.557739407298555,7223.0,0.442260592701445,5.768922449913699
SUP_9,SUP,9230.0,0.565148175361254,9255.0,0.5666789125642909,7077.0,0.433321087435709,5.857453357210154
SUP_95,SUP,9223.0,0.5647195689444037,9240.0,0.5657604702424688,7092.0,0.4342395297575312,5.849071370953304
SUP_97,SUP,9103.0,0.5573720303698261,9127.0,0.5588415380847416,7205.0,0.44115846191525837,5.78015519277135
SUP_98,SUP,9003.0,0.5512490815576782,9025.0,0.5525961302963507,7307.0,0.44740386970364926,5.718560533496792
SUP_99,SUP,9218.0,0.5644134215037963,9236.0,0.5655155522899828,7096.0,0.43448444771001715,5.846569882789977
