strain_id,species,species_missing,n_replicates,L*,a*,b*,C*,h_deg,area,L_z,a_z,b_z,orange_score
DBVPG_10075,Cystobasidium sp.,False,1,78.0228236979914,7.032129320587277,0.590445056433625,7.056873822460636,4.799519890086923,31691.5,,,,
DBVPG_6740,Pseudomicrostroma phylloplanum,False,1,75.22988192149478,10.897701620934896,2.053186958055009,11.089430882766449,10.669766544664006,39271.0,,,,
NRRL_Y-17376,Rhodotorula araucariae,False,1,78.80873699367484,4.962276260984472,1.6057026683572673,5.215598407613424,17.930640941870983,42051.0,-2.770212529971883,-2.166494951661425,-0.9361492249809653,-5.872856706614273
DBVPG_3768,Rhodotorula dairenensis,False,1,75.11979991359814,6.789158964696258,6.772247371679018,9.589369839104597,44.92855000591992,48043.0,-0.17592785254687787,-1.3527927663590134,1.950707481061897,0.42198686215600567
DBVPG_3769,Rhodotorula dairenensis,False,1,77.91426511242821,8.689939076752973,7.221624142655397,11.298977671252457,39.72769200345322,48065.5,-2.1411655591145204,-0.5061763263339076,2.2018010879746517,-0.4455407974737766
DBVPG_3770,Rhodotorula dairenensis,False,1,75.59412385398281,10.891068010481842,9.068568508508235,14.17230740572784,39.78283224246514,66859.0,-0.5095012651490256,0.47421689752690105,3.2337990739443283,3.1985147063222037
DBVPG_3772,Rhodotorula dairenensis,False,1,74.70033459074511,11.388601654116162,5.7334359978023,12.750393561652622,26.722345053023915,35129.5,0.11906564725174686,0.6958207324442558,1.3702616022017942,2.1851479818977966
DBVPG_3773,Rhodotorula dairenensis,False,1,73.31479539698613,5.255345507252831,0.7789048153538536,5.312753439788443,8.430544027135964,12797.0,1.093460987241119,-2.0359605250948047,-1.3981305032906561,-2.340630041144342
DBVPG_3853,Rhodotorula dairenensis,False,1,77.532342504288,8.321092947293884,6.741653535216807,10.709364137352194,39.01399229376264,40275.5,-1.872574377223244,-0.6704621345970231,1.9336128797323606,-0.6094236320879063
NRRL_Y-2504,Rhodotorula dairenensis,False,1,74.36169670520266,7.83586515168791,7.789042644839068,11.048527865673263,44.82830465092247,32967.0,0.3572163824332006,-0.8865848866773026,2.518851651208637,1.9894831469645349
TFCN_7W-292-3,Rhodotorula dairenensis,False,1,75.44384313878462,7.850161855495017,3.3652495119392167,8.541074021168304,23.204105456796444,34014.5,-0.4038147358621026,-0.8802170672727901,0.047014552103025985,-1.2370172510318667
DBVPG_6195,Rhodotorula diobovata,False,1,76.97474610504754,7.141675897754718,4.358435232508207,8.366569924678783,31.394959310350686,23370.5,-1.480438712305157,-1.1957800593018084,0.6019666569260406,-2.0742521146809247
DBVPG_6202,Rhodotorula diobovata,False,1,77.98878877479342,6.736839559795399,3.074971777780666,7.405434402421768,24.5339142086152,32267.0,-2.193575126201969,-1.3760960764265142,-0.11518093280814991,-3.6848521354366333
NRRL_Y-7196,Rhodotorula diobovata,False,1,73.46755935293673,6.314800659655506,5.224059385446633,8.195578309909477,39.60001053265066,24341.0,0.9860280921869043,-1.564074196000761,1.0856425049674436,0.5075964011535871
TFCN_17-334Y-6,Rhodotorula diobovata,False,1,75.07350463773082,9.019506257656378,3.1871928453369835,9.566069797219223,19.461710215154753,27183.0,-0.1433702018706399,-0.35938554728706457,-0.05247632846669232,-0.5552320776243969
TFCN_211C_2,Rhodotorula diobovata,False,1,76.84145464771385,8.86816367998966,4.366123949264178,9.884703606857718,26.212723628372142,8687.5,-1.3867000613370923,-0.42679424622898426,0.6062628016034626,-1.207231505962614
TFCN_25-335C-1,Rhodotorula diobovata,False,1,75.94485944417242,10.791667040128862,4.9088886765172095,11.855684946195328,24.45972940820918,23723.0,-0.7561598412388123,0.42994323582269567,0.9095378302055637,0.583321224789447
TFCN_25-335P-1,Rhodotorula diobovata,False,1,75.87690216702627,9.23797041652828,4.976570610793524,10.493157411421288,28.311711637264807,23381.5,-0.7083681551805305,-0.2620805790353294,0.9473557640594813,-0.023092970156378567
TFCN_7-9-2,Rhodotorula diobovata,False,1,75.94007463348018,8.062995121481231,3.9766798357036617,8.990321064607327,26.252575955078782,26817.0,-0.7527948716571117,-0.7854201253092115,0.38865714532446755,-1.1495578516418556
TFCN_7-9-3,Rhodotorula diobovata,False,1,75.29920413488553,8.959182730185645,5.615038478965218,10.573344424216812,32.07683537869428,29950.0,-0.3020958007249342,-0.38625393135373465,1.304105846109349,0.6157561140306802
TFCN_7_6_3,Rhodotorula diobovata,False,1,77.69779443401546,6.409830371853831,4.943060662914989,8.094428584724024,37.63828553615368,43691.5,-1.988930226299814,-1.5217475133257714,0.9286317573379098,-2.5820459822876756
NRRL_Y-48721,Rhodotorula evergladensis,False,1,74.86840962891222,11.45228074225843,4.2949462735213935,12.231160929852024,20.557540875668476,36561.0,0.0008650689525168042,0.7241836990836312,0.5664915884740198,1.291540356510168
DBVPG_3380,Rhodotorula glutinis,False,1,72.14041230155163,9.662217551342778,7.91509352329679,12.490282362381214,39.32364187869759,1830.0,1.9193585300230924,-0.07311890130667224,2.5892837958379693,4.43552342455439
DBVPG_3985,Rhodotorula glutinis,False,1,71.72279005580106,7.051564791294485,6.664915440852992,9.702868845838568,43.38533569448739,801.0,2.2130558660264543,-1.2359159717485866,1.8907347290447842,2.8678746233226518
DBVPG_6081,Rhodotorula glutinis,False,1,73.44276781030126,0.705922766730982,3.260681267093579,3.336220807764995,77.78424595237776,23457.0,1.0034630111873633,-4.062294902395436,-0.01141396370516507,-3.0702458549132383
DBVPG_6083,Rhodotorula graminis,False,1,75.47019060938581,8.838288483270922,3.746964637175165,9.599744127098422,22.974363639806437,13819.5,-0.4223438779390296,-0.44010079995954693,0.26030156157705636,-0.6021431163215203
NRRL_Y-2474,Rhodotorula graminis,False,1,77.44509044026879,5.064993466844913,5.508653351767912,7.483276058593956,47.40266555199993,10224.0,-1.8112134247740257,-2.1207442229983413,1.2446621297556888,-2.687295518016678
TFCN_17-0-2E329-4,Rhodotorula graminis,False,1,77.43451100694664,6.2606842310583,2.1649643369531124,6.624442438522723,19.075546738652758,38436.0,-1.8037733245045677,-1.588177908910649,-0.6236563712211569,-4.015607604636374
DBVPG_10383,Rhodotorula kratochvilovae,False,1,73.91499527181134,6.236065214418648,8.385099244393391,10.449803763555032,53.361524023668196,22697.0,0.6713639699021654,-1.599143335207028,2.8519040276834184,1.924124662378556
DBVPG_10753,Rhodotorula kratochvilovae,False,1,77.0413412372395,3.5740491824818035,6.260928207180239,7.209233632936583,60.28012633308634,24879.0,-1.5272724552740329,-2.7848178495565783,1.6650029640734936,-2.6470873407571176
DBVPG_7539,Rhodotorula kratochvilovae,False,1,76.5707204205635,4.454071139134305,4.892007104647394,6.615926482692333,47.68278755231292,24244.0,-1.1963033042484543,-2.3928519133816115,0.9001050890295148,-2.689050128600551
DBVPG_10619,Rhodotorula mucilaginosa,False,1,73.73497087309227,12.620964357910964,5.391067085798701,13.724151909944782,23.129835868316412,41725.0,0.7979680645292883,1.2447209016371763,1.1789596690311142,3.221648635197579
DBVPG_10780,Rhodotorula mucilaginosa,False,1,73.86206791343493,12.855032428138207,5.051370431169438,13.811886256459609,21.45228894739595,42332.5,0.7085857039333793,1.3489759257098515,0.9891508854535103,3.0467125150967407
DBVPG_10842,Rhodotorula mucilaginosa,False,1,77.29078822517428,8.707783468457366,0.8785258808106322,8.751988383035794,5.761061447030113,34391.0,-1.7026987324323268,-0.4982283499828501,-1.3424662717023506,-3.5433933541175273
DBVPG_10882,Rhodotorula mucilaginosa,False,1,76.19403268459666,10.008017657564125,2.5981673880354608,10.339772299734957,14.55320825866283,18677.5,-0.9313936025160596,0.08090209935112758,-0.38159998636277087,-1.2320914895277029
DBVPG_10886,Rhodotorula mucilaginosa,False,1,77.50746003286685,12.803360293782625,1.357666357039583,12.875142436083827,6.053015673145517,24166.5,-1.8550755115762823,1.325960913000524,-1.0747419072835536,-1.6038565058593117
DBVPG_10937,Rhodotorula mucilaginosa,False,1,73.94304804517313,13.015526473974845,5.081627764381236,13.972360936165023,21.32707251296151,57746.5,0.6516355553176958,1.420460731800555,1.0060574623448884,3.0781537494631395
DBVPG_3044,Rhodotorula mucilaginosa,False,1,74.23077796313629,8.275024391396435,3.1489944285911453,8.853936671871107,20.833922602334116,32065.0,0.4492863958701009,-0.690981286993243,-0.07382006240787829,-0.31551495353102044
DBVPG_3045,Rhodotorula mucilaginosa,False,1,75.3178622987875,6.3040206828176295,2.771783817352169,6.886469509082851,23.73437563283706,28262.0,-0.3152173551643424,-1.5688756486023252,-0.2845901312211104,-2.168683134987778
DBVPG_3090,Rhodotorula mucilaginosa,False,1,74.05660784158871,13.029492375012827,5.85675056270148,14.285279090876086,24.20389435179258,40475.0,0.5717734071114886,1.426681210089191,1.4391648052270338,3.4376194224277135
DBVPG_3235,Rhodotorula mucilaginosa,False,1,77.2125897814025,7.204708210091143,2.561068785048448,7.6463647385083755,19.568852673387262,41332.0,-1.647704835797094,-1.1677051696613268,-0.40232918875388185,-3.2177391942123026
DBVPG_3236,Rhodotorula mucilaginosa,False,1,79.82368944113904,3.659275519806729,-0.9908257249691744,3.7910464184862596,344.8492588896414,18048.0,-3.483988754834094,-2.7468576363553083,-2.386984519193328,-8.61783091038273
DBVPG_3237,Rhodotorula mucilaginosa,False,1,76.77164406756654,10.34666758457653,1.1192631847560808,10.407030324856224,6.174031390207874,39588.0,-1.3376050200102998,0.23173837641621997,-1.2079519801986354,-2.313818623792715
DBVPG_3238,Rhodotorula mucilaginosa,False,1,74.56178721753912,8.303526502149257,3.983870079537455,9.209765099204693,25.630783440723185,32964.5,0.21650057758629282,-0.6782863122375122,0.3926747634467541,-0.0691109712044653
DBVPG_3239,Rhodotorula mucilaginosa,False,1,72.96796964847263,8.07861861870146,4.335083160210762,9.168261819580243,28.218537772426238,23345.5,1.3373699251204043,-0.778461345851539,0.5889184612008521,1.1478270404697173
DBVPG_3381,Rhodotorula mucilaginosa,False,1,74.89586492491537,11.181776478231848,4.677192286176179,12.120571475429902,22.69892660018467,49472.5,-0.018443163253403626,0.6036998221905824,0.7800752364159688,1.3653318953531475
DBVPG_3382,Rhodotorula mucilaginosa,False,1,73.49825014943963,12.644845287914944,5.107182461338045,13.637280705797021,21.993507576481324,41943.5,0.9644444594555552,1.25535758065976,1.0203363958520786,3.2401384359673937
DBVPG_3383,Rhodotorula mucilaginosa,False,1,73.27800417027082,12.873262745662666,5.414593481645536,13.96562624053589,22.811997108566526,36577.5,1.1193348131316951,1.3570957952440421,1.192105269721608,3.668535878097345
DBVPG_3384,Rhodotorula mucilaginosa,False,1,74.156895287255,12.399865568012109,4.892545928042291,13.33017898464891,21.53242881295579,39370.5,0.5012451823186928,1.1462424562816609,0.9004061618006322,2.5478938004009857
DBVPG_3442,Rhodotorula mucilaginosa,False,1,75.49534944584249,8.55581529063719,3.320381563226277,9.177521942927411,21.210474188745913,35104.5,-0.4400371002696357,-0.5659156941880703,0.021944152819524245,-0.9840086416381818
DBVPG_3443,Rhodotorula mucilaginosa,False,1,73.44829468758418,10.833604749084222,5.582423726553454,12.187306778864933,27.26149630207051,30534.5,0.9995761752945743,0.44862248947933103,1.2858820384927632,2.7340807032666685
DBVPG_3444,Rhodotorula mucilaginosa,False,1,76.62386696196916,6.628966614515466,2.56429791130342,7.107659400553443,21.14807642131011,34351.5,-1.2336791811023775,-1.4241431957795785,-0.40052488330040703,-3.058347260182363
DBVPG_3445,Rhodotorula mucilaginosa,False,1,76.1732977312502,11.777236264259123,1.224842772753748,11.840757317086913,5.937465197207169,42192.5,-0.9168115235631893,0.8689204234725686,-1.148958366645588,-1.1968494667362086
DBVPG_3446,Rhodotorula mucilaginosa,False,1,75.48483301641048,6.579927380469696,3.400549067505704,7.406698204515202,27.330213522714963,44643.5,-0.43264130816354385,-1.4459855022547154,0.06673851938853659,-1.8118882910297227
DBVPG_3538,Rhodotorula mucilaginosa,False,1,73.31933598454324,10.020012057237697,5.842561189468965,11.598972492418362,30.246001154476218,41999.5,1.090267770205905,0.08624446161989636,1.4312363560171595,2.607748587842961
DBVPG_3774,Rhodotorula mucilaginosa,False,1,77.00900250281595,7.149983036102772,0.5797906538813791,7.1734520712754195,4.6359593985202485,32048.0,-1.5045298924758133,-1.1920800206437778,-1.509387462307259,-4.2059973754268505
DBVPG_3775,Rhodotorula mucilaginosa,False,1,74.41056901489213,9.724891727496384,2.7622810306072445,10.109585332919458,15.856791403728577,28262.5,0.32284640500459943,-0.045203527213632674,-0.28989990500919804,-0.012257027218231298
DBVPG_3776,Rhodotorula mucilaginosa,False,1,75.34780958352741,10.399912677339888,1.4172350212094842,10.496034432186166,7.760109439226672,35804.0,-0.3362781052516284,0.25545399223005794,-1.041457341388221,-1.1222814544097917
DBVPG_3777,Rhodotorula mucilaginosa,False,1,74.4188266464609,10.81729597867312,1.985702828622582,10.998041098932909,10.401831852245214,37593.5,0.31703913679003043,0.44135848610563577,-0.7238204687323292,0.034577154163336954
DBVPG_3778,Rhodotorula mucilaginosa,False,1,75.22219406638689,10.583361642851674,1.5563972950491445,10.697191977496729,8.365995195872156,40094.5,-0.24793764178194908,0.33716302796898134,-0.9636990780746562,-0.8744736918876239
DBVPG_3780,Rhodotorula mucilaginosa,False,1,75.5194945490134,11.597826527131524,1.790654619718279,11.735247083915791,8.776918738958667,31323.0,-0.4570174037639509,0.78901047913479,-0.8328055375182462,-0.500812462147407
DBVPG_3854,Rhodotorula mucilaginosa,False,1,75.16053792982106,8.049414411300997,2.800922574920095,8.522807027943152,19.186159216116298,30473.5,-0.20457730060783763,-0.7914690377704017,-0.26830856926411417,-1.2643549076423535
DBVPG_3855,Rhodotorula mucilaginosa,False,1,75.55192098535733,8.148942341290947,3.539427625107666,8.884413835198115,23.477329042294453,35332.0,-0.47982164388094256,-0.7471388276442104,0.14433825351665067,-1.0826222180085023
DBVPG_3856,Rhodotorula mucilaginosa,False,1,75.43912566804218,7.988012348611823,3.955818801141476,8.913856834672597,26.345506546912954,37076.0,-0.4004971238243704,-0.8188178065177021,0.37700084097039543,-0.8423140893716771
DBVPG_3857,Rhodotorula mucilaginosa,False,1,76.66130596917502,10.9294618821158,8.741812659651993,13.995443030110698,38.65419198687828,69820.5,-1.2600085655900501,0.49131770930167895,3.0512210904609196,2.2825302341725484
DBVPG_3858,Rhodotorula mucilaginosa,False,1,73.9776124177191,11.673035534980002,4.790142610976822,12.617655282753674,22.311267215427783,41926.5,0.6273277885723326,0.8225089264715535,0.8431873202794478,2.293024035323334
DBVPG_3983,Rhodotorula mucilaginosa,False,1,74.46702546228393,7.288941805055918,3.4734687557743893,8.074258965058819,25.479644496243615,22025.5,0.28314280116667745,-1.1301871285963712,0.10748309882586651,-0.7395612286038272
DBVPG_3984,Rhodotorula mucilaginosa,False,1,73.63840979615816,8.582768252366618,3.680922313247148,9.338795422857975,23.213213253660143,44391.5,0.8658756804327306,-0.5539107177245852,0.22339977582619044,0.5353647385343357
DBVPG_4201,Rhodotorula mucilaginosa,False,1,76.16669707956984,11.374438827026903,1.0543230348729726,11.423198137633827,5.295746098451304,38951.0,-0.9121695442765658,0.6895125423622244,-1.2442379155668026,-1.466894917481144
DBVPG_4202,Rhodotorula mucilaginosa,False,1,74.49412640164097,12.1590722285512,2.616372410578954,12.437380835608588,12.14366193662835,40153.5,0.2640837740833709,1.0389919655262794,-0.37142775435255415,0.931647985257096
DBVPG_4203,Rhodotorula mucilaginosa,False,1,75.60627933260812,11.021603410890451,0.714964767384002,11.044768733004439,3.7115423929380396,33878.0,-0.5180497362288771,0.5323579814377638,-1.4338576220646004,-1.4195493768557137
DBVPG_4304,Rhodotorula mucilaginosa,False,1,75.94969332276179,11.40498919197852,1.0367258396063228,11.45201200382074,5.193973701603067,36466.0,-0.7595593183469078,0.7031198192127905,-1.2540705182210314,-1.3105100173551487
DBVPG_4376,Rhodotorula mucilaginosa,False,1,75.30537450252204,8.534264332072786,4.311422286767302,9.561486799892762,26.80243455348676,42761.0,-0.3064351781298627,-0.5755145929261165,0.5756977198556414,-0.3062520512003377
DBVPG_4377,Rhodotorula mucilaginosa,False,1,74.49458657646286,10.75628934400902,1.6508654300453285,10.882238607940957,8.725615825944713,31184.5,0.26376015119052487,0.41418584286846116,-0.9109140961029029,-0.23296810204391682
DBVPG_4378,Rhodotorula mucilaginosa,False,1,73.78426706847489,8.96509329465181,2.538706385923073,9.317613852040523,15.810891124789888,22596.5,0.7632999849279328,-0.38362133802263726,-0.4148243950446143,-0.035145748139318755
DBVPG_4379,Rhodotorula mucilaginosa,False,1,73.90068657867826,13.767266112587578,4.389202021195304,14.450007287114675,17.683027936751515,40399.0,0.681426712243203,1.755289117593915,0.6191578969800836,3.055873726817201
DBVPG_4380,Rhodotorula mucilaginosa,False,1,76.70564929035785,5.868046828329282,2.2824283904605727,6.296304704907934,21.253984302446685,41346.5,-1.2911934831404401,-1.763060462663519,-0.558022197888839,-3.6122761436927977
DBVPG_4408,Rhodotorula mucilaginosa,False,1,74.76514183767344,10.294403329804648,2.3000013835180466,10.548210572456258,12.594325897607774,34950.0,0.07348925382387182,0.20845963047666083,-0.5482031184525192,-0.26625423415198657
DBVPG_4466,Rhodotorula mucilaginosa,False,1,75.46342292776305,11.077515363398502,1.541110894884412,11.184201778252271,7.920188688020188,36028.5,-0.4175844330489431,0.5572614291784915,-0.9722405016683473,-0.8325635055387989
DBVPG_4534,Rhodotorula mucilaginosa,False,1,76.94399569282173,8.585861129320914,1.8825786187713467,8.789830122808906,12.367242671337541,40870.0,-1.458813154175477,-0.552533135720295,-0.7814421160536047,-2.7927884059493766
DBVPG_4618,Rhodotorula mucilaginosa,False,1,75.27839535287231,12.020080010470474,4.072911645418986,12.69137237376248,18.718554654847857,17040.0,-0.28746180096811286,0.977084175079456,0.4424275975636039,1.132049971674947
DBVPG_4669,Rhodotorula mucilaginosa,False,1,71.79780325699974,11.602818376850234,6.015230220908041,13.069368343447165,27.40350461661848,37677.0,2.1603020254891945,0.7912338725779284,1.5277168434530544,4.4792527415201775
DBVPG_4920,Rhodotorula mucilaginosa,False,1,74.29142204399938,13.483450789840424,2.351405982207,13.686948355831815,9.892441465043774,23161.0,0.4066377937539722,1.6288764322734772,-0.519480302921428,1.5160339231060211
DBVPG_4945,Rhodotorula mucilaginosa,False,1,75.43453670959985,12.553826555178476,1.280286329671887,12.618941883670317,5.823106138800948,40178.5,-0.3972698894438859,1.2148174071824793,-1.1179787442311933,-0.3004312264925999
DBVPG_4946,Rhodotorula mucilaginosa,False,1,74.43578455976649,12.799477339232077,2.210849261198905,12.989013612020706,9.799981018368433,38419.0,0.30511330186934466,1.3242314267030233,-0.5980177270456659,1.031327001526702
DBVPG_4947,Rhodotorula mucilaginosa,False,1,76.14967651002662,11.44465010145712,1.0449415375940907,11.492254729241427,5.216865319160448,44176.0,-0.9001996456828754,0.7207849756282777,-1.2494799176953917,-1.4288945877499892
DBVPG_4949,Rhodotorula mucilaginosa,False,1,76.5044496782642,7.14249458225888,2.39698672282036,7.533974661954641,18.55150418200411,35042.0,-1.1496976919605089,-1.1954154133566928,-0.49401162428568945,-2.839124729602891
DBVPG_4950,Rhodotorula mucilaginosa,False,1,75.56286786303276,4.982526308790231,4.468053939895967,6.692464002712803,41.883997839429924,36527.5,-0.48752015334384763,-2.157475484719981,0.6632171674126031,-1.9817784706512256
DBVPG_4956,Rhodotorula mucilaginosa,False,1,75.07578045022818,11.53933666498308,1.4582877794937776,11.63111748352856,7.202592926176809,35202.5,-0.14497069148659958,0.7629588182637738,-1.0185187165702896,-0.4005305897931154
DBVPG_4957,Rhodotorula mucilaginosa,False,1,73.74923753269849,11.877429911347797,5.045280538359936,12.904580466242708,23.01475677271714,34634.0,0.787934882718096,0.9135471471389688,0.9857480990835618,2.6872301289406266
DBVPG_4958,Rhodotorula mucilaginosa,False,1,73.33742829753413,14.20662473466182,5.937489164906651,15.397466153068462,22.681906379641234,47473.5,1.0775441565056514,1.9509815231254248,1.4842782782726982,4.512803957903774
DBVPG_4962,Rhodotorula mucilaginosa,False,1,74.82253148712216,12.307578279100229,2.716550841583637,12.603814167587863,12.446859457809957,31136.0,0.03312936560248779,1.1051372618919728,-0.31545208938622116,0.8228145381082395
DBVPG_4963,Rhodotorula mucilaginosa,False,1,73.83296794832435,12.21678233180705,2.505710857483612,12.471100891423506,11.590844254733996,34851.5,0.7290505673781082,1.064696318103434,-0.4332609649408631,1.360485920540679
DBVPG_4964,Rhodotorula mucilaginosa,False,1,72.95464870792927,11.527853020797728,4.328472752613699,12.313694475632996,20.580128776850106,34479.0,1.346738019829091,0.7578439489019525,0.5852248321707987,2.689806800901842
DBVPG_5225,Rhodotorula mucilaginosa,False,1,75.35324690910377,11.703323961603978,2.806727884684568,12.035178152770309,13.486151380624875,38183.0,-0.3401019629436239,0.8359995347537528,-0.26506479641657654,0.23083277539355235
DBVPG_5226,Rhodotorula mucilaginosa,False,1,74.53859477302868,10.99742990041981,2.0152913108970383,11.180557386929543,10.384300269130906,41334.5,0.2328109136314443,0.521590985693359,-0.707287618756072,0.04711428056873135
DBVPG_5227,Rhodotorula mucilaginosa,False,1,74.87682092964111,9.388757686425276,3.4372473687857896,9.998171851325347,20.107803094899154,43160.0,-0.0050502687516795425,-0.19491921679697546,0.08724404933830793,-0.11272543621034709
DBVPG_5228,Rhodotorula mucilaginosa,False,1,73.61517665153087,12.167791041443737,4.59490531369749,13.006471222821503,20.687968191803353,37412.5,0.8822146392727951,1.04287536597092,0.73409659653943,2.659186601783145
DBVPG_5229,Rhodotorula mucilaginosa,False,1,73.14340960019338,11.961052790415607,4.878263806081456,12.917594265838872,22.187879443916778,38400.5,1.2139898921522478,0.9507931724587705,0.8924258883438575,3.0572089529548756
DBVPG_5235,Rhodotorula mucilaginosa,False,1,75.38865983652715,12.389022426105566,2.046786112488097,12.556958631166257,9.381078643191561,33432.5,-0.3650064850330405,1.1414128696601598,-0.6896895944671926,0.08671679015992662
DBVPG_5236,Rhodotorula mucilaginosa,False,1,75.2757347448112,11.531483425735289,0.7686310382573946,11.557071587170356,3.8134093927750046,36328.0,-0.28559069973333184,0.7594609484089397,-1.4038710753771095,-0.9300008267015016
DBVPG_5757,Rhodotorula mucilaginosa,False,1,76.0989470287114,9.325895965902928,1.7537354280462103,9.489358435554479,10.65009878187403,36718.0,-0.8645235923339029,-0.22291812403769629,-0.8534344921059552,-1.9408762084775542
DBVPG_5758,Rhodotorula mucilaginosa,False,1,76.13015962799673,9.494699557756809,1.9202942002428116,9.686942216589998,11.433784952395674,33503.5,-0.8864741884841846,-0.1477322069017331,-0.7603681709809526,-1.7945745663668702
DBVPG_5759,Rhodotorula mucilaginosa,False,1,75.21082145683238,8.773304535692098,1.9386181644340803,8.984938111276522,12.46030096419347,27379.5,-0.23993973179618225,-0.4690449571553165,-0.7501294791773487,-1.4591141681288475
DBVPG_6091,Rhodotorula mucilaginosa,False,1,73.84220833796891,12.316873349722536,2.2101909948521903,12.513605129890866,10.173122930653022,37041.0,0.7225521639768171,1.10927733025134,-0.5983855397186412,1.2334439545095157
DBVPG_6092,Rhodotorula mucilaginosa,False,1,74.79433916580248,10.203458496354871,1.017367876859554,10.254052988145816,5.694035929012723,28962.5,0.05295591878922989,0.16795237209072655,-1.2648869666947877,-1.0439786758148313
DBVPG_6093,Rhodotorula mucilaginosa,False,1,74.74308361795333,10.160338115103418,1.39189296812674,10.255234597411409,7.800552266841307,17575.0,0.0890019340862202,0.14874635060719493,-1.0556174580789326,-0.8178691733855175
DBVPG_6094,Rhodotorula mucilaginosa,False,1,73.48539322836206,12.99562915592456,5.454421884136712,14.093867292140436,22.76837886376392,41133.5,0.973486227484223,1.4115983723582775,1.2143597739260723,3.5994443737685726
DBVPG_6593,Rhodotorula mucilaginosa,False,1,74.69609933555975,10.586439626152575,2.072359470880425,10.787371215209074,11.075934000582405,41323.0,0.1220441360125652,0.338533976269701,-0.6754002337028382,-0.214822121420572
DBVPG_6649,Rhodotorula mucilaginosa,False,1,77.26136904769285,9.75299038838684,3.3944636037091525,10.32681967852989,19.190112864222154,30863.5,-1.6820093794545492,-0.032688250932248655,0.06333820777231061,-1.6513594226144872
DBVPG_6660,Rhodotorula mucilaginosa,False,1,76.08643791907265,9.021511849804517,1.912018267672172,9.221902727315845,11.966190649846027,38597.5,-0.85572642644043,-0.3584922470711009,-0.764992428160988,-1.9792111016725187
DBVPG_6741,Rhodotorula mucilaginosa,False,1,75.7546527294199,11.912410806222422,1.6931083214628828,12.032129778406299,8.089256849446052,41721.0,-0.6223949233466501,0.9291278029443384,-0.8873104729129203,-0.5805775933152321
DBVPG_6742,Rhodotorula mucilaginosa,False,1,75.99027394206513,11.254843947949484,1.0375633534692064,11.302568292435016,5.267105043115514,40883.0,-0.7880980753313145,0.6362444183285606,-1.2536025492688003,-1.405456206271554
DBVPG_6743,Rhodotorula mucilaginosa,False,1,75.71824122037125,10.76219484637246,1.963493470641248,10.939842070182584,10.339529266199005,38215.5,-0.596788137989155,0.4168161815150948,-0.7362301618071029,-0.916202118281163
DBVPG_6803,Rhodotorula mucilaginosa,False,1,78.41703529147495,6.772425059636294,0.4794313541925055,6.789373727507753,4.049309240221443,32876.0,-2.4947440950054203,-1.3602461267133863,-1.5654641893961232,-5.42045441111493
DBVPG_7019,Rhodotorula mucilaginosa,False,1,75.08946180170773,11.07988041857201,1.7445277794266243,11.216377635540212,8.947766255866632,31672.5,-0.15459224906250668,0.5583148359238365,-0.858579354618661,-0.4548567677573312
DBVPG_8043,Rhodotorula mucilaginosa,False,1,75.4192951892951,11.359441927364555,1.2121846278966342,11.423935944904308,6.091075688420621,40042.5,-0.38655112636146793,0.6828328524164932,-1.1560312272255666,-0.8597495011705414
JES-025-001,Rhodotorula mucilaginosa,False,1,76.23838626139342,9.375235888131895,2.930883127057444,9.822684147552861,17.360270867761425,41289.0,-0.9625857324372384,-0.20094188962549772,-0.19569185674103778,-1.359219478803774
NRRL_Y-2510,Rhodotorula mucilaginosa,False,1,73.7475738289743,0.6020244325056212,1.7698194797356903,1.8694101765491768,71.21367323113151,25085.0,0.7891049002558722,-4.108571711211178,-0.8444473730261063,-4.163914183981412
TFCN_100D-1,Rhodotorula mucilaginosa,False,1,72.68027422739084,11.556559938587103,5.677022256742637,12.875661509907273,26.16202823540326,26889.5,1.5396948242651498,0.7706301456791464,1.3387398800368147,3.6490648499811105
TFCN_102C-1,Rhodotorula mucilaginosa,False,1,74.45455629177341,11.224352745956873,2.33673815925059,11.465009367225454,11.760125160980266,37859.0,0.29191187943866376,0.6226634929393854,-0.5276760905311891,0.38689928184686007
TFCN_102C-2,Rhodotorula mucilaginosa,False,1,76.40380930927599,11.51591940659144,1.406178873416991,11.601454167609923,6.961774143409625,39014.5,-1.0789212700457493,0.752528660767425,-1.0476350706503406,-1.3740276799286648
TFCN_102D-1,Rhodotorula mucilaginosa,False,1,73.9155413004899,8.358244881900568,4.425238288848271,9.45743048713052,27.898797609798212,27782.5,0.6709799693612235,-0.6539144874403396,0.6392935092526024,0.6563589911734863
TFCN_102D-2,Rhodotorula mucilaginosa,False,1,74.18240516419263,11.817121166461911,3.892921212120809,12.441832189296811,18.233464162072256,36324.5,0.4833050869942902,0.8866853473054134,0.34185620619321094,1.7118466404929145
TFCN_105A-2,Rhodotorula mucilaginosa,False,1,74.16475838586484,10.522486343151227,2.498918568540398,10.815142756986617,13.359332214331175,27967.5,0.49571537365083085,0.31004888194496405,-0.4370562219280893,0.3687080336677056
TFCN_106A-1,Rhodotorula mucilaginosa,False,1,74.71135100052828,11.29954946962017,1.5564983487378723,11.406248521140382,7.843061587057116,40927.5,0.11131823858623742,0.6561564688420457,-0.9636426133509916,-0.19616790592270839
TFCN_107A-6,Rhodotorula mucilaginosa,False,1,73.51748783435701,11.390942229222656,5.859481517519665,12.809648259169435,27.221213531104876,27816.5,0.9509153506291002,0.6968632356521242,1.4406907525832444,3.088469338864469
TFCN_107C-3,Rhodotorula mucilaginosa,False,1,74.52881194002245,10.854560276491178,3.245138173441975,11.32927184600628,16.644846136952392,32162.0,0.23969079616100342,0.45795618036739966,-0.02009881726153463,0.6775481592668684
TFCN_110C-1,Rhodotorula mucilaginosa,False,1,71.47273032031677,6.225318071212834,2.9483943249670577,6.8882228610336815,25.3428642191855,16989.5,2.3889130644892544,-1.6039301635537853,-0.18590730593985907,0.5990755949956101
TFCN_118C-2,Rhodotorula mucilaginosa,False,1,73.08917267631475,11.643602401918336,5.259189878900394,12.776249648323518,24.307773139091612,32586.5,1.2521325922077555,0.8093992699818873,1.105272007166153,3.166803869355796
TFCN_122C-2,Rhodotorula mucilaginosa,False,1,75.90187588749997,8.892920010943842,1.484442916619011,9.015963458984611,9.476674358612094,29759.5,-0.7259311927051113,-0.41576765948832556,-1.0039042813252204,-2.145603133518657
TFCN_130D-4,Rhodotorula mucilaginosa,False,1,74.69400914608767,10.327207964981213,2.195275945500513,10.557957228027805,12.000849995471711,27495.5,0.12351408423955762,0.22307096993320313,-0.6067194674622967,-0.2601344132895359
TFCN_134A-3,Rhodotorula mucilaginosa,False,1,75.37303184113757,10.044530358654368,2.558667497557709,10.365296401405388,14.291155612692656,35745.5,-0.35401592919054004,0.09716502888024325,-0.4036709313098536,-0.6605218316201504
TFCN_137C-3,Rhodotorula mucilaginosa,False,1,74.17848921340132,10.253103596961507,1.3067275930477795,10.336037459900068,7.263021969872671,21985.0,0.486059021505755,0.1900645343938137,-1.1032044331826767,-0.42708087728310806
TFCN_137D-4,Rhodotorula mucilaginosa,False,1,75.05018043372807,10.775881113725072,2.586289087487692,11.081899883196682,13.496123512374682,34561.0,-0.12696720454540353,0.42291210963944964,-0.3882371014100232,-0.09229219631597707
TFCN_138A-1,Rhodotorula mucilaginosa,False,1,74.69550474877765,9.78909475016318,2.461996357570606,10.093948785899563,14.11731787658455,31001.0,0.12246228556207414,-0.01660719766228908,-0.45768686357753513,-0.35183177567775004
TFCN_140A-3,Rhodotorula mucilaginosa,False,1,73.2930456157391,10.732897057591105,4.555111176690785,11.659507583121215,22.996682831747304,29216.5,1.1087567548299029,0.4037668080071623,0.7118612385050488,2.224384801342114
TFCN_141C-2,Rhodotorula mucilaginosa,False,1,74.80758292552939,10.600650844663065,2.0484116862675705,10.796748990640344,10.93672775917266,27783.5,0.04364210231982763,0.3448637201193201,-0.6887812894324131,-0.3002754669932654
TFCN_152A-1,Rhodotorula mucilaginosa,False,1,75.50255566591002,8.537482222215175,2.8039582176895395,8.986144021836555,18.18168889278112,47145.5,-0.4451049520376464,-0.5740813294573643,-0.26661237457514014,-1.2857986560701509
TFCN_152A-12,Rhodotorula mucilaginosa,False,1,74.50419736755774,11.01314313977486,2.93734145204127,11.398126890987394,14.933861637337797,36110.0,0.25700125898549975,0.528589736721767,-0.192083205338607,0.5935077903686597
TFCN_152A-2,Rhodotorula mucilaginosa,False,1,73.22182507863583,10.101796748207756,3.225178709116366,10.604153678999484,17.706609884070897,26468.5,1.15884336355058,0.12267174927849041,-0.031251360546481095,1.2502637522825892
TFCN_152A-5,Rhodotorula mucilaginosa,False,1,75.6126945602884,10.530433822828464,0.919057822223579,10.570463744678378,4.987927481948029,33126.5,-0.5225613140931419,0.31358872693220624,-1.319818658336754,-1.5287912454976895
TFCN_152C-5,Rhodotorula mucilaginosa,False,1,74.80382930280973,11.112480927820842,4.599133104421771,12.026606241303911,22.483242800541436,34489.0,0.04628187786900498,0.5728352567280016,0.7364589154014519,1.3555760499984584
TFCN_17-0-2E334-10,Rhodotorula mucilaginosa,False,1,75.22667577813652,10.866155253075702,2.852671929091916,11.234369903068604,14.709814237363998,31816.5,-0.2510894537723201,0.46312063770567763,-0.23939311828035356,-0.027361934346996047
TFCN_17-0-2E334-4,Rhodotorula mucilaginosa,False,1,76.09601268575761,10.59392937242791,3.46229398348632,11.145349665940337,18.098358783879515,39007.5,-0.8624599840917313,0.34186994463768533,0.10123908698221125,-0.4193509524718347
TFCN_17-0-2E337-3,Rhodotorula mucilaginosa,False,1,75.44471290401756,8.278300328062176,4.073828438896321,9.226393362043197,26.20222700932397,38945.0,-0.4044264076168155,-0.689522169328814,0.4429398647653951,-0.6510087121802346
TFCN_17-0-2E390-1,Rhodotorula mucilaginosa,False,1,75.3917438789885,10.162790446557004,4.016954072485717,10.927864827178723,21.566951513379486,37220.0,-0.36717537106398623,0.14983863061992628,0.4111607637409081,0.19382402329684814
TFCN_17-0-2E390-2,Rhodotorula mucilaginosa,False,1,72.74811244487846,10.277835903412967,5.523352656839908,11.667961922688345,28.253772901430683,28317.0,1.4919868681922597,0.20108042050748334,1.2528755083013108,2.945942797001054
TFCN_17-267M-1,Rhodotorula mucilaginosa,False,1,75.29052199958554,8.710689978460334,3.965924447248831,9.57103320557061,24.47948695611719,35053.5,-0.2959899956956894,-0.4969337766989646,0.38264746824435614,-0.4102763041502979
TFCN_17-291Y-1,Rhodotorula mucilaginosa,False,1,74.77126273572495,9.605297758493808,4.409691831996282,10.569159241988025,24.659360788990853,35458.0,0.06918466643666356,-0.09847124589566225,0.6306067764755658,0.6013201970165671
TFCN_17-325D-2,Rhodotorula mucilaginosa,False,1,74.26558367377723,11.161644369597044,2.8443440220597136,11.518359169134474,14.296512832588132,33898.0,0.42480890551377365,0.5947328859129535,-0.24404641669229943,0.7754953747344276
TFCN_17-325D-4,Rhodotorula mucilaginosa,False,1,74.29427241374056,11.298801858379171,2.5511704120414147,11.583237626250623,12.723526067039773,35810.0,0.4046332405767218,0.65582347926405,-0.40786000018301677,0.6525967196577549
TFCN_17-325P-1,Rhodotorula mucilaginosa,False,1,74.03251768778739,10.54554993034079,2.7366578595431124,10.894857482937065,14.547825199667441,33347.0,0.5887150668706431,0.3203215126173824,-0.304217099084576,0.6048194804034495
TFCN_17-329Y-4,Rhodotorula mucilaginosa,False,1,72.46644318604783,9.15955256778009,3.128529776292166,9.679106456851972,18.85807548216552,21024.5,1.690073803920308,-0.29700825926541313,-0.08525488434760917,1.3078106603072859
TFCN_17-332C-1,Rhodotorula mucilaginosa,False,1,75.51422166819029,11.092531802853165,0.8138076844872111,11.122344390668692,4.196008451992571,33142.0,-0.45330919361334354,0.5639498222400133,-1.3786281883773666,-1.2679875597506967
TFCN_17-332C-2,Rhodotorula mucilaginosa,False,1,76.5356028872815,11.441667766904974,1.2706668000419474,11.512009181935232,6.337077272904371,29124.5,-1.1716065212660312,0.7194566297320398,-1.1233537492327592,-1.5755036407667506
TFCN_17-332M-1,Rhodotorula mucilaginosa,False,1,75.7115591454626,9.074471167424464,2.5135952540350397,9.416166314882368,15.482536506383013,45656.5,-0.5920888969414967,-0.3349039168559638,-0.42885548228957476,-1.3558482960870353
TFCN_17-332M-2,Rhodotorula mucilaginosa,False,1,75.91195608757445,11.636411908803282,0.5533335234363834,11.649560511002006,2.722472548240604,41013.0,-0.7330202018237129,0.8061965903849795,-1.5241706392337415,-1.450994250672475
TFCN_17-332P-1,Rhodotorula mucilaginosa,False,1,76.43133953382122,10.074204261844857,0.3450314985017688,10.08011102341296,1.9615568635863951,28874.0,-1.0982821965547689,0.11038192552253692,-1.640561405615416,-2.628461676647648
TFCN_17-332P-2,Rhodotorula mucilaginosa,False,1,75.56358968226509,10.437981651250135,1.024557436757606,10.488144683071923,5.60600437477222,33253.5,-0.4880277804824088,0.272410093024078,-1.260869730728196,-1.4764874181865268
TFCN_17-333D-2,Rhodotorula mucilaginosa,False,1,76.57269146123666,10.949317235530998,0.9145423470412029,10.9874444539587,4.774550720437865,35832.0,-1.1976894598011103,0.5001613774972735,-1.3223417236656636,-2.0198698059695004
TFCN_17-333P-6,Rhodotorula mucilaginosa,False,1,74.28083146812594,10.227340159183846,3.489678854400241,10.806310435967626,18.840195071195957,35619.0,0.41408573014246497,0.17858937751702467,0.1165406478476661,0.7092157555071557
TFCN_17-334C-1,Rhodotorula mucilaginosa,False,1,76.81644436899029,10.000930635849544,1.2099722567273818,10.07385956052217,6.898456674527725,30356.5,-1.3691113138301,0.07774550640472587,-1.1572674109640144,-2.4486332183893884
TFCN_17-334D-6,Rhodotorula mucilaginosa,False,1,76.6649741784567,8.077417794843015,2.932817720453912,8.593375239907488,19.95537870090741,39647.5,-1.2625882732203209,-0.7789961984700432,-0.19461088401346804,-2.236195355703832
TFCN_17-334Y-2,Rhodotorula mucilaginosa,False,1,74.46197438761376,10.6517505844108,1.9932473319348831,10.836642719899986,10.599097765356131,26872.5,0.2866950237546165,0.36762378556667286,-0.719604904708103,-0.06528609538681374
TFCN_17-334Y-3,Rhodotorula mucilaginosa,False,1,74.814060149289,10.71307808575156,4.502824471241018,11.620906603626812,22.797550678188905,34629.5,0.039086925045977494,0.39493934433720757,0.682645537309722,1.116671806692907
TFCN_17-334Y-5,Rhodotorula mucilaginosa,False,1,75.4935260012164,7.544144276828743,3.88244174353582,8.484542813938612,27.231702074765423,32414.0,-0.43875474322452185,-1.0165187422493922,0.3360007020027815,-1.1192727834711325
TFCN_17-337P-5,Rhodotorula mucilaginosa,False,1,75.17416742450305,10.820259344501496,2.917220081015065,11.20661346185142,15.088597723756852,36198.0,-0.21416238933312567,0.4426783832427098,-0.20332621555478322,0.025189778354800907
TFCN_17-338D-3,Rhodotorula mucilaginosa,False,1,72.71717416014104,10.725135208801584,2.890222387317509,11.107741025754368,15.08186657899569,31684.0,1.5137445496863617,0.4003096438941146,-0.2184114374146408,1.6956427561658354
TFCN_17-390M-1,Rhodotorula mucilaginosa,False,1,74.44799356363583,10.56514494664175,4.051101368829524,11.315198188457954,20.978832137017296,37408.0,0.29652718858594757,0.3290492254326232,0.4302408950673579,1.0558173090859286
TFCN_172A-1,Rhodotorula mucilaginosa,False,1,74.95470388876973,9.447561741878816,3.271074923636025,9.997817462959238,19.097635385696286,31719.0,-0.05982229741845312,-0.16872761274381284,-0.0056064078215249296,-0.2341563179837909
TFCN_17Y-278-1,Rhodotorula mucilaginosa,False,1,74.8316993997455,8.417116183695075,3.829173251533996,9.247184038402446,24.462068891110434,32212.0,0.026681932445886448,-0.6276929315492801,0.3062364180980303,-0.2947745810053633
TFCN_17_332M_1,Rhodotorula mucilaginosa,False,1,75.68524414102848,9.636237798042275,3.790104486184825,10.35480424327843,21.470600839826698,41621.5,-0.5735825870457473,-0.08469040613907632,0.28440636847655815,-0.3738666247082654
TFCN_181A-1,Rhodotorula mucilaginosa,False,1,75.07484395635447,11.129862257234098,1.8975101210019216,11.290455195620273,9.675228934431699,32128.0,-0.144312092097581,0.5805769829473654,-0.7730989951051078,-0.33683410425532345
TFCN_1A-1-2,Rhodotorula mucilaginosa,False,1,74.07818948709422,11.198800847911375,6.052117854697231,12.729543234473324,28.387919464189455,38419.5,0.5565958827912881,0.6112825568584852,1.5483281647691964,2.7162066044189697
TFCN_1A-1-3,Rhodotorula mucilaginosa,False,1,74.21404122083891,9.340014468027208,2.894738728605295,9.778311846624906,17.219710137818048,21659.0,0.4610566899004907,-0.21662967650443002,-0.2158878881409761,0.02853912525508459
TFCN_1A-14,Rhodotorula mucilaginosa,False,1,74.78608660318599,8.953841075871814,3.9040011305438216,9.767931963279473,23.557881438096782,35993.5,0.05875962220859197,-0.38863312941580147,0.3480472175245009,0.018173710317291425
TFCN_1B-1-2,Rhodotorula mucilaginosa,False,1,73.74108415403136,10.50304867215679,2.7913075469681248,10.867632181457731,14.882995218367245,29145.0,0.7936688339583116,0.30139125147245077,-0.2736810589096772,0.8213790265210852
TFCN_209-6-1,Rhodotorula mucilaginosa,False,1,73.32757550506307,12.329231614881586,5.882575923796384,13.660697336249877,25.50694324627196,42164.5,1.0844732387812974,1.1147817599260168,1.4535949749330792,3.652849973640393
TFCN_209-6-11,Rhodotorula mucilaginosa,False,1,74.16253719871608,9.286999100374407,2.127498958305246,9.527570734869668,12.90288535666658,22445.5,0.49727744740287455,-0.2402429716689457,-0.6445905130518645,-0.3875560373179357
TFCN_209-6-12,Rhodotorula mucilaginosa,False,1,76.46001026362602,10.283710697216677,1.1065088636279086,10.343068576072374,6.141296018747185,38837.0,-1.1184451956541308,0.20369708141656465,-1.2150785801980926,-2.1298266944356588
TFCN_209-6-14,Rhodotorula mucilaginosa,False,1,75.55995264732472,10.118142569082195,1.274625416539843,10.19811154090612,7.179971352285625,36952.0,-0.48546999654296014,0.1299522551035605,-1.1211418340670483,-1.476659575506448
TFCN_209-6-17,Rhodotorula mucilaginosa,False,1,76.00833659158943,9.727890846952995,1.772658311442321,9.88808261592496,10.327370317094239,32363.5,-0.8008008278796462,-0.0438677052416643,-0.8428611484175502,-1.6875296815388607
TFCN_209-6-2,Rhodotorula mucilaginosa,False,1,74.52295327934613,10.03854924796696,2.0828623380677147,10.252355169579278,11.72177332755685,27755.0,0.24381096229365656,0.09450101392898712,-0.6695316553175953,-0.3312196790949516
TFCN_209-6-4,Rhodotorula mucilaginosa,False,1,77.52575882922517,9.896820967669973,1.2441607095817209,9.974718098140864,7.165245646813899,41974.5,-1.8679443369254884,0.031374568447566795,-1.1381642830401775,-2.974734051518099
TFCN_209-6-5,Rhodotorula mucilaginosa,False,1,74.39361277313071,10.235818918018474,2.093929089150937,10.447800148971904,11.56141410993329,31011.0,0.3347710643938704,0.1823658567504045,-0.6633480013644674,-0.14621108022019247
TFCN_211A-3,Rhodotorula mucilaginosa,False,1,74.40820756013858,12.199291669280132,5.259382076610164,13.284721188641328,23.32193321678118,27791.0,0.32450712345834204,1.0569058943988232,1.1053793994910424,2.486792417348208
TFCN_212C-2,Rhodotorula mucilaginosa,False,1,75.14634812846307,10.753335255105606,2.079993669953084,10.952652316938671,10.947401241228468,29565.5,-0.19459817018635514,0.4128700777175835,-0.6711345513070189,-0.45286264377579055
TFCN_213-6-2,Rhodotorula mucilaginosa,False,1,75.2378720500861,11.387386322333672,1.4824502339833734,11.48347621368675,7.417253042635264,34718.0,-0.258963352440837,0.6952794179278557,-1.0050177119756911,-0.5687016464886724
TFCN_213-6-4,Rhodotorula mucilaginosa,False,1,74.1177077117807,10.36136059622056,1.9103324044278505,10.535993702556924,10.446357051182993,25774.0,0.5288042662476335,0.23828271320321268,-0.7659344205159968,0.0011525589348494458
TFCN_223A-8,Rhodotorula mucilaginosa,False,1,75.47407354028087,8.97315611770469,1.8135277486290515,9.154584294644332,11.425903521474206,27975.0,-0.42507459085331545,-0.38003011855107227,-0.8200249560317853,-1.625129665436173
TFCN_22C-4,Rhodotorula mucilaginosa,False,1,73.79716736587712,10.210737152984873,4.717393576627665,11.24779780064318,24.797089742369597,27387.0,0.7542277120324234,0.17119432013362204,0.8025380953663291,1.7279601275323746
TFCN_25-0-2E332-1,Rhodotorula mucilaginosa,False,1,76.61260073354272,10.22129947404138,0.8364820161634201,10.255470008800348,4.678497415477776,36713.0,-1.225756084789099,0.17589882782209262,-1.3659586867639537,-2.4158159437309603
TFCN_25-0-2E333-1,Rhodotorula mucilaginosa,False,1,74.13614155338567,10.692139202054918,3.466399156544892,11.240007287747401,17.96273118784074,43167.0,0.5158404688762592,0.38561306663632744,0.10353289204035518,1.0049864275529419
TFCN_25-0-2E333-5,Rhodotorula mucilaginosa,False,1,73.93189626074474,10.16966766377697,4.10365746285295,10.966409848446284,21.975028126199636,53472.0,0.6594781676584636,0.15290177565343926,0.4596071197276029,1.2719870630395056
TFCN_25-0-2E333-7,Rhodotorula mucilaginosa,False,1,74.92336492928703,10.784030386997628,2.753820554892372,11.130087108205215,14.324969956776552,32559.0,-0.03778283710033068,0.426541834447196,-0.2946272774517686,0.09413171989509672
TFCN_25-0-2E333-9,Rhodotorula mucilaginosa,False,1,73.75360322892723,11.408777685410598,5.19822010280131,12.53721262930044,24.49559427255948,31999.5,0.7848646598905785,0.7048072320819484,1.0712045564607695,2.560876448433296
TFCN_25-0-2E334-1,Rhodotorula mucilaginosa,False,1,75.33432535245848,9.209100403336862,3.751486292093542,9.943901630572626,22.16437453593652,46118.5,-0.3267951747245904,-0.2749394192749553,0.26282807989308615,-0.3389065141064596
TFCN_25-0-2E390-1,Rhodotorula mucilaginosa,False,1,73.85760595940783,9.648376917039652,3.046856698788003,10.118029100383776,17.52557285697851,27800.0,0.7117236210928721,-0.07928358519991996,-0.13089050448353118,0.5015495314094209
TFCN_25-325Y-1,Rhodotorula mucilaginosa,False,1,73.2995535282131,10.358731722631354,2.586841486003155,10.676847464263792,14.021450533537891,29017.5,1.1041799953876004,0.23711180048939998,-0.38792844340930027,0.9533633524677001
TFCN_25-327D-1,Rhodotorula mucilaginosa,False,1,73.60758492381721,10.947628414820944,4.842403991092037,11.970774591560021,23.86097942561683,38656.0,0.8875536034392213,0.499409168776066,0.8723888706997242,2.2593516429150116
TFCN_25-331D-1,Rhodotorula mucilaginosa,False,1,74.6427786525741,10.439952785296777,4.567192735830005,11.395256190426098,23.6280574796345,34430.0,0.1595424798055825,0.27328804543887586,0.7186119262515591,1.1514424514960175
TFCN_25-332C-1,Rhodotorula mucilaginosa,False,1,73.98316880046407,11.083176353254787,3.81590706944997,11.721686945146775,18.998444370089494,28290.5,0.6234202026460133,0.5597828607995117,0.2988238108504374,1.4820268742959626
TFCN_25-332D-1,Rhodotorula mucilaginosa,False,1,76.10263024645067,11.15898965885978,0.7570017830643816,11.18463686965751,3.880876126488318,35697.5,-0.8671138548233988,0.5935504652113568,-1.4103690339293018,-1.6839324235413438
TFCN_25-332D-2,Rhodotorula mucilaginosa,False,1,75.51299349947638,7.300481988796848,0.7547534704139991,7.339393031433128,5.902500768311703,21723.5,-0.4524454707558862,-1.1250470762494376,-1.4116253003171382,-2.989117847322462
TFCN_25-332M-1,Rhodotorula mucilaginosa,False,1,74.74224025588461,10.833241518171029,2.1343977489314216,11.041502413243773,11.145829831823058,32107.0,0.08959503753171455,0.44846070471491584,-0.6407357472216266,-0.1026800049749963
TFCN_25-332M-2,Rhodotorula mucilaginosa,False,1,75.33454254958903,11.015732700718942,4.137180876701385,11.767014597604282,20.58468182835217,36788.5,-0.32694792094268593,0.5297431393977532,0.478338650689792,0.6811338691448592
TFCN_25-332P-2,Rhodotorula mucilaginosa,False,1,74.7895810939084,9.518367635531364,2.801281861873428,9.922021090221085,16.399301571237793,31131.0,0.056302084023542316,-0.1371903332675178,-0.26810781421210494,-0.3489960634560805
TFCN_25-332Y-1,Rhodotorula mucilaginosa,False,1,74.5359342296126,11.153587565733314,2.5851106903298726,11.449249445607279,13.049258531061765,31858.5,0.23468196940391842,0.5911443474166672,-0.3888955421925535,0.4369307746280321
TFCN_25-333C-2,Rhodotorula mucilaginosa,False,1,73.56812356808427,10.535243026346176,5.7872861073763655,12.020150835692837,28.781150018753355,35212.5,0.9153052262796556,0.3157307688947122,1.4003508705371837,2.6313868657115513
TFCN_25-333P-2,Rhodotorula mucilaginosa,False,1,74.84291902184216,10.911845422099889,4.364688550257339,11.752398761808154,21.801184885461595,33287.0,0.018791612535290055,0.48347125480128017,0.6054607585579285,1.1077236258944987
TFCN_25-333Y-10,Rhodotorula mucilaginosa,False,1,74.25309903335534,7.240668137835096,3.654858925543581,8.110811848877148,26.783191640736966,33150.5,0.4335888631673189,-1.15168844799161,0.20883660645578653,-0.5092629783685046
TFCN_25-333Y-9,Rhodotorula mucilaginosa,False,1,75.1804399916914,11.367334557156674,2.982400640203542,11.752064010760613,14.701114085281061,34033.5,-0.21857363967207402,0.6863482670058271,-0.16690594916748192,0.30086867816627116
TFCN_25-334D-3,Rhodotorula mucilaginosa,False,1,74.0880482532506,12.00812208962132,4.31683939146218,12.760489741813638,19.773171082883437,34524.0,0.5496625994571925,0.9717580606513866,0.5787245793746718,2.100145239483251
TFCN_25-334Y-6,Rhodotorula mucilaginosa,False,1,73.537362022859,12.258264057001991,5.930908920396277,13.617661998787568,25.819063545028833,30698.0,0.9369386138109462,1.0831724744393927,1.480601503158382,3.500712591408721
TFCN_25-335Y-1,Rhodotorula mucilaginosa,False,1,76.24895382434289,7.718853214854022,0.071999320043925,7.719189002385487,0.5344236269929405,33949.5,-0.9700174847394432,-0.9387025560354684,-1.7931207698728768,-3.7018408106477887
TFCN_25-337M-3,Rhodotorula mucilaginosa,False,1,75.04806338301594,10.398540278767966,2.030410251970077,10.594914144081818,11.048513202725383,28717.0,-0.12547836586244726,0.2548427194237579,-0.6988397645457122,-0.5694754109844016
TFCN_25-337Y-1,Rhodotorula mucilaginosa,False,1,73.80989589635257,10.862880151595366,2.375373641336176,11.119557775553812,12.334650637690007,29671.5,0.7452762360755801,0.46166189203677305,-0.506088142114085,0.7008499859982682
TFCN_25-395P-1,Rhodotorula mucilaginosa,False,1,76.05419826669734,9.286587153359784,4.122261168495262,10.1604004890669,23.936152004010403,33485.5,-0.8330535441582968,-0.24042645481504282,0.4700021197662606,-0.6034778792070791
TFCN_270H-1,Rhodotorula mucilaginosa,False,1,75.02535626994074,10.069157090670744,5.15832752067656,11.313543535390409,27.12560525119418,38447.5,-0.10950934436904675,0.10813389164185785,1.0489141912667637,1.0475387385395747
TFCN_270H-2,Rhodotorula mucilaginosa,False,1,71.82365211690055,11.72928531972642,6.0129986691804085,13.180754421015328,27.141870547441084,28946.5,2.142123536750056,0.8475628462869614,1.5264699423925339,4.516156325429551
TFCN_273H-1,Rhodotorula mucilaginosa,False,1,74.33628017580213,11.557188330032249,5.21514818608974,12.679367992873647,24.287140351593777,33141.0,0.37509083009814886,0.7709100341969486,1.080663286340768,2.226664150635865
TFCN_2M-1-4,Rhodotorula mucilaginosa,False,1,72.08257309744317,11.797758401721438,5.519029518453456,13.02485278730433,25.070344991372462,27864.5,1.9600345723940613,0.8780610804322266,1.2504599130130216,4.08855556583931
TFCN_2M_1_3,Rhodotorula mucilaginosa,False,1,74.21607069573608,11.987926948346132,5.364770397108204,13.13358876821457,24.10920513683673,32651.0,0.4596294398513141,0.9627630493380034,1.1642661404830936,2.586658629672411
TFCN_33A-4,Rhodotorula mucilaginosa,False,1,74.50965157718986,4.873817414183829,3.0457376053330987,5.7472266135364585,32.002016184238165,25720.0,0.2531655273997015,-2.2058949398515644,-0.13151580874982394,-2.084245221201687
TFCN_340-1,Rhodotorula mucilaginosa,False,1,73.21727962841399,9.734569701468924,4.948926533504783,10.920335210367146,26.948181777703972,25411.5,1.162040000307061,-0.04089291189347255,0.9319093691309597,2.0530564575445482
TFCN_340-3,Rhodotorula mucilaginosa,False,1,73.05792057980723,10.924021446405291,5.385411364445764,12.179363699546226,26.24274364789752,24247.5,1.2741109652043392,0.4888945135389491,1.1757994801519316,2.93880495889522
TFCN_342-3,Rhodotorula mucilaginosa,False,1,75.61631715672115,10.498670509661231,1.095706498131177,10.555693023221039,5.95817334157607,33329.0,-0.5251089439968155,0.2994411972171845,-1.2211145061536575,-1.4467822529332885
TFCN_363-1-2,Rhodotorula mucilaginosa,False,1,74.18846246661955,12.130671821384524,5.359001668362307,13.261677786752418,23.83454088773275,34612.0,0.479045223914063,1.0263422900282035,1.1610428076326629,2.6664303215749294
TFCN_3M-1-1,Rhodotorula mucilaginosa,False,1,74.06008185766012,10.057932312998688,3.817201995121855,10.757928865930719,20.782832696900886,36724.5,0.5693302679449636,0.10313432264778448,0.29954736306460966,0.9720119536573577
TFCN_404D-1,Rhodotorula mucilaginosa,False,1,74.54340748739234,10.27817735241421,3.758788348035908,10.94392157926083,20.08775567557736,37249.0,0.2294263204927012,0.20123250350543145,0.266908174109936,0.6975669981080687
TFCN_4M-1-2,Rhodotorula mucilaginosa,False,1,72.57702051830438,9.899072606883996,5.633300864699575,11.389719799388661,29.643061620149354,29042.0,1.612309105711428,0.0323774591888502,1.3143101303559706,2.958996695256249
TFCN_4M-1-3,Rhodotorula mucilaginosa,False,1,74.77725713938247,10.873002007127871,2.945427679803209,11.264888675169303,15.157290077590677,32526.0,0.0649690375925161,0.4661702143003649,-0.1875649475509343,0.3435743043419467
TFCN_4M-1-4,Rhodotorula mucilaginosa,False,1,76.0932635829922,11.034015767615047,1.253075071824994,11.104940391357655,6.479021937611537,37871.5,-0.8605266480043482,0.5378865037512304,-1.1331832971202176,-1.4558234413733353
TFCN_4M-1-5,Rhodotorula mucilaginosa,False,1,73.7311195385185,10.100328483778926,0.9444410243783452,10.144387824248673,5.341964725274225,25936.5,0.8006765569907951,0.12201777736671231,-1.3056355492049943,-0.3829412148474869
TFCN_54D-1,Rhodotorula mucilaginosa,False,1,76.54554819050645,8.540182169165327,3.596659441190353,9.266642899045646,22.838174584202626,39388.0,-1.1786006627243355,-0.5728787603328795,0.17631708299452029,-1.5751623400626948
TFCN_54D-2,Rhodotorula mucilaginosa,False,1,76.29659050005463,9.254053201346728,0.8580363883474162,9.293746666285019,5.297322507375268,39744.5,-1.0035184892835136,-0.2549172307120179,-1.3539149733235365,-2.612350693319068
TFCN_86A-12,Rhodotorula mucilaginosa,False,1,75.76874174231547,11.262945577335705,1.652410712559449,11.383514582105438,8.346441455733268,28593.5,-0.6323031731979201,0.639852922324293,-0.9100506545873864,-0.9025009054610135
TFCN_86A-3,Rhodotorula mucilaginosa,False,1,73.6921526442543,10.189553967756336,1.4412748037180068,10.290980668607402,8.050868651053237,34942.0,0.8280804444852198,0.1617592293765059,-1.0280248809467347,-0.038185207085009054
TFCN_89D-3,Rhodotorula mucilaginosa,False,1,74.41529805076924,10.778536859663234,5.154664141062715,11.947695143511018,25.5587180490012,25902.0,0.3195206596615231,0.4240949914244157,1.0468672425588175,1.7904828936447563
TFCN_98A-10,Rhodotorula mucilaginosa,False,1,73.65823526379012,10.792052388661862,5.536098713622812,12.12917077654521,27.156881452197208,32015.0,0.8519332070904333,0.43011487187944286,1.2599974905181053,2.542045569487981
TFCN_98A-5,Rhodotorula mucilaginosa,False,1,75.02880370385142,9.05986110642243,1.3543200319337978,9.160527605796677,8.501946822191044,27089.0,-0.11193378934513859,-0.3414113070352037,-1.0766116987257963,-1.5299567951061386
TFCN_98C-3,Rhodotorula mucilaginosa,False,1,76.91577416321712,10.68867049130201,0.7563195325281491,10.715395284678674,4.047445543425418,32483.0,-1.4389660599482132,0.38406808648292856,-1.4107502479995988,-2.4656482214648836
TFCN_98C-5,Rhodotorula mucilaginosa,False,1,73.39659836384112,11.548124379734736,3.201571109888768,11.983707033364016,15.49535949071453,27498.5,1.0359321709796596,0.7668729079219153,-0.0444423344095249,1.75836274449205
TFCN_98C-7,Rhodotorula mucilaginosa,False,1,72.78591133219547,10.59212185419782,5.583967556621733,11.973877360637163,27.7973554915971,28240.5,1.4654043941457806,0.3410648674804002,1.2867446684401505,3.093213930066331
TFCN_98C-8,Rhodotorula mucilaginosa,False,1,75.763316189371,9.226171564784238,1.2649041043914733,9.312476799226918,7.806557757729215,30757.5,-0.6284875947359225,-0.2673358433326371,-1.1265737110329077,-2.0223971491014674
TFCN_98D-11,Rhodotorula mucilaginosa,False,1,74.88933656123399,10.53387224378531,2.257476594839919,10.773052725418205,12.095892095424183,28748.0,-0.013852021279543249,0.31512021586736977,-0.5719642544569322,-0.2706960598691057
TFCN_98D-7,Rhodotorula mucilaginosa,False,1,76.26579500397554,9.955676089378915,1.504860673717784,10.068768149278908,8.595533856365586,38766.0,-0.981861225449121,0.057588917652091044,-0.9924956625311062,-1.9167679703281362
TFCN_98D-9,Rhodotorula mucilaginosa,False,1,76.33982674049328,10.00208039640038,1.2615055600460556,10.081319781362156,7.188435118823978,38913.0,-1.0339248403934949,0.07825761518482939,-1.1284726804791696,-2.084139905687835
TF_CN_186CL4_2,Rhodotorula mucilaginosa,False,1,76.34489354679641,8.842125359122683,3.731977782431328,9.597439191524034,22.883049772185775,41437.0,-1.0374881264215197,-0.4383918373321334,0.25192751187766643,-1.2239524518759866
TFCN_1A_1_5,Rhodotorula pacifica,False,1,76.3791615987449,11.831223809161532,0.6571241324650423,11.849458593030258,3.179028312434943,27053.5,-1.0615875025196657,0.8929667309760264,-1.4661766349418568,-1.6347974064854962
DBVPG_4610,Rhodotorula paludigena,False,1,70.17581372896998,0.6443766916928717,-1.3697253973701695,1.5137268528363759,295.1942751903545,1181.0,3.3009836061638986,-4.0897078149231785,-2.59869836722894,-3.3874225759882197
DBVPG_7316,Rhodotorula paludigena,False,1,74.35322161804734,8.600926796649865,3.212246179354694,9.181201842793163,20.479491116081334,31195.0,0.36317657862782543,-0.5458228163310429,-0.03847753633947834,-0.22112377404269581
DBVPG_7323,Rhodotorula paludigena,False,1,73.70831037381738,7.565734836302823,6.106312732389718,9.72252018763607,38.907036747315814,31394.0,0.8167173473877234,-1.006902205079126,1.5786100756174928,1.38842521792609
NRRL_Y-12923,Rhodotorula paludigena,False,1,73.81253416971305,7.51113647583665,5.588731217268372,9.362215965118185,36.65143576195914,34318.0,0.743420841959236,-1.0312205727198014,1.2894064097920102,1.0016066790314446
TFCN_25-333P-5,Rhodotorula paludigena,False,1,72.25875314709,4.6733173967507255,3.4969503456287687,5.836827666683859,36.80677753783069,15223.0,1.8361340575993639,-2.2951985946549143,0.12060366373573365,-0.3384608733198167
TFCN_342-2,Rhodotorula paludigena,False,1,75.92074475463286,6.801094729791735,2.925625671391874,7.40365957433944,23.275915768540077,36085.0,-0.7392009264578538,-1.3474765202082817,-0.1986295108244556,-2.285306957490591
TFCN_43A-0-22,Rhodotorula paludigena,False,1,73.24585479615834,8.067531610802176,4.727859657086286,9.350814040948329,30.371815332241145,38842.0,1.1419442062545164,-0.78339955153808,0.8083861188119656,1.166930773528402
TFCN_43A-4,Rhodotorula paludigena,False,1,75.44470117059674,8.634921114171911,2.4535740488839552,8.976741516905156,15.862260904960989,30755.0,-0.40441815596242675,-0.5306815867384961,-0.4623929098248053,-1.3974926525257283
TFCN_48A-10,Rhodotorula paludigena,False,1,76.19574670982524,11.50767660755958,1.7221867578583794,11.635830358556998,8.511458930892719,29955.0,-0.9325990091930236,0.7488572791447264,-0.8710626159930703,-1.0548043460413674
TFCN_48A-15,Rhodotorula paludigena,False,1,73.19673765961386,9.12120839948674,4.860675406568083,10.33550231362188,28.05307260199044,28838.0,1.1764863608021052,-0.3140869329375156,0.8825982004016438,1.7449976282662334
TFCN_48A-2,Rhodotorula paludigena,False,1,74.696194548359,11.750441095455296,4.7900110883213,12.689250260121977,22.178030617470377,31885.5,0.12197717658744295,0.8569857287234626,0.8431138307265854,1.822076736037491
TFCN_48A-3,Rhodotorula paludigena,False,1,73.44503427910291,9.702385163890328,2.49540291678726,10.01814920958904,14.423564090626696,24223.0,1.0018690926259057,-0.05522805695092044,-0.43902062626840854,0.5076204094065767
TFCN_48C-3,Rhodotorula paludigena,False,1,77.89149771744432,5.964995010250663,2.129833780428858,6.333826442567809,19.649380717349516,42261.0,-2.125154143720481,-1.7198792845122102,-0.6432859086611131,-4.488319336893804
TFCN_48D-10,Rhodotorula paludigena,False,2,74.61695890338484,9.177334084552243,4.551577257233063,10.244038091887672,26.37950521109833,29086.75,0.17770049612372565,-0.2890882877061579,0.7098866269085248,0.5984988353260925
TFCN_48D-4,Rhodotorula paludigena,False,1,74.79091869181524,8.902102707688265,4.282214261282635,9.878501485436093,25.689137439233708,43357.0,0.055361403909204736,-0.4116776429849534,0.5593774537817858,0.20306121470603716
TFCN_49A-1,Rhodotorula paludigena,False,1,74.17302411259527,11.215470334487277,1.4269958278405823,11.305887489111086,7.251044621029106,22851.0,0.48990241242675736,0.6187072249157839,-1.0360033964990465,0.07260624084349487
DBVPG_8058,Rhodotorula sp. clade I,False,1,75.40181221687472,11.067606211902072,1.7312121484509555,11.20218740981767,8.890253892860482,36933.0,-0.3742560379711023,0.5528478462972505,-0.8660195919116019,-0.6874277835854538
TFCN_17-328C-3,Rhodotorula sp. clade I,False,1,75.7590504340886,11.011327134001451,3.4039311493476667,11.525453245816234,17.177946082820615,45065.5,-0.6254876564538312,0.5277808791725977,0.0686282902521427,-0.029078487029090744
TFCN_17-328P-3,Rhodotorula sp. clade I,False,1,73.65261531846808,6.3381059552972125,1.689019483132126,6.559296754605169,14.921777687067927,17238.5,0.8558854940827146,-1.5536939072420761,-0.8895951507842801,-1.5874035639436417
TFCN_222A-2,Rhodotorula sp. clade I,False,1,73.81260690569816,11.806409058467278,3.1678370089447294,12.224012686965686,15.019555079370802,37262.0,0.7433696895954025,0.8819141238072002,-0.06329158881934575,1.561992224583257
TFCN_25-333D-1,Rhodotorula sp. clade I,False,1,76.59780370894674,10.341618289242836,3.095846097918209,10.795060532595329,16.665491229930605,26674.0,-1.2153499180945915,0.22948939642483046,-0.10351720501065173,-1.0893777266804128
TFCN_25-333D-5,Rhodotorula sp. clade I,False,1,74.55480280939636,11.854018869054071,4.701442088384022,12.752306499544256,21.633854154857612,33373.0,0.22141243773253796,0.9031197583219926,0.7936250473909738,1.9181572434455045
TFCN_25-333Y-2,Rhodotorula sp. clade I,False,1,79.25123489499137,5.439942507967032,4.281814821532892,6.922926596164761,38.20651816224569,14362.5,-3.0814039382987297,-1.9537401490541144,0.5591542629673399,-4.475989824385504
TFCN_86C-7,Rhodotorula sp. clade I,False,1,75.08977102405562,12.25245904625752,3.15098046603533,12.651143449410176,14.422300141627993,27234.0,-0.15480971300446236,1.0805868952345086,-0.07271034482225272,0.8530668374077935
DBVPG_10348,Rhodotorula sp. clade XI,False,1,77.80631414434399,4.818779242691917,1.805284438381349,5.14584155345463,20.53771959776654,53198.0,-2.065247879757333,-2.2304092014005,-0.8246309851740999,-5.120288066331932
TFCN_186DK3-2,Rhodotorula sp. clade XI,False,1,75.49891549166558,10.349437005798684,1.9662258955428056,10.534556972616283,10.75707404126341,33822.5,-0.44254496034884616,0.23297188970960858,-0.7347033930276228,-0.9442764636668604
DBVPG_7947,Rhodotorula sp. clade XIII,False,1,74.19525051664161,4.525341782047692,1.7414428229112378,4.848849487230517,21.047731954364025,23793.0,0.4742714547281058,-2.361107632389349,-0.8603031038390186,-2.747139281500262
NRRL_Y-7192,Rhodotorula sphaerocarpa,False,1,74.55199856028138,9.624718577035342,5.77023041116732,11.221887839623482,30.943613980356453,22796.0,0.22338455608337296,-0.08982112158527278,1.390820835706428,1.5243842702045283
TFCN_83C-1,Rhodotorula sphaerocarpa,False,1,71.81091518699445,11.190091149344497,4.08777531420057,11.913355822354404,20.067406847328275,25613.5,2.1510809196968363,0.6074032159775435,0.450732815917938,3.209216951592318
TFCN_86A-6,Rhodotorula sphaerocarpa,False,1,73.19229637946779,11.662611323502992,2.8148308384995824,11.997490384762493,13.569124138249077,17329.0,1.179609738832412,0.8178659334421355,-0.26053719278535453,1.736938479489193
TFCN_86A-8,Rhodotorula sphaerocarpa,False,1,71.22150098217486,6.891995611942939,2.331258359198146,7.275600940978824,18.688412274668618,13661.5,2.5655927986005325,-1.3069888379383308,-0.53073798168622,0.7278659789759817
TFCN_86A_5,Rhodotorula sphaerocarpa,False,1,73.58457210646488,12.508699897399197,2.8538520116459742,12.830122541408965,12.852017991266333,27656.0,0.9037376147534805,1.1947177806570388,-0.238733735766412,1.8597216596441073
TFCN_86C-10,Rhodotorula sphaerocarpa,False,1,75.13763591141239,10.75263992787376,3.2952067521812456,11.246228388136437,17.037976780709695,37804.0,-0.18847120984239465,0.41256037568422177,0.007877484231137733,0.23196665007296485
TFCN_86C-9,Rhodotorula sphaerocarpa,False,1,72.22816328970922,11.096071872089386,4.99028194722495,12.166582301672582,24.21507487814259,34436.0,1.857646703807455,0.5655265857989339,0.955017105594071,3.37819039520046
TF_CN_86C_3,Rhodotorula sphaerocarpa,False,1,73.88417889566944,12.391598336533,3.0673092615377486,12.765582455958784,13.90304415765004,26750.0,0.6930359178652988,1.1425601923315545,-0.1194624376960892,1.716133672500764
DBVPG_4530,Rhodotorula taiwanensis,False,1,72.15776227118607,14.169577585880916,4.623653763829555,14.904868435852563,18.071945255723783,23632.5,1.907156977272435,1.9344805480704867,0.7501600704504817,4.591797595793404
DBVPG_4531,Rhodotorula taiwanensis,False,1,71.85201061332073,12.05672444121203,6.867273901214643,13.875303783543742,29.664991046766566,19680.0,2.1221801191366114,0.9934057776174756,2.0038044713706276,5.119390368124715
TFCN_0520-4-2-1,Rhodotorula taiwanensis,False,1,73.70879948430806,13.360909728104996,6.029499784024994,14.658402928290933,24.288663355734265,31106.5,0.8163733751745941,1.574296064567984,1.5356900995346268,3.926359539277205
TFCN_0520-4-2-2,Rhodotorula taiwanensis,False,1,74.15718192529857,12.149401844752273,5.102166501210892,13.17725571548752,22.780071481169742,28267.0,0.5010436010316514,1.034684730905298,1.017533679730992,2.5532620116679414
TFCN_152C-6,Rhodotorula taiwanensis,False,1,74.3701216764565,13.33262216538328,7.092782131832709,15.101866512935242,28.01239843514594,32081.0,0.35129143078530145,1.5616966505187,2.1298093712041792,4.0427974525081805
TFCN_357-1,Rhodotorula taiwanensis,False,1,72.73294178667737,12.52548257004811,6.822097124605647,14.262844133977334,28.57524885609047,28749.5,1.5026557967381244,1.2021928623258782,1.97856151152026,4.683410170584263
TFCN_S22D-1,Rhodotorula taiwanensis,False,1,72.35535817547604,12.128030980205178,6.312943829729489,13.672687930839942,27.498106215961226,25737.0,1.768195532364639,1.0251660468932147,1.6940671950824218,4.487428774340275
DBVPG_6121,Rhodotorula toruloides,False,1,76.36178506675522,11.516391272237495,0.8401180785432227,11.5469938218206,4.172323091417468,40028.5,-1.0493672695069944,0.7527388319549808,-1.3639270018241185,-1.6605554393761321
DBVPG_6739,Rhodotorula toruloides,False,1,75.15058293820383,7.188236420095473,1.050362234558477,7.264571814978062,8.31336073950552,21755.0,-0.19757634568345864,-1.1750417827279933,-1.2464510509611109,-2.6190691793725627
TFCN_152A-4,Rhodotorula toruloides,False,1,75.97438623745323,5.233764504251351,1.7134577014065289,5.507107060923251,18.12768736949962,28902.0,-0.7769248761849504,-2.045572805767036,-0.8759400605140187,-3.6984377424660053
TFCN_152A-6,Rhodotorula toruloides,False,1,73.94242718489093,8.31091289649355,4.815958017429378,9.605452867967502,30.09117708659343,34621.0,0.6520721819887293,-0.6749963773077848,0.8576119277330264,0.8346877324139709
TFCN_152A_3,Rhodotorula toruloides,False,1,75.9638566410799,6.393539526505509,2.8318272786589604,6.992609914269871,23.889516418947814,37327.0,-0.7695198242857636,-1.5290035327918379,-0.25104026784412437,-2.549563624921726
TFCN_152C-2,Rhodotorula toruloides,False,1,75.45970385875918,10.67738975134358,4.243822060919278,11.489851068958295,21.675780215245045,42623.0,-0.41496895777203474,0.3790435916221725,0.537925441374453,0.5020000752245908
TFCN_152C-3,Rhodotorula toruloides,False,1,75.93965269457482,5.7512261182147695,2.2318405608607206,6.169093462733306,21.209412033293543,27325.0,-0.7524981385838095,-1.8150929587376374,-0.5862886358102205,-3.1538797331316677
TFCN_152D-4,Rhodotorula toruloides,False,1,74.47708425498058,5.542998364464937,1.479527311855222,5.7370577768562265,14.944872933789604,22257.5,0.2760688470167787,-1.9078385837975271,-1.0066509229186777,-2.638420659699426
TFCN_152D-6,Rhodotorula toruloides,False,1,75.3076831152849,6.52709709314403,3.304139086631652,7.315759124461131,26.84938913532558,33909.0,-0.3080587348853147,-1.46951636176732,0.012868512295250654,-1.7647065843573841
TFCN_17-331Y-3,,True,1,72.10370025650579,3.1937223214372064,3.958796071571019,5.086445576503536,51.105465159621005,6360.5,,,,
