ont_level,class_id,fraction,predictor,n_members,mean_signed_rho,mean_signed_rho_empirical_p,mean_signed_rho_empirical_fdr,gsea_es,gsea_es_empirical_p,gsea_es_empirical_fdr
npc_pathway,Alkaloids,cell,area,237,-0.07077492381397096,0.001996007984031936,0.0034930139720558877,0.06143448247698141,0.782435129740519,0.8682634730538922
npc_pathway,Amino acids and Peptides,cell,area,1424,-0.110803878196665,0.001996007984031936,0.0034930139720558877,0.3030093720774003,0.03592814371257485,0.18862275449101798
npc_pathway,Carbohydrates,cell,area,97,0.0027024247391281052,0.9461077844311377,0.9461077844311377,0.21974772349516147,0.1996007984031936,0.34930139720558884
npc_pathway,Fatty acids,cell,area,1055,-0.015415748490179926,0.18562874251497005,0.21656686626746505,0.2801598812310855,0.05389221556886228,0.18862275449101798
npc_pathway,Polyketides,cell,area,95,-0.06539448479608985,0.005988023952095809,0.008383233532934133,0.10207231422873486,0.7964071856287425,0.8682634730538922
npc_pathway,Shikimates and Phenylpropanoids,cell,area,29,-0.12996124400626224,0.001996007984031936,0.0034930139720558877,0.23200524858499483,0.12974051896207583,0.30272787757817693
npc_pathway,Terpenoids,cell,area,193,-0.06245119022682426,0.001996007984031936,0.0034930139720558877,0.07106578387943002,0.8682634730538922,0.8682634730538922
npc_class,2-pyrone derivatives,cell,area,3,-0.06740072579488637,0.249500998003992,0.4294296023337939,0.34473936680524464,0.9560878243512974,0.9935746484558972
npc_class,3-Spirotetramic acids,cell,area,1,0.017440369849128976,0.7465069860279441,0.8849321225099469,0.7571108980504954,0.36926147704590817,0.830688622754491
npc_class,Abietane diterpenoids,cell,area,1,-0.04212266410408037,0.720558882235529,0.8598669328010646,0.5893256631511665,0.8682634730538922,0.9620878724478754
npc_class,Acetate-derived alkaloids,cell,area,1,0.08868758490259526,0.7904191616766467,0.9174167793445368,0.8830297219558965,0.8383233532934131,0.9620878724478754
npc_class,Acridone alkaloids,cell,area,6,-0.030465995386478335,0.3852295409181637,0.5944490329685457,0.47759282970550576,0.11776447105788423,0.627663591735448
npc_class,Acyclic monoterpenoids,cell,area,1,0.055536850195562905,0.37924151696606784,0.5902976655384882,0.8290188558644934,0.25349301397205587,0.781561876247505
npc_class,Acyl phloroglucinols,cell,area,2,-0.14746158950538513,0.1656686626746507,0.31215463809223654,0.5882352941176471,0.936127744510978,0.9877891276270988
npc_class,Aminoacids,cell,area,63,-0.06836051423812624,0.003992015968063872,0.016617926936824023,0.09031109454976427,0.8323353293413174,0.9620878724478754
npc_class,Aminoglycosides,cell,area,12,-0.03532638329270934,0.21357285429141717,0.38229540918163674,0.2664635450074835,0.2634730538922156,0.781561876247505
npc_class,Aminosugars,cell,area,10,-0.018117744899852562,0.592814371257485,0.7724410334261056,0.2974358974358975,0.3033932135728543,0.8014781248314182
npc_class,Anabaenopeptins,cell,area,12,-0.1233939266938513,0.001996007984031936,0.010508394974756368,0.27303827239683554,0.4530938123752495,0.9051230871590152
npc_class,Androstane steroids,cell,area,1,-0.01431065285079883,0.8203592814371258,0.9347845190122899,0.668903803131991,0.5369261477045908,0.9378742514970059
npc_class,Ansa macrolides,cell,area,4,-0.053413163808457544,0.12375249500998003,0.24342523743721348,0.30166346769033914,0.8303393213572854,0.9620878724478754
npc_class,Anthranillic acid derivatives,cell,area,3,-0.21242206721022247,0.001996007984031936,0.010508394974756368,0.6463063639270866,0.18762475049900199,0.7378720819231102
npc_class,Anthraquinones and anthrones,cell,area,4,0.008148764519860484,0.846307385229541,0.9389635363419503,0.3873960332693538,0.5069860279441117,0.9378742514970059
npc_class,Antimycins,cell,area,1,-0.017693399527899452,0.7744510978043913,0.906057166712327,0.6589964844998402,0.6646706586826348,0.9564256103178259
npc_class,Apocarotenoids (β-),cell,area,3,-0.10876037927021594,0.00998003992015968,0.03190048474479612,0.39388124933375973,0.6147704590818364,0.9564256103178259
npc_class,Aromadendrane sesquiterpenoids,cell,area,1,-0.1899554714024669,0.001996007984031936,0.010508394974756368,0.7992968999680409,0.2654690618762475,0.781561876247505
npc_class,Ascarosides,cell,area,1,-0.03797528083125049,0.5329341317365269,0.7253976894695459,0.602428891019495,0.7465069860279441,0.9620878724478754
npc_class,Azaphilones,cell,area,2,-0.13549432060525596,0.005988023952095809,0.02101678994951274,0.40824808184143224,0.7425149700598802,0.9620878724478754
npc_class,Benzodiazepine alkaloids,cell,area,5,-0.1154739260830721,0.001996007984031936,0.010508394974756368,0.4159999999999999,0.4530938123752495,0.9051230871590152
npc_class,Beyerane diterpenoids,cell,area,2,-0.17361953106496925,0.003992015968063872,0.016617926936824023,0.7157928388746803,0.3712574850299401,0.830688622754491
npc_class,Bisabolane sesquiterpenoids,cell,area,4,-0.11666581043224594,0.003992015968063872,0.016617926936824023,0.4609724888035829,0.3213572854291417,0.8014781248314182
npc_class,Bisnaphthalenes,cell,area,2,0.030939406659118027,0.6027944111776448,0.7724410334261056,0.7535166240409207,0.23952095808383234,0.781561876247505
npc_class,Branched fatty acids,cell,area,5,-0.0784182267427834,0.03992015968063872,0.10208155118334758,0.36448,0.4930139720558882,0.9378742514970059
npc_class,Cannabinoids,cell,area,2,0.004077410268169187,0.9580838323353293,0.989560205431833,0.6656010230179028,0.6127744510978044,0.9564256103178259
npc_class,Carbazole alkaloids,cell,area,3,-0.04344964204909461,0.31137724550898205,0.5160789532047018,0.5027182603133995,0.3592814371257485,0.8245048364808844
npc_class,Carboline alkaloids,cell,area,16,-0.07186943876737015,0.005988023952095809,0.02101678994951274,0.30358863198458574,0.1437125748502994,0.6769618657421997
npc_class,Cardenolides,cell,area,4,-0.00037878606906893014,0.9960079840319361,0.9960079840319361,0.354766474728087,0.5449101796407185,0.9378742514970059
npc_class,"Carotenoids (C40, β-β)",cell,area,10,-0.10773242294153858,0.001996007984031936,0.010508394974756368,0.28397435897435896,0.31137724550898205,0.8014781248314182
npc_class,"Carotenoids (C40, π-Χ)",cell,area,4,0.012674622752906352,0.8522954091816367,0.9389635363419503,0.5588611644273833,0.3313373253493014,0.8014781248314182
npc_class,"Carotenoids (C40, π-π)",cell,area,1,0.03390778178062789,0.5748502994011976,0.7622089155023286,0.7932246724193033,0.3093812375249501,0.8014781248314182
npc_class,Caryophyllane sesquiterpenoids,cell,area,2,-0.08027089356878911,0.07784431137724551,0.17417664670658684,0.3897058823529411,0.8283433133732535,0.9620878724478754
npc_class,Catechols with side chains,cell,area,2,-0.25254692924544536,0.001996007984031936,0.010508394974756368,0.7026854219948849,0.32934131736526945,0.8014781248314182
npc_class,Cephalosporins,cell,area,5,0.04821045062221836,0.0658682634730539,0.15312232677502138,0.44032,0.1217564870259481,0.627663591735448
npc_class,Ceramides,cell,area,37,-0.036074786413977,0.249500998003992,0.4294296023337939,0.1742994206621753,0.7964071856287425,0.9620878724478754
npc_class,Chalcones,cell,area,9,-0.047604169311866784,0.3413173652694611,0.5406708706480844,0.3365730357079284,0.6646706586826348,0.9564256103178259
npc_class,Cholane steroids,cell,area,5,0.0011232919716841372,0.9840319361277445,0.989560205431833,0.36768,0.6926147704590818,0.9564256103178259
npc_class,Cholestane steroids,cell,area,10,-0.060574886617824286,0.0718562874251497,0.16281361327976956,0.2185897435897436,0.8562874251497006,0.9620878724478754
npc_class,Cinnamic acid amides,cell,area,4,-0.17826873880767954,0.003992015968063872,0.016617926936824023,0.5710172744721689,0.2874251497005988,0.791524643021649
npc_class,Cinnamic acids and derivatives,cell,area,1,-0.06970343525088052,0.2954091816367265,0.4941891917100378,0.506871204857782,0.9880239520958084,0.9935746484558972
npc_class,Cucurbitane triterpenoids,cell,area,2,0.08235813660574909,0.10978043912175649,0.22849649538133035,0.8494245524296675,0.031936127744510975,0.46721940733916784
npc_class,Cyanogenic glycosides,cell,area,3,-0.02942482828912323,0.40718562874251496,0.6073852295409182,0.3115872508261379,0.8043912175648703,0.9620878724478754
npc_class,Cyclamides,cell,area,9,-0.013468796813107217,0.6347305389221557,0.7890053226879574,0.30627647833671545,0.3872255489021956,0.855720657450531
npc_class,Cyclic peptides,cell,area,207,-0.10248214880348556,0.001996007984031936,0.010508394974756368,0.15533640409809923,0.12974051896207583,0.627663591735448
npc_class,Cyclitols,cell,area,2,-0.16348123561607056,0.007984031936127744,0.02646558734383085,0.47218670076726343,0.6467065868263473,0.9564256103178259
npc_class,Cytochalasan alkaloids,cell,area,3,-0.009504319076364169,0.7944111776447106,0.9174167793445368,0.49280460505276624,0.27944111776447106,0.781561876247505
npc_class,DKXanthenes and derivatives,cell,area,1,0.00395198104901134,0.9720558882235529,0.989560205431833,0.7219558964525408,0.6327345309381237,0.9564256103178259
npc_class,Dammarane and Protostane triterpenoids,cell,area,2,0.012620535123310374,0.8263473053892215,0.9347845190122899,0.5313299232736572,0.5449101796407185,0.9378742514970059
npc_class,Depsipeptides,cell,area,27,-0.0890837230182732,0.001996007984031936,0.010508394974756368,0.13537675606641125,0.6946107784431138,0.9564256103178259
npc_class,Diacylglycerols,cell,area,39,0.006453970514321628,0.7744510978043913,0.906057166712327,0.3558469999751138,0.08782435129740519,0.627663591735448
npc_class,Dipeptides,cell,area,232,-0.13647188423831058,0.001996007984031936,0.010508394974756368,0.2934544632445682,0.06786427145708583,0.5521683904917438
npc_class,Disaccharides,cell,area,7,-0.011177136086103314,0.9620758483033932,0.989560205431833,0.38026622752847533,0.7125748502994012,0.9620878724478754
npc_class,Dolabellane diterpenoids,cell,area,1,0.03861592798483255,0.8063872255489022,0.925277649828548,0.7996164908916586,0.6786427145708582,0.9564256103178259
npc_class,Drimane sesquiterpenoids,cell,area,1,-0.04803024497449709,0.5029940119760479,0.708944316092225,0.5669542984979227,0.8602794411177644,0.9620878724478754
npc_class,Epothilones,cell,area,1,0.05697977332259217,0.3253493013972056,0.5231679498146564,0.8315755832534356,0.24550898203592814,0.781561876247505
npc_class,Ergostane steroids,cell,area,23,0.04101879661297607,0.8483033932135728,0.9389635363419503,0.4636794895117617,0.6726546906187625,0.9564256103178259
npc_class,Ergot alkaloids,cell,area,1,-0.14457407539149633,0.03592814371257485,0.09598713021717759,0.6848833493128795,0.6806387225548902,0.9564256103178259
npc_class,Erythromycins,cell,area,11,-0.0030704017917803136,0.8942115768463074,0.958466300931072,0.29406278236031363,0.2774451097804391,0.781561876247505
npc_class,Farnesane sesquiterpenoids,cell,area,5,-0.03955317676732385,0.20758483033932135,0.3753301477852376,0.40544,0.25948103792415167,0.781561876247505
npc_class,Fatty acyl carnitines,cell,area,33,0.03764888739842374,0.43912175648702595,0.64428520009162,0.3687439457539554,0.32335329341317365,0.8014781248314182
npc_class,Fatty acyl glycosides of mono- and disaccharides,cell,area,57,-0.09150294232746307,0.023952095808383235,0.06915201854355806,0.17978887994473658,0.908183632734531,0.9676480372588158
npc_class,Fatty acyl homoserine lactones,cell,area,1,0.10190477209229559,0.6087824351297405,0.7724410334261056,0.8980504953659316,0.6946107784431138,0.9564256103178259
npc_class,Fatty alcohols,cell,area,46,-0.0925883399216124,0.017964071856287425,0.053592814371257486,0.16269102802684263,0.93812375249501,0.9877891276270988
npc_class,Fatty aldehydes,cell,area,3,-0.11105848846888221,0.16167664670658682,0.3078736144731813,0.4214902462424049,0.8862275449101796,0.9620878724478754
npc_class,Fatty nitriles,cell,area,1,0.09691155604104924,0.4231536926147705,0.6259876940334208,0.8926174496644296,0.49500998003992014,0.9378742514970059
npc_class,Flavanones,cell,area,2,-0.3314284171044831,0.001996007984031936,0.010508394974756368,0.9872122762148338,0.001996007984031936,0.11909514304723884
npc_class,Flavonols,cell,area,1,-0.20862354493380356,0.001996007984031936,0.010508394974756368,0.851709811441355,0.2554890219560878,0.781561876247505
npc_class,Furocoumarins,cell,area,1,-0.04220107221406766,0.4870259481037924,0.6918860691315781,0.588686481303931,0.7724550898203593,0.9620878724478754
npc_class,Fusidane triterpenoids,cell,area,1,-0.16354951082983282,0.041916167664670656,0.10567597199966265,0.734100351550016,0.6746506986027944,0.9564256103178259
npc_class,Glucosinolates,cell,area,1,0.02654017515331384,0.6666666666666666,0.8229885057471265,0.7772451262384148,0.35728542914171657,0.8245048364808844
npc_class,Glycerophosphates,cell,area,12,-0.0008542698018077858,0.9760479041916168,0.989560205431833,0.43435963224289076,0.16766467065868262,0.6979529313466091
npc_class,Glycerophosphocholines,cell,area,166,0.05901324561051925,0.17764471057884232,0.32447350197564057,0.46894053948587866,0.12574850299401197,0.627663591735448
npc_class,Glycerophosphoethanolamines,cell,area,73,-0.036177245879651064,0.06387225548902195,0.15043597016493326,0.1832936758663028,0.24750499001996007,0.781561876247505
npc_class,Glycerophosphoglycerols,cell,area,3,-0.05023271331053869,0.09381237524950099,0.20478555084952046,0.3650996695448246,0.688622754491018,0.9564256103178259
npc_class,Glycerophosphoinositols,cell,area,2,-0.07057166795522912,0.3253493013972056,0.5231679498146564,0.46611253196930946,0.7604790419161677,0.9620878724478754
npc_class,Glycerophosphoserines,cell,area,23,-0.08476269346203881,0.00998003992015968,0.03190048474479612,0.11683295783714194,0.9820359281437125,0.9935746484558972
npc_class,Glycosyldiacylglycerols,cell,area,2,0.000848517583705485,0.9800399201596807,0.989560205431833,0.6671994884910486,0.1596806387225549,0.6890504704875963
npc_class,Halogenated fatty acids,cell,area,19,-0.009846534570510079,0.8303393213572854,0.9347845190122899,0.4308142584039655,0.2994011976047904,0.8014781248314182
npc_class,Humulane sesquiterpenoids,cell,area,3,-0.15237795545306485,0.001996007984031936,0.010508394974756368,0.5294744696727427,0.35728542914171657,0.8245048364808844
npc_class,Hydrocarbons,cell,area,5,-0.12985366014422933,0.005988023952095809,0.02101678994951274,0.36224,0.4471057884231537,0.9051230871590152
npc_class,Illudalane sesquiterpenoids,cell,area,1,-0.30326157916242713,0.001996007984031936,0.010508394974756368,0.9856184084372004,0.003992015968063872,0.11909514304723884
npc_class,Imidazole alkaloids,cell,area,31,-0.06644528529261193,0.007984031936127744,0.02646558734383085,0.12559722699309872,0.7984031936127745,0.9620878724478754
npc_class,"Indole diketopiperazine alkaloids (L-Trp, L-Trp)",cell,area,1,-0.28508118750026035,0.001996007984031936,0.010508394974756368,0.9773090444231384,0.05588822355289421,0.5001996007984032
npc_class,Iridoids monoterpenoids,cell,area,4,-0.004256830491075444,0.908183632734531,0.9676480372588158,0.5390275111964171,0.11776447105788423,0.627663591735448
npc_class,Isocoumarins,cell,area,3,-0.06384967125118397,0.03992015968063872,0.10208155118334758,0.20157765696620827,0.998003992015968,0.9980039920159679
npc_class,Isoflavones,cell,area,7,-0.24784362005376143,0.001996007984031936,0.010508394974756368,0.6697772288550387,0.003992015968063872,0.11909514304723884
npc_class,Isoquinoline alkaloids,cell,area,6,-0.03622704575833171,0.31736526946107785,0.5211778278305774,0.36000853606487404,0.4550898203592814,0.9051230871590152
npc_class,Jasmonic acids,cell,area,1,-0.031030283585028087,0.6127744510978044,0.7724410334261056,0.6244806647491211,0.6826347305389222,0.9564256103178259
npc_class,Jatrophane diterpenoids,cell,area,12,-0.1789732346438092,0.017964071856287425,0.053592814371257486,0.5170515287577506,0.8582834331337326,0.9620878724478754
npc_class,Kaurane and Phyllocladane diterpenoids,cell,area,1,0.055253541924687156,0.3932135728542914,0.601583158469386,0.8277404921700224,0.2694610778443114,0.781561876247505
npc_class,Labdane diterpenoids,cell,area,11,-0.10505979363574545,0.011976047904191617,0.03760899254123333,0.2984931067649888,0.846307385229541,0.9620878724478754
npc_class,Lactam bearing macrolide lactones,cell,area,2,0.057472255402510115,0.718562874251497,0.8598669328010646,0.7384910485933505,0.6207584830339321,0.9564256103178259
npc_class,Lactones,cell,area,3,-0.01520902455209025,0.8702594810379242,0.9440996794290208,0.44824645560174814,0.5269461077844312,0.9378742514970059
npc_class,"Lanostane, Tirucallane and Euphane triterpenoids",cell,area,3,0.08912340129540718,0.09580838323353294,0.20662289878075177,0.5924741498774118,0.3932135728542914,0.8583564578160752
npc_class,Leukotrienes,cell,area,14,-0.04007842301690528,0.25349301397205587,0.4321452333428381,0.20740876581698148,0.8243512974051896,0.9620878724478754
npc_class,Linear peptides,cell,area,59,-0.012977370606983092,0.36327345309381237,0.5704030535420387,0.2347714265214776,0.09181636726546906,0.627663591735448
npc_class,Lipopeptides,cell,area,77,0.018280637813715413,0.6227544910179641,0.7795318454001089,0.3668097379201211,0.11976047904191617,0.627663591735448
npc_class,Lupane triterpenoids,cell,area,4,-0.15288490763934917,0.001996007984031936,0.010508394974756368,0.5339091490722969,0.08383233532934131,0.627663591735448
npc_class,Macrolide lactones,cell,area,11,-0.10098780297783896,0.005988023952095809,0.02101678994951274,0.23361217173336435,0.6646706586826348,0.9564256103178259
npc_class,Macrotetrolides,cell,area,3,-0.09244466310718506,0.17764471057884232,0.32447350197564057,0.35518601428419144,0.846307385229541,0.9620878724478754
npc_class,Melithiazole and Myxothiazole derivatives,cell,area,1,0.04129956414127778,0.6087824351297405,0.7724410334261056,0.8050495365931607,0.4171656686626746,0.8785018198896324
npc_class,Menthane monoterpenoids,cell,area,1,0.13566724906657152,0.01996007984031936,0.05857138182651091,0.9284116331096197,0.043912175648702596,0.4912674650698603
npc_class,Merosesquiterpenoids,cell,area,1,-0.11004804250621116,0.17564870259481039,0.32447350197564057,0.6062639821029083,0.8223552894211577,0.9620878724478754
npc_class,Methyl xanthones,cell,area,1,-0.29999285386146696,0.001996007984031936,0.010508394974756368,0.9843400447427293,0.003992015968063872,0.11909514304723884
npc_class,Microcolins and mirabimids,cell,area,5,-0.10772405169563712,0.05189620758483034,0.12725234462581686,0.3328,0.8403193612774451,0.9620878724478754
npc_class,Monacolins and Monacolin derivatives,cell,area,1,0.007200372744599729,0.9401197604790419,0.989560205431833,0.7318632150846915,0.5948103792415169,0.9564256103178259
npc_class,Monoacylglycerols,cell,area,22,-0.1297247816935305,0.003992015968063872,0.016617926936824023,0.3046975546975547,0.5369261477045908,0.9378742514970059
npc_class,Monocyclic monoterpenoids,cell,area,1,-0.09098404410642556,0.16167664670658682,0.3078736144731813,0.5538510706295942,0.8922155688622755,0.9620878724478754
npc_class,Monomeric stilbenes,cell,area,1,-0.40022514130609876,0.001996007984031936,0.010508394974756368,0.9993608181527645,0.001996007984031936,0.11909514304723884
npc_class,Monosaccharides,cell,area,10,-0.06707349540200727,0.47305389221556887,0.6774131736526946,0.2714743589743589,0.9500998003992016,0.9935746484558972
npc_class,N-acyl amines,cell,area,110,-0.009585262624502197,0.6986027944111777,0.8449317581054108,0.37296809151113786,0.01996007984031936,0.3969838101574628
npc_class,N-acyl ethanolamines (endocannabinoids),cell,area,11,-0.03781593868179947,0.21956087824351297,0.3891227446097903,0.3441371068815763,0.15768463073852296,0.6890504704875963
npc_class,Naphthoquinones,cell,area,1,0.24067698724633035,0.001996007984031936,0.010508394974756368,0.9878555449025248,0.00998003992015968,0.25520387795836896
npc_class,Neutral glycosphingolipids,cell,area,55,0.02880581098449978,0.3273453093812375,0.5231679498146564,0.3873762010347376,0.033932135728542916,0.46721940733916784
npc_class,Nitro fatty acids,cell,area,1,-0.1276311427080812,0.029940119760479042,0.08506795931945632,0.6484499840204538,0.6487025948103793,0.9564256103178259
npc_class,Noreudesmane sesquiterpenoids,cell,area,1,-0.04222603400707341,0.46506986027944114,0.6742321807996909,0.5880472994566954,0.7385229540918163,0.9620878724478754
npc_class,Oleanane triterpenoids,cell,area,12,-0.16714097262719832,0.001996007984031936,0.010508394974756368,0.42944194996792817,0.041916167664670656,0.4912674650698603
npc_class,Open-chain polyketides,cell,area,117,-0.07202396498851182,0.001996007984031936,0.010508394974756368,0.1070234113712375,0.6047904191616766,0.9564256103178259
npc_class,Other Octadecanoids,cell,area,2,-0.08726413764238733,0.08383233532934131,0.185259111406816,0.5028772378516624,0.5369261477045908,0.9378742514970059
npc_class,Other indole diketopiperazine alkaloids,cell,area,4,-0.21790894914378314,0.001996007984031936,0.010508394974756368,0.6457133717210493,0.04790419161676647,0.5001996007984032
npc_class,Oxidized glycerophospholipids,cell,area,31,0.0389228502921645,0.5349301397205589,0.7253976894695459,0.40861255972269933,0.4411177644710579,0.9051230871590152
npc_class,Oxygenated hydrocarbons,cell,area,1,-0.18633191625892356,0.005988023952095809,0.02101678994951274,0.7858740811760946,0.27345309381237526,0.781561876247505
npc_class,Penicillins,cell,area,3,-0.1464995958355336,0.003992015968063872,0.016617926936824023,0.5812813132928258,0.2435129740518962,0.781561876247505
npc_class,Phenazine alkaloids,cell,area,3,0.14112501070296735,0.005988023952095809,0.02101678994951274,0.7310521266389511,0.16167664670658682,0.6890504704875963
npc_class,Phenoxazine alkaloids,cell,area,1,-0.1527745979641328,0.005988023952095809,0.02101678994951274,0.7085330776605945,0.48502994011976047,0.9378742514970059
npc_class,Phenylalanine-derived alkaloids,cell,area,4,0.07486386757027019,0.03992015968063872,0.10208155118334758,0.6753039027511196,0.027944111776447105,0.4547269098167302
npc_class,Phenylethylamines,cell,area,6,-0.25327835501316875,0.001996007984031936,0.010508394974756368,0.7013444302176697,0.001996007984031936,0.11909514304723884
npc_class,Phosphosphingolipids,cell,area,34,0.08037331843159785,0.0998003992015968,0.2126698982986408,0.5261437908496732,0.18962075848303392,0.7378720819231102
npc_class,Phytoprostanes,cell,area,1,-0.08865556206509446,0.1217564870259481,0.24216012419605235,0.5455417066155321,0.8922155688622755,0.9620878724478754
npc_class,Pimarane and Isopimarane diterpenoids,cell,area,3,-0.05678048233967162,0.5189620758483033,0.7201101672623744,0.33535870376292504,0.8782435129740519,0.9620878724478754
npc_class,Pinane monoterpenoids,cell,area,5,-0.054931804316166476,0.03592814371257485,0.09598713021717759,0.33184,0.4151696606786427,0.8785018198896324
npc_class,Piperidine alkaloids,cell,area,5,-0.11722056511870618,0.001996007984031936,0.010508394974756368,0.408,0.18163672654690619,0.7378720819231102
npc_class,Polyamines,cell,area,22,-0.055435721831361584,0.059880239520958084,0.14484544424664184,0.20828945828945833,0.4171656686626746,0.8785018198896324
npc_class,Polyene macrolides,cell,area,9,0.034292973886498816,0.405189620758483,0.6073852295409182,0.556231976930471,0.043912175648702596,0.4912674650698603
npc_class,Polyether ionophores,cell,area,1,-0.015129580775869964,0.9500998003992016,0.989560205431833,0.666347075743049,0.8862275449101796,0.9620878724478754
npc_class,Polysaccharides,cell,area,5,0.0603516876431455,0.10978043912175649,0.22849649538133035,0.6579200000000001,0.06187624750499002,0.5274213477806292
npc_class,Prenyl quinone meroterpenoids,cell,area,9,-0.06699943630129869,0.007984031936127744,0.02646558734383085,0.17797002385275373,0.872255489021956,0.9620878724478754
npc_class,Primary amides,cell,area,21,-0.052915988801063456,0.1157684630738523,0.23548357829794958,0.23930524284335797,0.5449101796407185,0.9378742514970059
npc_class,Prostaglandins,cell,area,1,-0.09296894592798806,0.11776447105788423,0.23685213841978964,0.5599232981783318,0.8842315369261478,0.9620878724478754
npc_class,Purine alkaloids,cell,area,22,-0.11612226973876841,0.001996007984031936,0.010508394974756368,0.26275301275301277,0.09381237524950099,0.627663591735448
npc_class,Purine nucleosides,cell,area,32,-0.003381316456951068,0.8942115768463074,0.958466300931072,0.25419625564880566,0.26147704590818366,0.781561876247505
npc_class,Purine nucleotides,cell,area,6,0.23679481850653308,0.001996007984031936,0.010508394974756368,0.8051643192488264,0.12974051896207583,0.627663591735448
npc_class,Pyrazine and Piperazine alkaloids,cell,area,1,-0.1937148917331038,0.001996007984031936,0.010508394974756368,0.8146372643016938,0.1497005988023952,0.6870873637340703
npc_class,Pyridine alkaloids,cell,area,27,-0.07138655628318054,0.003992015968063872,0.016617926936824023,0.11544383571454148,0.8243512974051896,0.9620878724478754
npc_class,Pyrimidine nucleosides,cell,area,12,-0.0428048062431273,0.23552894211576847,0.41333020234041723,0.24422706863373955,0.6007984031936128,0.9564256103178259
npc_class,Pyrrole alkaloids,cell,area,8,-0.01566297711071142,0.5608782435129741,0.7492328775285251,0.3235105701473414,0.469061876247505,0.9226601741571803
npc_class,Pyrrolidine alkaloids,cell,area,2,-0.10334894833090402,0.06786427145708583,0.15573980244638927,0.4952046035805627,0.6227544910179641,0.9564256103178259
npc_class,Pyrrolizidine alkaloids,cell,area,1,0.022304387269368786,0.6846307385229541,0.8385270275774981,0.7682965803771173,0.35129740518962077,0.8245048364808844
npc_class,Pyrroloindole alkaloids,cell,area,3,-0.027566876856122302,0.5449101796407185,0.7333753545540497,0.3631808975588956,0.7604790419161677,0.9620878724478754
npc_class,Pyrroloquinoline alkaloids,cell,area,2,0.1480211942066386,0.04590818363273453,0.11413284542027058,0.6956521739130435,0.5788423153692615,0.9564256103178259
npc_class,Quinazoline alkaloids,cell,area,8,-0.16511977435961078,0.001996007984031936,0.010508394974756368,0.4228058936579116,0.11177644710578842,0.627663591735448
npc_class,Quinolizidine alkaloids,cell,area,4,-0.0293310099381812,0.5888223552894212,0.7724410334261056,0.35796545105566224,0.6586826347305389,0.9564256103178259
npc_class,Resin glycosides,cell,area,1,-0.203618724767961,0.06187624750499002,0.1476779773785762,0.840843720038351,0.7984031936127745,0.9620878724478754
npc_class,Rotenoids,cell,area,1,0.12224892372134127,0.031936127744510975,0.08794718255796098,0.91690635985938,0.0998003992015968,0.627663591735448
npc_class,Scalarane sesterterpenoids,cell,area,3,-0.1244304720653517,0.1497005988023952,0.2912652954959646,0.4860889031020147,0.8782435129740519,0.9620878724478754
npc_class,Secoiridoid monoterpenoids,cell,area,1,-0.029242243695468316,0.688622754491018,0.8385270275774981,0.6295941195270054,0.7584830339321357,0.9620878724478754
npc_class,Serrulatane and Biflorane diterpenoids,cell,area,1,-0.03249696204865036,0.9660678642714571,0.989560205431833,0.6187280281240013,0.9740518962075848,0.9935746484558972
npc_class,Shikimic acids and derivatives,cell,area,7,-0.08740546870164892,0.405189620758483,0.6073852295409182,0.24582590000457438,0.9840319361277445,0.9935746484558972
npc_class,Simple coumarins,cell,area,5,-0.18514915421409078,0.001996007984031936,0.010508394974756368,0.47744,0.1217564870259481,0.627663591735448
npc_class,Simple diketopiperazine alkaloids,cell,area,6,-0.16696082506301488,0.001996007984031936,0.010508394974756368,0.5256081946222791,0.2754491017964072,0.781561876247505
npc_class,Simple indole alkaloids,cell,area,11,-0.08982615341725725,0.003992015968063872,0.016617926936824023,0.3853216357224052,0.015968063872255488,0.3572854291417165
npc_class,Simple phenolic acids,cell,area,8,-0.032978717995952346,0.46706586826347307,0.6742321807996909,0.4345771941063421,0.500998003992016,0.9378742514970059
npc_class,Sphingoid bases,cell,area,68,0.0033187201111471525,0.9441117764471058,0.989560205431833,0.29084220232835134,0.20359281437125748,0.7753853994139381
npc_class,Spirotetronate macrolides,cell,area,1,-0.010955759568898223,0.8582834331337326,0.9389635363419503,0.6778523489932886,0.564870259481038,0.9564256103178259
npc_class,Steroidal alkaloids,cell,area,12,0.004366596859995957,0.8602794411177644,0.9389635363419503,0.3635343168697883,0.22355289421157684,0.781561876247505
npc_class,Straight chain fatty acids,cell,area,3,-0.15052140721028515,0.003992015968063872,0.016617926936824023,0.5059162136232811,0.32934131736526945,0.8014781248314182
npc_class,Streptogramins,cell,area,1,-0.2586331457723818,0.001996007984031936,0.010508394974756368,0.9517417705337169,0.11177644710578842,0.627663591735448
npc_class,Terpenoid alkaloids,cell,area,6,-0.0845280907544147,0.005988023952095809,0.02101678994951274,0.15685019206145967,0.9860279441117764,0.9935746484558972
npc_class,Tetracyclic diterpenoids,cell,area,8,-0.03660423110264614,0.29141716566866266,0.4921101193838737,0.37139654067905187,0.2315369261477046,0.781561876247505
npc_class,Tigliane diterpenoids,cell,area,1,-0.26574933979751464,0.001996007984031936,0.010508394974756368,0.9616490891658677,0.02594810379241517,0.4547269098167302
npc_class,Triacylglycerols,cell,area,12,0.01551130188431458,0.530938123752495,0.7253976894695459,0.2915330339961514,0.5089820359281437,0.9378742514970059
npc_class,Tricyclic guanidine alkaloids,cell,area,5,-0.08285482223685134,0.001996007984031936,0.010508394974756368,0.21184000000000003,0.9001996007984032,0.9648846020533782
npc_class,Tripeptides,cell,area,706,-0.12927608329149126,0.001996007984031936,0.010508394974756368,0.31146280350414646,0.05189620758483034,0.5001996007984032
npc_class,Tropane alkaloids,cell,area,6,0.049111926668442996,0.1157684630738523,0.23548357829794958,0.5672215108834827,0.05588822355289421,0.5001996007984032
npc_class,Unsaturated fatty acids,cell,area,15,-0.05743659134276587,0.031936127744510975,0.08794718255796098,0.17399678972712684,0.7924151696606786,0.9620878724478754
npc_class,Ursane and Taraxastane triterpenoids,cell,area,1,-0.06216506208564206,0.5169660678642715,0.7201101672623744,0.527644614892937,0.9660678642714571,0.9935746484558972
npc_class,Valerenane sesquiterpenoids,cell,area,1,-0.031549090020386514,0.6087824351297405,0.7724410334261056,0.621923937360179,0.688622754491018,0.9564256103178259
npc_class,Wax monoesters,cell,area,38,-0.14265362780600815,0.013972055888223553,0.04312065524124166,0.3549397426295363,0.7844311377245509,0.9620878724478754
classyfire_class,5'-deoxyribonucleosides,cell,area,10,0.10615064389089172,0.021956087824351298,0.05573468447719945,0.7046128500823723,0.03792415169660679,0.23952095808383234
classyfire_class,Alkyl halides,cell,area,2,0.004523600893503513,0.9301397205588823,0.966743436204514,0.5363128491620112,0.37325349301397204,0.7624750499001997
classyfire_class,"Allyl-type 1,3-dipolar organic compounds",cell,area,5,-0.014697324874726442,0.654690618762475,0.8068862275449102,0.40756578947368427,0.2375249500998004,0.6815933350689924
classyfire_class,Anthracenes,cell,area,1,-0.15746717166465407,0.017964071856287425,0.0474251497005988,0.7210906701708278,0.5508982035928144,0.8578192452304693
classyfire_class,Aryl halides,cell,area,10,-0.04196044809886461,0.09381237524950099,0.18210637548432546,0.2965403624382208,0.31736526946107785,0.6982035928143713
classyfire_class,Azacyclic compounds,cell,area,6,-0.042494111196592736,0.059880239520958084,0.11976047904191617,0.18048700230338932,0.9341317365269461,0.9756736526946108
classyfire_class,Azoles,cell,area,16,-0.05115452511722311,0.10978043912175649,0.20701454234388367,0.25524100363156155,0.5049900199600799,0.8578192452304693
classyfire_class,Benzazepines,cell,area,1,-0.2796798474844486,0.001996007984031936,0.008233532934131736,0.9750328515111695,0.023952095808383235,0.22583404619332764
classyfire_class,Benzene and substituted derivatives,cell,area,99,-0.05582879910713511,0.05389221556886228,0.11115269461077845,0.14110555658417162,0.718562874251497,0.9120221096269
classyfire_class,Benzopyrans,cell,area,2,-0.14218566160732643,0.003992015968063872,0.015498414934836209,0.4848833388103845,0.5528942115768463,0.8578192452304693
classyfire_class,Benzoxadiazoles,cell,area,1,0.08340909720708152,0.8642714570858283,0.9506986027944111,0.8738501971090671,0.9001996007984032,0.9739864533228625
classyfire_class,Biotin and derivatives,cell,area,3,0.017425835944144947,0.5988023952095808,0.7904191616766467,0.5249835634451019,0.28542914171656686,0.6982035928143713
classyfire_class,Boronic acid derivatives,cell,area,2,-0.014709603009659414,0.8043912175648703,0.8998274637166346,0.6010515938218863,0.5169660678642715,0.8578192452304693
classyfire_class,Carboxylic acids and derivatives,cell,area,1580,-0.10654531105409973,0.001996007984031936,0.008233532934131736,0.30270877435520804,0.03592814371257485,0.23952095808383234
classyfire_class,Cinnamaldehydes,cell,area,1,-0.07312599808950175,0.26746506986027946,0.4391217564870259,0.5006570302233903,0.9960079840319361,0.9960079840319361
classyfire_class,Cinnamic acids and derivatives,cell,area,1,-0.3813352243864424,0.001996007984031936,0.008233532934131736,0.9986859395532195,0.001996007984031936,0.06586826347305388
classyfire_class,Coumarins and derivatives,cell,area,1,-0.04513011824693724,0.4630738522954092,0.6367265469061877,0.5801576872536136,0.8063872255489022,0.9739864533228625
classyfire_class,Diazines,cell,area,9,-0.027104700675283713,0.27345309381237526,0.4391217564870259,0.3469477382520861,0.21357285429141717,0.6712289706301683
classyfire_class,Fatty Acyls,cell,area,360,-0.06215732165840114,0.005988023952095809,0.01976047904191617,0.07883302296710115,0.8762475049900199,0.9739864533228625
classyfire_class,Flavonoids,cell,area,2,-0.283269236453292,0.001996007984031936,0.008233532934131736,0.8534341110745974,0.023952095808383235,0.22583404619332764
classyfire_class,Glycerolipids,cell,area,55,-0.04583500259060901,0.00998003992015968,0.029940119760479042,0.11781696564305255,0.6946107784431138,0.9120221096269
classyfire_class,Glycerophospholipids,cell,area,266,0.04094501539016031,0.24151696606786427,0.40872101949946266,0.4266207079411375,0.04590818363273453,0.25249500998003993
classyfire_class,Heteroaromatic compounds,cell,area,7,-0.05954247728520701,0.0499001996007984,0.11115269461077845,0.27419354838709675,0.6407185628742516,0.9120221096269
classyfire_class,Imidazopyrimidines,cell,area,4,-0.07419771993686085,0.011976047904191617,0.03293413173652695,0.40998026964814205,0.34331337325349304,0.7309252462816302
classyfire_class,Imidolactams,cell,area,1,-0.07110020228036479,0.3073852295409182,0.47180058487675813,0.5062417871222076,0.9880239520958084,0.9960079840319361
classyfire_class,Indanes,cell,area,1,-0.3031037830316431,0.001996007984031936,0.008233532934131736,0.985545335085414,0.003992015968063872,0.06586826347305388
classyfire_class,Indoles and derivatives,cell,area,14,-0.12138962055958231,0.001996007984031936,0.008233532934131736,0.3213460903992082,0.03992015968063872,0.23952095808383234
classyfire_class,Isoflavonoids,cell,area,7,-0.2333750559600754,0.001996007984031936,0.008233532934131736,0.6714944042132982,0.003992015968063872,0.06586826347305388
classyfire_class,Lactones,cell,area,1,0.003316897787500981,0.9520958083832335,0.966743436204514,0.721419185282523,0.4251497005988024,0.8167664670658683
classyfire_class,Macrolides and analogues,cell,area,10,-0.00167204525664017,0.9301397205588823,0.966743436204514,0.3051070840197694,0.31137724550898205,0.6982035928143713
classyfire_class,Naphthalenes,cell,area,4,0.00998993788357765,0.8023952095808383,0.8998274637166346,0.4698290036172312,0.2934131736526946,0.6982035928143713
classyfire_class,Organic carbonic acids and derivatives,cell,area,5,-0.03870389264533081,0.27944111776447106,0.4391217564870259,0.3592105263157894,0.3812375249500998,0.7624750499001997
classyfire_class,Organic metal salts,cell,area,1,-0.04055192278336084,0.6287425149700598,0.8068862275449102,0.5988830486202366,0.8423153692614771,0.9739864533228625
classyfire_class,Organic phosphonic acids and derivatives,cell,area,3,-0.005474912006089627,0.908183632734531,0.966743436204514,0.6308349769888231,0.43313373253493015,0.8167664670658683
classyfire_class,Organic phosphoric acids and derivatives,cell,area,3,0.0023301023887990165,0.9520958083832335,0.966743436204514,0.6492439184746877,0.08383233532934131,0.42561031782588665
classyfire_class,Organic sulfonic acids and derivatives,cell,area,3,-0.04510263459168567,0.43313373253493015,0.621452746680552,0.47797501643655493,0.5588822355289421,0.8578192452304693
classyfire_class,Organic sulfuric acids and derivatives,cell,area,1,-0.27214225089335176,0.001996007984031936,0.008233532934131736,0.9691195795006571,0.10778443113772455,0.5081266039349872
classyfire_class,Organochlorides,cell,area,1,-0.06486739537834427,0.33532934131736525,0.4976713240186294,0.5229960578186597,0.9281437125748503,0.9756736526946108
classyfire_class,Organonitrogen compounds,cell,area,76,0.01668490866631138,0.8023952095808383,0.8998274637166346,0.3445205722288206,0.2275449101796407,0.6815933350689924
classyfire_class,Organooxygen compounds,cell,area,119,-0.052895748737179935,0.05189620758483034,0.11115269461077845,0.1422138233283744,0.716566866267465,0.9120221096269
classyfire_class,Oxacyclic compounds,cell,area,1,-0.009387433738826721,0.9820359281437125,0.9820359281437124,0.6816688567674113,0.8842315369261478,0.9739864533228625
classyfire_class,Oxazinanes,cell,area,1,-0.04412434281047421,0.48902195608782434,0.6586826347305389,0.5854139290407359,0.7864271457085829,0.9739864533228625
classyfire_class,Peptidomimetics,cell,area,30,-0.006761440466835831,0.6726546906187625,0.8068862275449102,0.25140961857379773,0.1277445109780439,0.5269461077844311
classyfire_class,Phenanthrenes and derivatives,cell,area,1,0.23871048659369834,0.001996007984031936,0.008233532934131736,0.9875164257555847,0.011976047904191617,0.15808383233532936
classyfire_class,Phenol ethers,cell,area,13,-0.10654074650860451,0.001996007984031936,0.008233532934131736,0.30043637101684595,0.21157684630738524,0.6712289706301683
classyfire_class,Phenols,cell,area,3,-0.20006310200461244,0.001996007984031936,0.008233532934131736,0.5844838921761999,0.03792415169660679,0.23952095808383234
classyfire_class,Phosphacyclic compounds,cell,area,1,-0.0910976307440868,0.1596806387225549,0.277340056728648,0.5509198423127464,0.8922155688622755,0.9739864533228625
classyfire_class,Piperidines,cell,area,4,-0.12305817714034807,0.007984031936127744,0.02509267179925862,0.430121670503124,0.5289421157684631,0.8578192452304693
classyfire_class,Polypeptides,cell,area,7,-0.09976251992170763,0.001996007984031936,0.008233532934131736,0.3094140882159315,0.4471057884231537,0.8196939454424483
classyfire_class,Prenol lipids,cell,area,94,-0.05528651902049737,0.001996007984031936,0.008233532934131736,0.1006150096973979,0.6806387225548902,0.9120221096269
classyfire_class,Pteridines and derivatives,cell,area,3,0.13753186430294062,0.005988023952095809,0.01976047904191617,0.7291255752794215,0.15768463073852296,0.592814371257485
classyfire_class,Purine nucleosides,cell,area,11,-0.0718741464588437,0.043912175648702596,0.10734087380793968,0.18634266195241805,0.9461077844311377,0.9756736526946108
classyfire_class,Purine nucleotides,cell,area,6,0.23478133334222007,0.001996007984031936,0.008233532934131736,0.803389272787101,0.1277445109780439,0.5269461077844311
classyfire_class,Pyrimidine nucleosides,cell,area,1,-0.027867725319266533,0.6826347305389222,0.8068862275449102,0.6353482260183969,0.6686626746506986,0.9120221096269
classyfire_class,Quinolines and derivatives,cell,area,4,-0.08262870520859672,0.011976047904191617,0.03293413173652695,0.3574482078263729,0.624750499001996,0.9120221096269
classyfire_class,Saccharolipids,cell,area,11,-0.02913912766324125,0.6786427145708582,0.8068862275449102,0.29244321927248756,0.6706586826347305,0.9120221096269
classyfire_class,Saturated hydrocarbons,cell,area,1,-0.05864762974252023,0.3393213572854291,0.4976713240186294,0.5394218134034166,0.8982035928143712,0.9739864533228625
classyfire_class,Sphingolipids,cell,area,98,0.03060925630600734,0.6846307385229541,0.8068862275449102,0.3594939163313781,0.2994011976047904,0.6982035928143713
classyfire_class,Steroids and steroid derivatives,cell,area,47,-0.03141653224472431,0.04790419161676647,0.11115269461077845,0.17207925851276734,0.5528942115768463,0.8578192452304693
classyfire_class,Stilbenes,cell,area,1,-0.400757941585668,0.001996007984031936,0.008233532934131736,0.9993429697766097,0.001996007984031936,0.06586826347305388
classyfire_class,Sulfonyls,cell,area,1,-0.15047821444872359,0.12375249500998003,0.22074769380158601,0.7036793692509855,0.8183632734530938,0.9739864533228625
classyfire_class,Tetrapyrroles and derivatives,cell,area,5,0.0843258711294326,0.12375249500998003,0.22074769380158601,0.5963815789473684,0.31736526946107785,0.6982035928143713
classyfire_class,Thiocarboxylic acids and derivatives,cell,area,1,-0.18819107899399873,0.005988023952095809,0.01976047904191617,0.7907358738501971,0.2654690618762475,0.6982035928143713
classyfire_class,Thioethers,cell,area,1,-0.21645277590333636,0.001996007984031936,0.008233532934131736,0.8669513797634691,0.16167664670658682,0.592814371257485
classyfire_class,Thiophenol ethers,cell,area,1,-0.1188867551769946,0.05389221556886228,0.11115269461077845,0.6274638633377135,0.7145708582834331,0.9120221096269
classyfire_class,Triazines,cell,area,4,-0.03088658023618344,0.4590818363273453,0.6367265469061877,0.4524005261427162,0.18962075848303392,0.6586826347305389
npc_pathway,Alkaloids,supernatant,area,235,-0.010750296473143753,0.34530938123752497,0.35528942115768464,0.05804273446174063,0.7265469061876247,0.7265469061876247
npc_pathway,Amino acids and Peptides,supernatant,area,1465,0.012061725779759462,0.35528942115768464,0.35528942115768464,0.2054499979569497,0.24151696606786427,0.5635395874916833
npc_pathway,Carbohydrates,supernatant,area,84,-0.05181332099565168,0.023952095808383235,0.04191616766467066,0.16958670260557052,0.6766467065868264,0.7265469061876247
npc_pathway,Fatty acids,supernatant,area,966,-0.044134249112393116,0.003992015968063872,0.01397205588822355,0.15996220489946783,0.1596806387225549,0.5588822355289421
npc_pathway,Polyketides,supernatant,area,87,-0.04340599062832714,0.013972055888223553,0.03260146373918829,0.13837297203000526,0.5469061876247505,0.7265469061876247
npc_pathway,Shikimates and Phenylpropanoids,supernatant,area,28,-0.030519448243694507,0.16367265469061876,0.22914171656686627,0.16236772486772477,0.6007984031936128,0.7265469061876247
npc_pathway,Terpenoids,supernatant,area,187,-0.0637046014610624,0.003992015968063872,0.01397205588822355,0.24593890864294315,0.041916167664670656,0.2934131736526946
npc_class,2-pyrone derivatives,supernatant,area,3,0.00011363945573472645,0.998003992015968,0.9980039920159679,0.2846835027877993,0.9121756487025948,0.9876683414779637
npc_class,3-Spirotetramic acids,supernatant,area,1,0.08884929480498885,0.17365269461077845,0.34960187152576566,0.8367748279252705,0.3073852295409182,0.8986269884473477
npc_class,Abietane diterpenoids,supernatant,area,1,-0.07934435699216094,0.18163672654690619,0.34960187152576566,0.7299246148803671,0.44510978043912175,0.916927207531839
npc_class,Acridone alkaloids,supernatant,area,6,-0.037909311170344656,0.3073852295409182,0.49126746506986035,0.38159334646530974,0.4311377245508982,0.916927207531839
npc_class,Acyclic monoterpenoids,supernatant,area,1,-0.19539493690025866,0.003992015968063872,0.03572854291417165,0.95968534906588,0.03992015968063872,0.5135978043912176
npc_class,Acyl phloroglucinols,supernatant,area,2,-0.031684481028610975,0.6147704590818364,0.7310247925202227,0.3357377049180328,0.9441117764471058,0.9876683414779637
npc_class,Aminoacids,supernatant,area,62,-0.00905556785813423,0.37325349301397204,0.5710459423034272,0.1003776027618945,0.6467065868263473,0.9322916666666666
npc_class,Aminoglycosides,supernatant,area,12,-0.06616649673661211,0.023952095808383235,0.10457134511464876,0.3421052631578947,0.21357285429141717,0.7874862519858243
npc_class,Aminosugars,supernatant,area,9,-0.06170836515546225,0.02594810379241517,0.11058834711529322,0.34724504326870415,0.25149700598802394,0.8561367830376981
npc_class,Anabaenopeptins,supernatant,area,12,0.054533338485460464,0.017964071856287425,0.09744148067501361,0.35997807017543865,0.1536926147704591,0.7054096934336456
npc_class,Androstane steroids,supernatant,area,1,0.1341678267330245,0.03792415169660679,0.12808345573004934,0.9236315961979679,0.12974051896207583,0.6450986915058771
npc_class,Ansa macrolides,supernatant,area,4,0.03925824109281484,0.2275449101796407,0.3954421254578222,0.5761154855643045,0.11776447105788423,0.6410120934601385
npc_class,Anthranillic acid derivatives,supernatant,area,3,-0.007838552822612317,0.8483033932135728,0.8879901016680091,0.4355526402099049,0.5768463073852296,0.916927207531839
npc_class,Anthraquinones and anthrones,supernatant,area,4,-0.12206437329131607,0.001996007984031936,0.021016789949512737,0.5597112860892388,0.09181636726546906,0.6410120934601385
npc_class,Antimycins,supernatant,area,1,0.1581537229487957,0.01996007984031936,0.10208155118334758,0.9511635529334644,0.09580838323353294,0.6410120934601385
npc_class,Apocarotenoids (β-),supernatant,area,3,-0.01475208141945728,0.6986027944111777,0.7914550645544355,0.3686454575270581,0.6487025948103793,0.9322916666666666
npc_class,Aromadendrane sesquiterpenoids,supernatant,area,1,-0.02807766654164625,0.626746506986028,0.7332524493496667,0.5385119632907244,0.9181636726546906,0.9876683414779637
npc_class,Ascarosides,supernatant,area,1,-0.11955630859010125,0.18163672654690619,0.34960187152576566,0.8433300557194362,0.4930139720558882,0.916927207531839
npc_class,Azaphilones,supernatant,area,3,-0.035164605715740885,0.4431137724550898,0.627359454319707,0.4411282387668088,0.564870259481038,0.916927207531839
npc_class,Benzodiazepine alkaloids,supernatant,area,5,-0.06456123445085214,0.13572854291417166,0.2927157732727317,0.3824089268132589,0.6467065868263473,0.9322916666666666
npc_class,Beyerane diterpenoids,supernatant,area,2,-0.06975743497045901,0.041916167664670656,0.138944333555112,0.4639344262295082,0.5429141716566867,0.916927207531839
npc_class,Bisabolane sesquiterpenoids,supernatant,area,4,-0.0759628376518125,0.023952095808383235,0.10457134511464876,0.5941601049868767,0.07784431137724551,0.6410120934601385
npc_class,Bisnaphthalenes,supernatant,area,2,-0.03946621106517149,0.37924151696606784,0.5752900977705605,0.4459016393442623,0.6866267465069861,0.9382151727080191
npc_class,Branched fatty acids,supernatant,area,5,-0.0913840443462492,0.007984031936127744,0.05716566866267464,0.3622579586478504,0.5369261477045908,0.916927207531839
npc_class,Cannabinoids,supernatant,area,2,-0.04627189059750152,0.43313373253493015,0.6252495009980039,0.5495081967213115,0.7005988023952096,0.9482838833610974
npc_class,Carbazole alkaloids,supernatant,area,3,-0.0397164013049417,0.22554890219560877,0.3954421254578222,0.42079370285339457,0.46506986027944114,0.916927207531839
npc_class,Carboline alkaloids,supernatant,area,16,-0.0001439673331979415,0.9940119760479041,0.9980039920159679,0.13916337285902503,0.9021956087824351,0.9876683414779637
npc_class,Cardenolides,supernatant,area,4,-0.0800756792202582,0.011976047904191617,0.0765611633875107,0.4540682414698163,0.2654690618762475,0.879980779182376
npc_class,"Carotenoids (C40, β-β)",supernatant,area,10,0.0011655369886459156,0.9520958083832335,0.9683247142079477,0.16166995397764627,0.9221556886227545,0.9876683414779637
npc_class,"Carotenoids (C40, π-Χ)",supernatant,area,3,-0.055823438197571705,0.2994011976047904,0.487207403375068,0.5182026894063627,0.37524950099800397,0.916927207531839
npc_class,"Carotenoids (C40, π-π)",supernatant,area,1,0.17630816101508784,0.001996007984031936,0.021016789949512737,0.9685349065880039,0.043912175648702596,0.5135978043912176
npc_class,Caryophyllane sesquiterpenoids,supernatant,area,2,-0.0771986158386796,0.05788423153692615,0.17864271457085829,0.46918032786885244,0.5748502994011976,0.916927207531839
npc_class,Catechols with side chains,supernatant,area,2,-0.11725310100324171,0.01996007984031936,0.10208155118334758,0.7465573770491803,0.15768463073852296,0.7056387225548902
npc_class,Cephalosporins,supernatant,area,4,-0.02747079064411308,0.5548902195608783,0.6897593701485918,0.306758530183727,0.812375249500998,0.9759407359777091
npc_class,Ceramides,supernatant,area,27,-0.037891227121642314,0.023952095808383235,0.10457134511464876,0.233510866238139,0.20159680638722555,0.7844745292024646
npc_class,Chalcones,supernatant,area,9,0.01087225155386892,0.6586826347305389,0.7557961001074773,0.3311059991966992,0.2934131736526946,0.8986269884473477
npc_class,Cholane steroids,supernatant,area,5,-0.034260215200437594,0.2055888223552894,0.3793855587793485,0.3291762389235313,0.5409181636726547,0.916927207531839
npc_class,Cholestane steroids,supernatant,area,9,-0.06282279127516924,0.06786427145708583,0.19593071920674782,0.2822872165626027,0.6127744510978044,0.9322916666666666
npc_class,Cinnamic acid amides,supernatant,area,4,0.01836022372895346,0.8263473053892215,0.8721967829047786,0.35793963254593175,0.8423153692614771,0.9854539287438195
npc_class,Cinnamic acids and derivatives,supernatant,area,1,0.04528468358677449,0.4750499001996008,0.6469031633702292,0.7181252048508686,0.5469061876247505,0.916927207531839
npc_class,Cucurbitane triterpenoids,supernatant,area,2,-0.06841810530154568,0.08383233532934131,0.22593049195726195,0.4491803278688524,0.5968063872255489,0.9320489455870866
npc_class,Cyanogenic glycosides,supernatant,area,3,-0.0069516317223553,0.9201596806387226,0.9466010507720192,0.24139061987536903,0.9800399201596807,0.9951509410557416
npc_class,Cyclamides,supernatant,area,9,-0.018314677043138237,0.4930139720558882,0.654588632953072,0.19374155621280176,0.8383233532934131,0.9854539287438195
npc_class,Cyclic peptides,supernatant,area,221,0.020106001454631532,0.1317365269461078,0.29112146078213946,0.17873063417144702,0.01996007984031936,0.4466067864271457
npc_class,Cyclitols,supernatant,area,2,-0.07504867654816884,0.28542914171656686,0.46873226025014186,0.41147540983606556,0.8403193612774451,0.9854539287438195
npc_class,Cytochalasan alkaloids,supernatant,area,3,-0.1196149342924351,0.013972055888223553,0.0781561876247505,0.6552968186290588,0.11976047904191617,0.6410120934601385
npc_class,DKXanthenes and derivatives,supernatant,area,1,0.03386517057510193,0.5489021956087824,0.6870873637340703,0.6853490658800394,0.5608782435129741,0.916927207531839
npc_class,Dammarane and Protostane triterpenoids,supernatant,area,2,-0.02938725961404296,0.48303393213572854,0.6500982996413188,0.34524590163934427,0.9121756487025948,0.9876683414779637
npc_class,Depsipeptides,supernatant,area,27,0.015985668755955668,0.2435129740518962,0.4151316414789469,0.2601040710131619,0.0499001996007984,0.5254197487378185
npc_class,Diacylglycerols,supernatant,area,32,-0.02350272387155826,0.17564870259481039,0.34960187152576566,0.18009105960264898,0.4870259481037924,0.916927207531839
npc_class,Dipeptides,supernatant,area,239,-0.01935230302642457,0.08982035928143713,0.22968349016253206,0.06453004356640635,0.8882235528942116,0.9876683414779637
npc_class,Disaccharides,supernatant,area,4,-0.1391734835782181,0.12574850299401197,0.28136227544910175,0.6204068241469817,0.7265469061876247,0.9518918367644273
npc_class,Dolabellane diterpenoids,supernatant,area,1,0.05097135128127328,0.4291417165668663,0.6245233111013745,0.7400852179613242,0.46506986027944114,0.916927207531839
npc_class,Drimane sesquiterpenoids,supernatant,area,1,0.1308541971369404,0.029940119760479042,0.11402726461969677,0.9167486070140938,0.10978043912175649,0.6410120934601385
npc_class,Epothilones,supernatant,area,1,0.04111008111857553,0.47704590818363274,0.6469031633702292,0.7069813176007866,0.5169660678642715,0.916927207531839
npc_class,Ergostane steroids,supernatant,area,19,-0.04998689319959811,0.007984031936127744,0.05716566866267464,0.19716452357401912,0.3932135728542914,0.916927207531839
npc_class,Ergot alkaloids,supernatant,area,1,-0.2597466807236504,0.001996007984031936,0.021016789949512737,0.9954113405440839,0.003992015968063872,0.2858283433133732
npc_class,Erythromycins,supernatant,area,11,-0.024619809786835714,0.6187624750499002,0.7310247925202227,0.1625661415204328,0.9600798403193613,0.9876683414779637
npc_class,Farnesane sesquiterpenoids,supernatant,area,5,-0.014271171191763346,0.5988023952095808,0.7242272212332093,0.3155891040367575,0.5409181636726547,0.916927207531839
npc_class,Fatty acyl carnitines,supernatant,area,24,-0.0356317637378258,0.013972055888223553,0.0781561876247505,0.24058784676354028,0.1217564870259481,0.6410120934601385
npc_class,Fatty acyl glycosides of mono- and disaccharides,supernatant,area,57,-0.12765677899769468,0.003992015968063872,0.03572854291417165,0.535840435814076,0.10379241516966067,0.6410120934601385
npc_class,Fatty alcohols,supernatant,area,46,-0.1090151421683197,0.001996007984031936,0.021016789949512737,0.3957881338771732,0.0658682634730539,0.6410120934601385
npc_class,Fatty aldehydes,supernatant,area,3,-0.1889911613266968,0.005988023952095809,0.051040775591673804,0.8835683830764185,0.10978043912175649,0.6410120934601385
npc_class,Fatty nitriles,supernatant,area,1,0.00027052535736479924,0.998003992015968,0.9980039920159679,0.5709603408718453,0.8483033932135728,0.9860149830209711
npc_class,Flavanones,supernatant,area,2,-0.14165550456566361,0.001996007984031936,0.021016789949512737,0.6862295081967213,0.07784431137724551,0.6410120934601385
npc_class,Flavones,supernatant,area,1,-0.09320018197605612,0.4171656686626746,0.612070940087039,0.7761389708292363,0.6866267465069861,0.9382151727080191
npc_class,Flavonols,supernatant,area,1,-0.11838153450943058,0.07784431137724551,0.22117669423058645,0.8403802032120616,0.3313373253493014,0.8986269884473477
npc_class,Furocoumarins,supernatant,area,1,-0.10344421684313782,0.1656686626746507,0.3448219839390985,0.8039986889544412,0.4351297405189621,0.916927207531839
npc_class,Fusidane triterpenoids,supernatant,area,1,-0.21876772161568803,0.021956087824351298,0.10457134511464876,0.9809898393969191,0.17365269461077845,0.7400912460792701
npc_class,Glucosinolates,supernatant,area,1,0.06942273415236384,0.27944111776447106,0.46747626242841417,0.7872828580793183,0.3872255489021956,0.916927207531839
npc_class,Glycerophosphates,supernatant,area,12,-0.045386624510064054,0.031936127744510975,0.1166646299238258,0.30997807017543866,0.18762475049900199,0.7701485917054779
npc_class,Glycerophosphocholines,supernatant,area,146,-0.0127799612336385,0.07984031936127745,0.22330339321357284,0.14138909577727699,0.0998003992015968,0.6410120934601385
npc_class,Glycerophosphoethanolamines,supernatant,area,69,-0.04984261478576201,0.001996007984031936,0.021016789949512737,0.20773756601417695,0.09181636726546906,0.6410120934601385
npc_class,Glycerophosphoglycerols,supernatant,area,3,-0.02053134998066831,0.6087824351297405,0.7310247925202227,0.3778287963266645,0.6526946107784432,0.9322916666666666
npc_class,Glycerophosphoinositols,supernatant,area,2,-0.11634067538048837,0.011976047904191617,0.0765611633875107,0.8055737704918032,0.10778443113772455,0.6410120934601385
npc_class,Glycerophosphoserines,supernatant,area,23,-0.0985368888391658,0.001996007984031936,0.021016789949512737,0.4284381414442993,0.007984031936127744,0.2858283433133732
npc_class,Glycosyldiacylglycerols,supernatant,area,2,-0.06945983611000586,0.09181636726546906,0.23148070057068962,0.5032786885245901,0.4351297405189621,0.916927207531839
npc_class,Halogenated fatty acids,supernatant,area,18,0.07507518343992421,0.001996007984031936,0.021016789949512737,0.472313777191826,0.011976047904191617,0.3572854291417166
npc_class,Humulane sesquiterpenoids,supernatant,area,3,-0.1070324327090334,0.031936127744510975,0.1166646299238258,0.5495790969716847,0.4231536926147705,0.916927207531839
npc_class,Hydrocarbons,supernatant,area,5,-0.06522346321609408,0.027944111776447105,0.11368172745418255,0.4536265178864457,0.18962075848303392,0.7701485917054779
npc_class,Illudalane sesquiterpenoids,supernatant,area,1,-0.11757544074058722,0.06387225548902195,0.18742842184483488,0.8384136348738118,0.3013972055888224,0.8986269884473477
npc_class,Imidazole alkaloids,supernatant,area,31,-0.020481484429505814,0.1996007984031936,0.3721723220226214,0.11160585578370763,0.8582834331337326,0.9876683414779637
npc_class,"Indole diketopiperazine alkaloids (L-Trp, L-Trp)",supernatant,area,1,0.17917035236744702,0.003992015968063872,0.03572854291417165,0.97312356604392,0.023952095808383235,0.4547269098167302
npc_class,Iridoids monoterpenoids,supernatant,area,4,0.009747303003832773,0.780439121756487,0.8570466429104979,0.36023622047244097,0.5329341317365269,0.916927207531839
npc_class,Isocoumarins,supernatant,area,3,-0.06810262382287148,0.06387225548902195,0.18742842184483488,0.48278123975073794,0.3473053892215569,0.9142303628038042
npc_class,Isoflavones,supernatant,area,7,-0.009366581954692223,0.8143712574850299,0.869819884041441,0.15073891625615765,0.998003992015968,0.9980039920159679
npc_class,Isoquinoline alkaloids,supernatant,area,6,-0.05971698538591274,0.05389221556886228,0.16924046643554996,0.3706500328299409,0.34331337325349304,0.9142303628038042
npc_class,Jasmonic acids,supernatant,area,1,0.022623121087100802,0.7644710578842315,0.8491042606145733,0.651261881350377,0.7405189620758483,0.9561883427389823
npc_class,Jatrophane diterpenoids,supernatant,area,13,-0.14743800835285661,0.08782435129740519,0.22783418669906563,0.6558078315235275,0.5089820359281437,0.916927207531839
npc_class,Kaurane and Phyllocladane diterpenoids,supernatant,area,1,-0.013284102180609951,0.8283433133732535,0.8721967829047786,0.5204850868567683,0.9441117764471058,0.9876683414779637
npc_class,Labdane diterpenoids,supernatant,area,11,-0.11648852337808167,0.013972055888223553,0.0781561876247505,0.5883232190368002,0.14171656686626746,0.6856017694341048
npc_class,Lactam bearing macrolide lactones,supernatant,area,2,-0.07158529175221237,0.1157684630738523,0.26567378064384056,0.5272131147540984,0.46107784431137727,0.916927207531839
npc_class,Lactones,supernatant,area,3,-0.05461303577890642,0.18163672654690619,0.34960187152576566,0.308625778943916,0.8902195608782435,0.9876683414779637
npc_class,"Lanostane, Tirucallane and Euphane triterpenoids",supernatant,area,3,-0.04550587923425883,0.21357285429141717,0.3861569789713502,0.40231769979228166,0.5788423153692615,0.916927207531839
npc_class,Leukotrienes,supernatant,area,14,-0.053138308784546714,0.001996007984031936,0.021016789949512737,0.32751810401579984,0.07984031936127745,0.6410120934601385
npc_class,Linear peptides,supernatant,area,54,-0.014166925375229275,0.32335329341317365,0.5077213993066498,0.14258888641810596,0.3153692614770459,0.8986269884473477
npc_class,Lipopeptides,supernatant,area,62,-0.02288827010166005,0.027944111776447105,0.11368172745418255,0.15093321825439637,0.2155688622754491,0.7874862519858243
npc_class,Lupane triterpenoids,supernatant,area,4,-0.07865019044074908,0.10978043912175649,0.26200931470392547,0.479002624671916,0.5069860279441117,0.916927207531839
npc_class,Macrolide lactones,supernatant,area,12,-0.07732071976679103,0.007984031936127744,0.05716566866267464,0.4790570175438596,0.03592814371257485,0.5135978043912176
npc_class,Macrotetrolides,supernatant,area,3,-0.080303240394077,0.08383233532934131,0.22593049195726195,0.489996720236143,0.5069860279441117,0.916927207531839
npc_class,Melithiazole and Myxothiazole derivatives,supernatant,area,1,0.05370624690652474,0.35528942115768464,0.5482483309243582,0.74664044575549,0.42714570858283435,0.916927207531839
npc_class,Menthane monoterpenoids,supernatant,area,1,-0.04185508311364639,0.41317365269461076,0.6112238333250852,0.5932481153720092,0.8023952095808383,0.9759407359777091
npc_class,Merosesquiterpenoids,supernatant,area,1,-0.04218771943223191,0.49700598802395207,0.654588632953072,0.594231399541134,0.7884231536926147,0.9759407359777091
npc_class,Methyl xanthones,supernatant,area,1,-0.04943599401979647,0.4411177644710579,0.627359454319707,0.6171746968207146,0.7425149700598802,0.9561883427389823
npc_class,Microcolins and mirabimids,supernatant,area,5,-0.06294215168840178,0.24151696606786427,0.4151316414789469,0.34256645881194625,0.6806387225548902,0.9382151727080191
npc_class,Monacolins and Monacolin derivatives,supernatant,area,1,0.064781750923432,0.5189620758483033,0.6635300826917593,0.7761389708292363,0.6227544910179641,0.9322916666666666
npc_class,Monoacylglycerols,supernatant,area,20,-0.121065298887269,0.001996007984031936,0.021016789949512737,0.5196569920844327,0.003992015968063872,0.2858283433133732
npc_class,Monocyclic monoterpenoids,supernatant,area,1,-0.016774000351509492,0.7524950099800399,0.8471484703548877,0.50671910848902,0.9780439121756487,0.9951509410557416
npc_class,Monomeric stilbenes,supernatant,area,1,-0.10865186154576781,0.18163672654690619,0.34960187152576566,0.816125860373648,0.4810379241516966,0.916927207531839
npc_class,Monosaccharides,supernatant,area,10,-0.07669935110112933,0.013972055888223553,0.0781561876247505,0.30650887573964497,0.5229540918163673,0.916927207531839
npc_class,N-acyl amines,supernatant,area,105,-0.023018632114869868,0.08582834331337326,0.22593049195726195,0.09919692342495195,0.5788423153692615,0.916927207531839
npc_class,N-acyl ethanolamines (endocannabinoids),supernatant,area,11,0.005452459761928405,0.8143712574850299,0.869819884041441,0.2289617649696571,0.6187624750499002,0.9322916666666666
npc_class,Naphthoquinones,supernatant,area,1,-0.06392412693720542,0.3932135728542914,0.5914725171505728,0.6719108489019994,0.6646706586826348,0.9322916666666666
npc_class,Neutral glycosphingolipids,supernatant,area,48,-0.0015592539571632948,0.9281437125748503,0.9493584260051326,0.22708610741233903,0.12974051896207583,0.6450986915058771
npc_class,Nitro fatty acids,supernatant,area,1,0.040801749949482866,0.5149700598802395,0.6631628828673587,0.7050147492625369,0.5349301397205589,0.916927207531839
npc_class,Noreudesmane sesquiterpenoids,supernatant,area,1,-0.056502490554991666,0.500998003992016,0.654588632953072,0.6424123238282531,0.7684630738522954,0.9686964099969076
npc_class,Oleanane triterpenoids,supernatant,area,12,-0.04479045842841459,0.313373253493014,0.49640541924999565,0.37532894736842104,0.3972055888223553,0.916927207531839
npc_class,Open-chain polyketides,supernatant,area,107,-0.031633678748842035,0.0499001996007984,0.1595024237239806,0.09567618171143867,0.6666666666666666,0.9322916666666666
npc_class,Other Octadecanoids,supernatant,area,2,0.06463421741889219,0.40718562874251496,0.6073852295409182,0.5914754098360655,0.5768463073852296,0.916927207531839
npc_class,Other indole diketopiperazine alkaloids,supernatant,area,5,-0.03514235465559165,0.13373253493013973,0.2919283384450611,0.27463078437807686,0.6347305389221557,0.9322916666666666
npc_class,Oxidized glycerophospholipids,supernatant,area,31,-0.0035055076222305277,0.8163672654690619,0.869819884041441,0.1525984773253889,0.5608782435129741,0.916927207531839
npc_class,Oxygenated hydrocarbons,supernatant,area,1,-0.11418892368307701,0.06187624750499002,0.18742842184483488,0.8308751229105211,0.3253493013972056,0.8986269884473477
npc_class,Penicillins,supernatant,area,3,-0.10693963236298294,0.001996007984031936,0.021016789949512737,0.6526730075434569,0.04590818363273453,0.5135978043912176
npc_class,Phenazine alkaloids,supernatant,area,3,0.008992866346718144,0.8542914171656687,0.8890590911200854,0.46703837323712694,0.4491017964071856,0.916927207531839
npc_class,Phenoxazine alkaloids,supernatant,area,1,-0.08431765703604807,0.27345309381237526,0.4617745640793884,0.7472959685349065,0.5349301397205589,0.916927207531839
npc_class,Phenylalanine-derived alkaloids,supernatant,area,4,0.02366312065784678,0.47704590818363274,0.6469031633702292,0.46981627296587924,0.25349301397205587,0.8561367830376981
npc_class,Phenylethylamines,supernatant,area,6,0.024569668596973803,0.4630738522954092,0.6469031633702292,0.4016196104180346,0.40718562874251496,0.916927207531839
npc_class,Phosphosphingolipids,supernatant,area,29,-0.02081394220707857,0.08582834331337326,0.22593049195726195,0.21378625936783513,0.22954091816367264,0.821756487025948
npc_class,Phytoprostanes,supernatant,area,1,-0.006745934926154804,0.906187624750499,0.9376160972851985,0.5467059980334317,0.8982035928143712,0.9876683414779637
npc_class,Pimarane and Isopimarane diterpenoids,supernatant,area,3,-0.18960061905519845,0.0499001996007984,0.1595024237239806,0.9445719908166612,0.249500998003992,0.8561367830376981
npc_class,Pinane monoterpenoids,supernatant,area,5,0.061613802401150906,0.11177644710578842,0.2632629477886333,0.4257302264522481,0.3772455089820359,0.916927207531839
npc_class,Piperidine alkaloids,supernatant,area,5,-0.019908721879009557,0.6327345309381237,0.735451175570936,0.3541188053823433,0.626746506986028,0.9322916666666666
npc_class,Polyamines,supernatant,area,22,-0.0034350930525724158,0.8163672654690619,0.869819884041441,0.1888088808880889,0.3852295409181637,0.916927207531839
npc_class,Polyene macrolides,supernatant,area,8,-0.017023189040339073,0.47704590818363274,0.6469031633702292,0.18347568988173457,0.9141716566866267,0.9876683414779637
npc_class,Polyether ionophores,supernatant,area,1,0.04946509822521846,0.5289421157684631,0.6714938916493255,0.7345132743362832,0.5988023952095808,0.9320489455870866
npc_class,Polysaccharides,supernatant,area,5,-0.05341953895774297,0.03792415169660679,0.12808345573004934,0.4171316048572366,0.1936127744510978,0.7701485917054779
npc_class,Prenyl quinone meroterpenoids,supernatant,area,8,-0.06525095270224102,0.001996007984031936,0.021016789949512737,0.47273324572930353,0.02594810379241517,0.4547269098167302
npc_class,Primary amides,supernatant,area,21,-0.10476434799879994,0.001996007984031936,0.021016789949512737,0.43758935444847685,0.07584830339321358,0.6410120934601385
npc_class,Prostaglandins,supernatant,area,1,-0.1839474942537084,0.029940119760479042,0.11402726461969677,0.9475581776466733,0.20758483033932135,0.7874862519858243
npc_class,Purine alkaloids,supernatant,area,21,-0.010910647458197118,0.5369261477045908,0.676829439712125,0.09413834817991862,0.9840319361277445,0.9951509410557416
npc_class,Purine nucleosides,supernatant,area,31,-0.022095829352392876,0.500998003992016,0.654588632953072,0.14463273216516642,0.8902195608782435,0.9876683414779637
npc_class,Purine nucleotides,supernatant,area,3,-0.032749344104693955,0.3473053892215569,0.5405883884405104,0.33978353558543783,0.7045908183632734,0.9482838833610974
npc_class,Pyrazine and Piperazine alkaloids,supernatant,area,1,-0.0426658203744843,0.44510978043912175,0.627359454319707,0.5955424450999672,0.7524950099800399,0.962118619903051
npc_class,Pyridine alkaloids,supernatant,area,27,-0.02430894597372267,0.1217564870259481,0.2758786225018318,0.09453321089684727,0.9560878243512974,0.9876683414779637
npc_class,Pyrimidine nucleosides,supernatant,area,11,-0.1205210433589044,0.001996007984031936,0.021016789949512737,0.5472183193327553,0.007984031936127744,0.2858283433133732
npc_class,Pyrrole alkaloids,supernatant,area,6,-0.015034120956174978,0.5748502994011976,0.7047822163891395,0.20026263952724888,0.9301397205588823,0.9876683414779637
npc_class,Pyrrolidine alkaloids,supernatant,area,2,0.026588930012842817,0.5109780439121756,0.6627903613063727,0.41377049180327874,0.7265469061876247,0.9518918367644273
npc_class,Pyrrolizidine alkaloids,supernatant,area,1,0.04285164470249392,0.6766467065868264,0.7714634425416682,0.7115699770567028,0.7285429141716567,0.9518918367644273
npc_class,Pyrroloindole alkaloids,supernatant,area,3,-0.0858930431834784,0.007984031936127744,0.05716566866267464,0.7074450639553952,0.043912175648702596,0.5135978043912176
npc_class,Pyrroloquinoline alkaloids,supernatant,area,1,0.06312844714765478,0.3073852295409182,0.49126746506986035,0.7728613569321534,0.37924151696606784,0.916927207531839
npc_class,Quinazoline alkaloids,supernatant,area,8,-0.03706178531130569,0.15568862275449102,0.3317650413458797,0.2516425755584757,0.6147704590818364,0.9322916666666666
npc_class,Quinolizidine alkaloids,supernatant,area,4,0.036286103633189064,0.21157684630738524,0.3861569789713502,0.36548556430446194,0.4810379241516966,0.916927207531839
npc_class,Resin glycosides,supernatant,area,1,-0.0995750539625325,0.09580838323353294,0.23492740546304652,0.7918715175352343,0.3592814371257485,0.916927207531839
npc_class,RiPPs,supernatant,area,1,0.22792046957767229,0.001996007984031936,0.021016789949512737,0.9934447722058342,0.005988023952095809,0.2858283433133732
npc_class,Rotenoids,supernatant,area,1,-0.1502376823916084,0.021956087824351298,0.10457134511464876,0.9023271058669289,0.16167664670658682,0.705856579523879
npc_class,Scalarane sesterterpenoids,supernatant,area,3,-0.16744737246752517,0.029940119760479042,0.11402726461969677,0.8868481469334208,0.14570858283433133,0.6863641138775081
npc_class,Secoiridoid monoterpenoids,supernatant,area,1,-0.07995042972778509,0.19161676646706588,0.36488724678302975,0.7315634218289085,0.4750499001996008,0.916927207531839
npc_class,Serrulatane and Biflorane diterpenoids,supernatant,area,1,0.016736128173155798,0.7684630738522954,0.8491042606145733,0.632251720747296,0.6646706586826348,0.9322916666666666
npc_class,Shikimic acids and derivatives,supernatant,area,5,-0.05682778301629852,0.22355289421157684,0.3954421254578222,0.32024942566458814,0.7624750499001997,0.9679647796605371
npc_class,Simple coumarins,supernatant,area,5,-0.013168726249755286,0.5688622754491018,0.7022506710716498,0.21463734821135538,0.9261477045908184,0.9876683414779637
npc_class,Simple diketopiperazine alkaloids,supernatant,area,6,0.017276285546675905,0.6506986027944112,0.7514519348399974,0.32764281024294156,0.7105788423153693,0.9492060654809783
npc_class,Simple indole alkaloids,supernatant,area,11,-0.010741639329438975,0.8023952095808383,0.869819884041441,0.15742429224836324,0.9560878243512974,0.9876683414779637
npc_class,Simple phenolic acids,supernatant,area,8,0.032204643558021516,0.2275449101796407,0.3954421254578222,0.3618593955321945,0.3013972055888224,0.8986269884473477
npc_class,Sphingoid bases,supernatant,area,63,-0.015738179689061358,0.28542914171656686,0.46873226025014186,0.0897364410244973,0.812375249500998,0.9759407359777091
npc_class,Spirotetronate macrolides,supernatant,area,1,-0.02634892242001096,0.7624750499001997,0.8491042606145733,0.5290068829891839,0.9560878243512974,0.9876683414779637
npc_class,Steroidal alkaloids,supernatant,area,9,-0.01372885392477131,0.6207584830339321,0.7310247925202227,0.1230145689560741,0.998003992015968,0.9980039920159679
npc_class,Straight chain fatty acids,supernatant,area,3,-0.09243653668393527,0.023952095808383235,0.10457134511464876,0.562807477861594,0.29740518962075846,0.8986269884473477
npc_class,Streptogramins,supernatant,area,1,-0.08531883969154534,0.592814371257485,0.7218623976536722,0.7509013438216978,0.8183632734530938,0.9765801729873587
npc_class,Terpenoid alkaloids,supernatant,area,6,-0.04891844623409802,0.1157684630738523,0.26567378064384056,0.2104399212081418,0.9121756487025948,0.9876683414779637
npc_class,Tetracyclic diterpenoids,supernatant,area,8,-0.061663477482467866,0.033932135728542916,0.11909514304723887,0.3528252299605782,0.31736526946107785,0.8986269884473477
npc_class,Tigliane diterpenoids,supernatant,area,1,-0.14998932517815414,0.00998003992015968,0.06870873637340703,0.9019993444772206,0.11976047904191617,0.6410120934601385
npc_class,Triacylglycerols,supernatant,area,7,-0.05847945949054286,0.033932135728542916,0.11909514304723887,0.24761904761904768,0.7784431137724551,0.9744148067501361
npc_class,Tricyclic guanidine alkaloids,supernatant,area,5,-0.04516627591953117,0.16766467065868262,0.3449652419299332,0.26747620610436496,0.7964071856287425,0.9759407359777091
npc_class,Tripeptides,supernatant,area,742,0.02770802946154462,0.1996007984031936,0.3721723220226214,0.2190312831822266,0.28542914171656686,0.8986269884473477
npc_class,Tropane alkaloids,supernatant,area,6,-0.059586359187468345,0.15768463073852296,0.3320652812023013,0.44998905668636463,0.2994011976047904,0.8986269884473477
npc_class,Unsaturated fatty acids,supernatant,area,14,-0.05925456267372109,0.10179640718562874,0.24623725521929116,0.20572745227123107,0.812375249500998,0.9759407359777091
npc_class,Ursane and Taraxastane triterpenoids,supernatant,area,1,-0.24775781714845257,0.001996007984031936,0.021016789949512737,0.992133726647001,0.015968063872255488,0.4083262047333903
npc_class,Valerenane sesquiterpenoids,supernatant,area,1,-0.10096476704793131,0.09381237524950099,0.23322798846750942,0.7961324156014421,0.32934131736526945,0.8986269884473477
npc_class,Wax monoesters,supernatant,area,38,-0.12543824030471792,0.001996007984031936,0.021016789949512737,0.5183005622882688,0.027944111776447105,0.4547269098167302
classyfire_class,5'-deoxyribonucleosides,supernatant,area,10,0.009355596565613683,0.7624750499001997,0.9384308306463995,0.20128248396895043,0.8243512974051896,0.9954430761119271
classyfire_class,Alkyl halides,supernatant,area,2,0.018700581329676357,0.6786427145708582,0.8863904843374475,0.591719959609559,0.3033932135728543,0.9030215431206552
classyfire_class,"Allyl-type 1,3-dipolar organic compounds",supernatant,area,4,0.005452856753964173,0.8542914171656687,0.9612250908020026,0.21084540249242167,0.9660678642714571,1.0
classyfire_class,Anthracenes,supernatant,area,1,-0.22747181344513012,0.001996007984031936,0.02554890219560878,0.9855316285329744,0.021956087824351298,0.5535595475715236
classyfire_class,Aryl halides,supernatant,area,10,0.03455880323485753,0.11976047904191617,0.33324655037750583,0.2862301721228484,0.39520958083832336,0.9030215431206552
classyfire_class,Azacyclic compounds,supernatant,area,5,-0.06551755934120465,0.08582834331337326,0.24968245327526767,0.5643530997304582,0.0998003992015968,0.6387225548902196
classyfire_class,Azoles,supernatant,area,16,0.0022336044635436203,0.9101796407185628,0.9612250908020026,0.18447751099086912,0.6427145708582834,0.9793745841650033
classyfire_class,Benzazepines,supernatant,area,1,0.07844321099550215,0.18363273453093812,0.42287838116869714,0.8105652759084792,0.31137724550898205,0.9030215431206552
classyfire_class,Benzene and substituted derivatives,supernatant,area,98,-0.015548841923048267,0.2994011976047904,0.5988023952095808,0.03608163265306122,1.0,1.0
classyfire_class,Benzopyrans,supernatant,area,2,-0.1082985903281731,0.007984031936127744,0.05109780439121756,0.6223493773140357,0.16367265469061876,0.7409181636726547
classyfire_class,Biotin and derivatives,supernatant,area,3,-0.017811046158949045,0.6007984031936128,0.8181084639232173,0.30168350168350166,0.8682634730538922,1.0
classyfire_class,Boronic acid derivatives,supernatant,area,2,0.03941920486143815,0.48303393213572854,0.79267106812017,0.4407606866374958,0.7924151696606786,0.9801934592353754
classyfire_class,Carboxylic acids and derivatives,supernatant,area,1619,0.006007625166889527,0.5808383233532934,0.8136769938384102,0.1835961983937055,0.2375249500998004,0.9030215431206552
classyfire_class,Cinnamaldehydes,supernatant,area,1,0.04528468358677449,0.4750499001996008,0.79267106812017,0.7153432032301481,0.5548902195608783,0.9793745841650033
classyfire_class,Cinnamic acids and derivatives,supernatant,area,1,0.05542832314609455,0.3313373253493014,0.642593600677433,0.75,0.4091816367265469,0.9030215431206552
classyfire_class,Coumarins and derivatives,supernatant,area,1,-0.1033974784339748,0.17165668662674652,0.4225395363119914,0.806864064602961,0.43912175648702595,0.9065739488764407
classyfire_class,Diazines,supernatant,area,9,-0.08083706821273832,0.015968063872255488,0.06813040585495675,0.36381016644174535,0.2754491017964072,0.9030215431206552
classyfire_class,Fatty Acyls,supernatant,area,346,-0.06915508202775052,0.001996007984031936,0.02554890219560878,0.24294069368562565,0.08582834331337326,0.6387225548902196
classyfire_class,Flavonoids,supernatant,area,2,-0.16682761399037627,0.001996007984031936,0.02554890219560878,0.844160215415685,0.02594810379241517,0.5535595475715236
classyfire_class,Glycerolipids,supernatant,area,44,-0.07061697226815872,0.001996007984031936,0.02554890219560878,0.2308498091188429,0.1217564870259481,0.7084013790600617
classyfire_class,Glycerophospholipids,supernatant,area,241,-0.022981612885944108,0.011976047904191617,0.0589590050667895,0.11440253215311993,0.16367265469061876,0.7409181636726547
classyfire_class,Heteroaromatic compounds,supernatant,area,7,-0.007725698203848671,0.718562874251497,0.9197604790419162,0.32015220113669207,0.4351297405189621,0.9065739488764407
classyfire_class,Imidazopyrimidines,supernatant,area,3,-0.039821495890200446,0.07385229540918163,0.2250736621994107,0.3542087542087542,0.6167664670658682,0.9793745841650033
classyfire_class,Imidolactams,supernatant,area,1,-0.008509857482392285,0.9041916167664671,0.9612250908020026,0.5370121130551817,0.9341317365269461,1.0
classyfire_class,Indanes,supernatant,area,1,-0.11776297150284497,0.06387225548902195,0.20439121756487025,0.8411843876177658,0.3013972055888224,0.9030215431206552
classyfire_class,Indoles and derivatives,supernatant,area,14,-0.017967178464572093,0.4491017964071856,0.7768247289205373,0.11403466422053776,0.9860279441117764,1.0
classyfire_class,Isoflavonoids,supernatant,area,7,-0.007197830409627182,0.8542914171656687,0.9612250908020026,0.15287544552547927,0.9960079840319361,1.0
classyfire_class,Lactones,supernatant,area,1,0.10369263779069347,0.1996007984031936,0.4258150365934797,0.8694481830417228,0.34930139720558884,0.9030215431206552
classyfire_class,Macrolides and analogues,supernatant,area,8,0.04165334792178004,0.05788423153692615,0.2017018594390167,0.42192242833052274,0.08982035928143713,0.6387225548902196
classyfire_class,Naphthalenes,supernatant,area,4,-0.09216951096354463,0.007984031936127744,0.05109780439121756,0.7120242505894241,0.015968063872255488,0.5535595475715236
classyfire_class,Organic carbonic acids and derivatives,supernatant,area,5,-0.06730949805915956,0.00998003992015968,0.05806568680820178,0.36866576819407015,0.37524950099800397,0.9030215431206552
classyfire_class,Organic metal salts,supernatant,area,1,-0.004986584345517995,0.9321357285429142,0.9622046230120405,0.550807537012113,0.8922155688622755,1.0
classyfire_class,Organic phosphonic acids and derivatives,supernatant,area,3,0.08001148098646002,0.041916167664670656,0.16766467065868262,0.6754208754208755,0.07385229540918163,0.6387225548902196
classyfire_class,Organic phosphoric acids and derivatives,supernatant,area,3,-0.01634522590705022,0.6726546906187625,0.8863904843374475,0.2599326599326599,0.9680638722554891,1.0
classyfire_class,Organic sulfonic acids and derivatives,supernatant,area,3,0.14559033688199033,0.011976047904191617,0.0589590050667895,0.8696969696969696,0.06187624750499002,0.6387225548902196
classyfire_class,Organic sulfuric acids and derivatives,supernatant,area,1,0.019786039290087383,0.8083832335329342,0.9612250908020026,0.6382907133243607,0.7844311377245509,0.9801934592353754
classyfire_class,Organochlorides,supernatant,area,1,0.008005302259929837,0.8822355289421158,0.9612250908020026,0.5992597577388964,0.7744510978043913,0.9801934592353754
classyfire_class,Organonitrogen compounds,supernatant,area,68,0.0005032714685075522,0.9760479041916168,0.9760479041916168,0.1457578212007694,0.3592814371257485,0.9030215431206552
classyfire_class,Organooxygen compounds,supernatant,area,109,-0.07678156451636738,0.003992015968063872,0.03649843170801254,0.24844959253754295,0.3912175648702595,0.9030215431206552
classyfire_class,Oxazinanes,supernatant,area,1,0.007282540770631487,0.9161676646706587,0.9612250908020026,0.5958950201884253,0.7964071856287425,0.9801934592353754
classyfire_class,Peptidomimetics,supernatant,area,24,-0.01674714534219197,0.2694610778443114,0.5563067413559977,0.16802305866395387,0.49101796407185627,0.9242691088411412
classyfire_class,Phenanthrenes and derivatives,supernatant,area,1,-0.06392412693720542,0.3932135728542914,0.7190191046478471,0.6749663526244953,0.6606786427145709,0.9793745841650033
classyfire_class,Phenol ethers,supernatant,area,12,-0.015789202982174216,0.5608782435129741,0.8136769938384102,0.16312056737588654,0.9321357285429142,1.0
classyfire_class,Phenols,supernatant,area,3,-0.07133620956483709,0.16766467065868262,0.4225395363119914,0.39595959595959596,0.7225548902195609,0.9793745841650033
classyfire_class,Phosphacyclic compounds,supernatant,area,1,-0.016686148099651264,0.7524950099800399,0.9384308306463995,0.5037012113055181,0.9940119760479041,1.0
classyfire_class,Piperidines,supernatant,area,4,-0.02315600321637471,0.5848303393213573,0.8136769938384102,0.3580330077467161,0.6487025948103793,0.9793745841650033
classyfire_class,Polypeptides,supernatant,area,9,0.06019375669701857,0.013972055888223553,0.06387225548902195,0.3740440845704004,0.1656686626746507,0.7409181636726547
classyfire_class,Prenol lipids,supernatant,area,90,-0.05671485743712842,0.003992015968063872,0.03649843170801254,0.22631518094577407,0.09181636726546906,0.6387225548902196
classyfire_class,Pteridines and derivatives,supernatant,area,3,0.008781293224545792,0.8622754491017964,0.9612250908020026,0.4639730639730639,0.46107784431137727,0.9221556886227545
classyfire_class,Purine nucleosides,supernatant,area,11,-0.016293224564996708,0.5668662674650699,0.8136769938384102,0.15901417960837272,0.9700598802395209,1.0
classyfire_class,Purine nucleotides,supernatant,area,3,-0.032744409284492314,0.3473053892215569,0.6537513208876365,0.3420875420875421,0.7005988023952096,0.9793745841650033
classyfire_class,Pyrimidine nucleosides,supernatant,area,1,0.048894757899075034,0.5149700598802395,0.8136769938384102,0.7284656796769853,0.5968063872255489,0.9793745841650033
classyfire_class,Quinolines and derivatives,supernatant,area,4,-0.025980446991294773,0.44510978043912175,0.7768247289205373,0.3566015493432132,0.5808383233532934,0.9793745841650033
classyfire_class,Saccharolipids,supernatant,area,11,-0.08940244287936518,0.001996007984031936,0.02554890219560878,0.39153520348658766,0.07984031936127745,0.6387225548902196
classyfire_class,Saturated hydrocarbons,supernatant,area,1,-0.12459486142632784,0.05788423153692615,0.2017018594390167,0.8553162853297442,0.27345309381237526,0.9030215431206552
classyfire_class,Sphingolipids,supernatant,area,79,-0.013590355054009445,0.14171656686626746,0.37791084497671323,0.09244792805717639,0.7245508982035929,0.9793745841650033
classyfire_class,Steroids and steroid derivatives,supernatant,area,43,-0.06484490707505648,0.005988023952095809,0.04790419161676647,0.25380585760774665,0.17365269461077845,0.7409181636726547
classyfire_class,Stilbenes,supernatant,area,1,-0.1085866585422751,0.18562874251497005,0.42287838116869714,0.8183041722745625,0.4810379241516966,0.9242691088411412
classyfire_class,Sulfonyls,supernatant,area,1,0.08367858988749066,0.19161676646706588,0.42287838116869714,0.8223418573351279,0.3393213572854291,0.9030215431206552
classyfire_class,Tetrapyrroles and derivatives,supernatant,area,5,-0.0008431631508590886,0.9740518962075848,0.9760479041916168,0.29878706199460914,0.7025948103792415,0.9793745841650033
classyfire_class,Thiocarboxylic acids and derivatives,supernatant,area,1,-0.11426047388159997,0.059880239520958084,0.2017018594390167,0.8327725437415882,0.31736526946107785,0.9030215431206552
classyfire_class,Thioethers,supernatant,area,1,0.028461575512934108,0.5788423153692615,0.8136769938384102,0.6668909825033648,0.592814371257485,0.9793745841650033
classyfire_class,Thiophenol ethers,supernatant,area,1,0.013252224839893908,0.8223552894211577,0.9612250908020026,0.6187752355316285,0.7345309381237525,0.9793745841650033
classyfire_class,Triazines,supernatant,area,4,0.023046174971562874,0.5449101796407185,0.8136769938384102,0.34557089929269114,0.6287425149700598,0.9793745841650033
