sample_id,PCoA1,PCoA2
SUP_1,-0.03350186639998994,-0.0562368060832833
SUP_10,-0.036548312488617625,-0.049911290922218375
SUP_100,0.05774500460217515,0.05220443742488582
SUP_104,0.05934776329425231,0.05295736679540395
SUP_105,0.0625231117863022,0.0640673193284735
SUP_106,0.05235065268830432,0.04627354909299775
SUP_107,0.0516204184660086,0.04798281709396206
SUP_108,0.051047967517913066,0.04245587612794639
SUP_109,0.05896926284082562,0.05169972455219623
SUP_11,-0.02800661310464833,-0.059275482125415314
SUP_111,0.06414021760303475,0.05523849638446031
SUP_113,0.05515138543200271,0.055820118920757424
SUP_114,0.04736755943630289,0.054763135554859496
SUP_115,0.05038031518542443,0.04374388867038108
SUP_116,0.0520628621649487,0.036552232154544444
SUP_117,0.055335498629698235,0.050700673089062405
SUP_118,0.06435444345500722,0.06397370910016228
SUP_119,0.05922117373579434,0.039446569815921886
SUP_12,-0.022451146626604152,-0.053815212145099364
SUP_120,0.05519991159005615,0.05985597548160997
SUP_121,0.05603487355598523,0.06052064972825001
SUP_122,0.052635385090543205,0.0562457374789221
SUP_123,0.0473362456860431,0.04787427297533259
SUP_124,0.05700086110416898,0.057011790745346166
SUP_125,0.05434087507904167,0.05903875364272146
SUP_126,0.05335605474604239,0.05357954541686621
SUP_127,0.05512374757453238,0.05122248394692684
SUP_129,0.05801684692863627,0.04234219132201628
SUP_13,-0.02468862199743887,-0.05964255690455824
SUP_130,0.05401152630041263,0.045918342595548285
SUP_131,0.05276114664994549,0.04629218087235007
SUP_133,0.05371091162478253,0.052142350341188616
SUP_134,0.053048059367458184,0.044195599003236434
SUP_135,0.05267039096919529,0.05942439506254991
SUP_136,0.06574168436370544,0.06305026551758111
SUP_137,0.064358932154398,0.056911893722872156
SUP_139,0.06658708562101628,0.048452194257644056
SUP_14,-0.022585971253108496,-0.05206821038291957
SUP_141,0.052691377682659676,0.055801189534442235
SUP_142,0.056021852580431096,0.05398063823451669
SUP_143,0.055606882927109996,0.04492122624200293
SUP_144,0.05316992237837129,0.05353498118454646
SUP_148,0.053379085922826704,0.04866845384584739
SUP_149,0.07103338865770474,0.05497181152023442
SUP_15,-0.030291999280644348,-0.05635295530299236
SUP_150,0.05501620366876968,0.05252108198801285
SUP_151,0.05492600134151886,0.05149305946125526
SUP_152,0.04975284482553085,0.055398249407776254
SUP_153,0.051487042618852785,0.04569824689054384
SUP_155,0.05329975974018807,0.062161682718574744
SUP_156,0.05839460972785802,0.052937320327810594
SUP_157,0.05405374161982185,0.04337209187084993
SUP_158,0.05269901175950935,0.05839135498894196
SUP_159,0.055201798261376056,0.05660705364114395
SUP_16,-0.03369815249570377,-0.05446829892709379
SUP_161,0.05421064934535672,0.04572180256446001
SUP_162,0.04926123192637096,0.040860243720886875
SUP_163,0.04976638317098077,0.04739432081834806
SUP_164,0.05417756471830686,0.05180434031894082
SUP_165,0.056353250894884604,0.051406579494107665
SUP_166,0.0565632094815737,0.05335815809344828
SUP_167,0.05292273773022802,0.05395782334481679
SUP_168,0.05178592292566677,0.052327904800068326
SUP_169,0.042935441722628274,0.05586919502926045
SUP_17,-0.042421493172162206,-0.04297524730790423
SUP_170,0.0443681281925716,0.04368084107596172
SUP_171,0.0522256586278738,0.05418937132991018
SUP_172,0.05607841694471761,0.04962218248882749
SUP_174,0.05707694047454556,0.05386370808067129
SUP_175,0.05288942535361152,0.04675917941358699
SUP_176,0.04866496910938754,0.05176155474735291
SUP_177,0.049035801671584694,0.050583813516260984
SUP_178,0.05550148490859828,0.05403201648524802
SUP_179,0.059600117391138185,0.05161021222774208
SUP_18,-0.02821178702508751,-0.05670412113484939
SUP_181,0.054187538469198826,0.05572974740235281
SUP_182,0.05342149476157303,0.05349037626903471
SUP_183,0.0574281489295434,0.05162372336037529
SUP_185,0.06156306711360502,0.05079657749882654
SUP_186,0.04842518799399874,0.036626027349599743
SUP_187,0.01824402663342202,0.05298113254107754
SUP_188,0.048690741871354415,0.0260782943872162
SUP_189,0.047367407726819376,0.036507054492235555
SUP_19,-0.03236178088380284,-0.043984508057643396
SUP_190,0.046834930716670456,0.03428134939403891
SUP_191,0.04758352540138059,0.04682401917725934
SUP_192,0.04885435496448344,0.032592356492609845
SUP_193,0.03950210308993081,0.04020006707413372
SUP_194,0.037328575111468074,0.03833221815129071
SUP_196,0.0499748968675089,0.03242915750024933
SUP_197,0.0472475080680337,0.03524453968581437
SUP_198,0.051920549974978684,0.028307399503833895
SUP_199,0.04036954605309569,0.0354553530333782
SUP_2,-0.035864090194525,-0.055569990030432254
SUP_20,-0.026854509501403657,-0.05464263276686379
SUP_200,0.045105683420725795,0.03608498545853897
SUP_201,0.04379741201584889,0.039824263487306624
SUP_202,0.04089495678733269,0.03977258774671817
SUP_203,0.04476015692956798,0.035534909363164016
SUP_204,0.04534576510297515,0.035792254343912006
SUP_205,0.05338153216523207,0.020925823616077366
SUP_206,0.04779433940217532,0.03325973303854186
SUP_207,0.049541208634285565,0.03157064236500771
SUP_209,0.03932624159303511,0.039816052333331554
SUP_21,-0.030819434601959454,-0.0517547716362649
SUP_210,0.0452400649804499,0.030692416831438033
SUP_211,0.036484126694523764,0.03875418132211408
SUP_213,0.04993526242175059,0.02915788459148112
SUP_214,0.05105664295648065,0.042202296107787515
SUP_215,0.047738824136183,0.03610629463045943
SUP_216,0.04666724666560995,0.03518417804759095
SUP_217,0.045513716208620374,0.039189621289768356
SUP_218,0.036803638336797284,0.037360466494808925
SUP_219,0.043097767893400134,0.036885584959730586
SUP_22,-0.034558838402026566,-0.05789821699721615
SUP_220,0.044646328207518085,0.03874087886776175
SUP_221,0.035179099965832114,0.048047644524348315
SUP_222,0.04542079866302164,0.031969931273406055
SUP_223,0.045193773481887814,0.03035381723242591
SUP_224,0.04247898129545382,0.037714522199304726
SUP_225,0.03691052826106366,0.0426977741134931
SUP_227,-0.671498338391533,0.3299756291072401
SUP_228,-0.038893219398973805,-0.04883766670422865
SUP_229,-0.6597802066070538,0.32352161283297554
SUP_230,-0.04640466143677152,-0.04369944865476735
SUP_231,-0.04100990990416614,-0.03949752245891191
SUP_232,-0.6435618281731164,0.3138691943438271
SUP_233,-0.032825316762141704,-0.055980998772027855
SUP_234,-0.042079701292004536,-0.04584239692250832
SUP_235,-0.044813839328564746,-0.04183399357797938
SUP_236,-0.03849092556262349,-0.0486494371495752
SUP_237,-0.04433002750111521,-0.04372971091370582
SUP_238,-0.04742890424573808,-0.042340461578720734
SUP_239,-0.03817627665324007,-0.04751463064378049
SUP_24,-0.0300314364817745,-0.053347290938309554
SUP_240,-0.032673036857174625,-0.056596175828600326
SUP_242,-0.045189043556249794,-0.05242164877569668
SUP_244,-0.04245429858789408,-0.046366260337649665
SUP_245,-0.041868266804848064,-0.042017606060831166
SUP_246,-0.04118152149028084,-0.045840336418048314
SUP_247,-0.04084830500642317,-0.049446535434359014
SUP_248,-0.03852087955471665,-0.04679975392744409
SUP_249,-0.039072344725253116,-0.0592808386441582
SUP_25,-0.03216052565413167,-0.05851893249491575
SUP_250,-0.0410134181228091,-0.046762474286514207
SUP_251,-0.0643906034770667,-0.028387248084573814
SUP_252,-0.042497375164622236,-0.04612526928403261
SUP_253,-0.043103078882202966,-0.046907296687161475
SUP_254,-0.03908335563930613,-0.04947210573200907
SUP_255,-0.04116745120607203,-0.056880927699020346
SUP_256,-0.04274265717084831,-0.0529482698600932
SUP_257,-0.03823418300969382,-0.0532345035279563
SUP_258,-0.0643313655700544,-0.03031906297593124
SUP_259,-0.0640045331571169,-0.019443379145470417
SUP_26,-0.03459104976627736,-0.05806160396640392
SUP_260,-0.04131390467307135,-0.04218375567838573
SUP_261,-0.0457810227512531,-0.04329606339710373
SUP_262,-0.04336747029306075,-0.05485928438929003
SUP_263,-0.04269650368034376,-0.054610831096715315
SUP_264,-0.04161713159577348,-0.05649442423918778
SUP_265,-0.04295462599420471,-0.05107298327852742
SUP_266,-0.037821153462228946,-0.05051457813930288
SUP_267,-0.0425973541390715,-0.040773545295932356
SUP_268,-0.04363754511535696,-0.04579091724583041
SUP_269,-0.037130363183015,-0.05188061430826741
SUP_27,-0.02734523872041073,-0.05976983625126149
SUP_270,-0.04337089446088746,-0.04792075691141457
SUP_271,-0.045707825764473096,-0.04861386372596525
SUP_272,-0.042062104744575675,-0.050565635925100605
SUP_273,-0.041996683456543143,-0.05112909532659123
SUP_274,-0.042550837687209235,-0.04915085046574425
SUP_275,-0.039254356274713104,-0.050308698178426904
SUP_276,-0.039528393861137226,-0.055886887534133234
SUP_277,-0.03912086596623934,-0.04847047987893409
SUP_278,-0.036996299951590046,-0.058540699017590514
SUP_279,-0.033113229869896905,-0.05643258528986005
SUP_28,-0.034596201286335636,-0.054942004261026155
SUP_280,-0.037702147842862306,-0.053301109431731684
SUP_281,-0.04139289905529044,-0.056551495764590246
SUP_282,-0.03565173578627647,-0.06792190096031653
SUP_283,-0.0363035089661536,-0.05473991487727486
SUP_284,-0.04254453553155306,-0.05261933576910367
SUP_285,-0.03952094364672311,-0.052609514646689136
SUP_286,-0.03540727582597106,-0.05720195028735191
SUP_287,-0.04098651318153767,-0.048191375770034024
SUP_288,-0.038428452680605636,-0.05664745132521837
SUP_289,-0.04027617716080619,-0.05547942500195201
SUP_29,-0.03280390974321921,-0.061824796876581295
SUP_290,-0.04002115897269483,-0.056751334979543974
SUP_291,-0.03601037913075157,-0.06020613219893715
SUP_292,-0.03511752477739399,-0.05774113498184663
SUP_293,-0.0334742687334455,-0.05813684466124592
SUP_294,-0.03921405995582092,-0.05781533411623776
SUP_295,-0.036209397534121605,-0.05994839829250772
SUP_296,-0.03229609065816006,-0.05845370944370356
SUP_297,-0.03849290110775155,-0.059459975961818894
SUP_298,-0.04102306807475772,-0.05678235788358286
SUP_299,-0.03946328678242459,-0.058261832240638974
SUP_3,-0.03416131421068623,-0.0538580050289551
SUP_30,-0.027887213357191635,-0.04306960044497708
SUP_300,-0.03713468435568228,-0.05373132469295964
SUP_301,-0.035985766728307576,-0.06691950720183586
SUP_302,-0.03939517679203058,-0.05291628371914165
SUP_303,-0.041073822989161145,-0.04292573789605986
SUP_304,-0.03600136583793931,-0.05881310154447727
SUP_305,-0.04212159588319229,-0.0586673224520529
SUP_306,-0.03858074634349579,-0.05708042977429051
SUP_307,-0.04118546913470686,-0.06087995882408304
SUP_308,-0.0365608697551148,-0.06001590423781376
SUP_309,-0.035806086061584246,-0.05438736068008607
SUP_31,-0.03115757714667452,-0.05959345226030026
SUP_310,-0.035216713088108864,-0.06878737014162004
SUP_311,-0.03627686318322279,-0.06378046955892912
SUP_312,-0.03753217803870187,-0.053059532380507
SUP_313,-0.04510178326260126,-0.05495169789762201
SUP_314,-0.03587870921150912,-0.0577028531224845
SUP_317,-0.035731203274539984,-0.05459123285800824
SUP_318,-0.03474708341271351,-0.05876105809619983
SUP_319,-0.03366368764680745,-0.05773508800535313
SUP_32,-0.03489527868380642,-0.042254708377945746
SUP_320,-0.05869737138343202,-0.02400062962570478
SUP_321,-0.03240157370650983,-0.07351538469349927
SUP_322,-0.06082815975401266,-0.03441236992363294
SUP_323,-0.03908580515867987,-0.05346535108852328
SUP_325,-0.039441612446997586,-0.057310971069454555
SUP_326,-0.03843338055303194,-0.04742019279312813
SUP_327,-0.03060937204526117,-0.061447764068416386
SUP_33,-0.03336056425438151,-0.043812552212749975
SUP_334,-0.03676547525316314,-0.05457945894717678
SUP_34,-0.03147483912359903,-0.05825149053037913
SUP_35,-0.028371063676939083,-0.07158263255353611
SUP_36,-0.032560785821332566,-0.061778603233376764
SUP_37,-0.0507531786844639,-0.033889507458237704
SUP_38,-0.05419402069518554,-0.06241664059467211
SUP_39,-0.030480311762734497,-0.048819152016199456
SUP_4,-0.028185083282400648,-0.056937465737401195
SUP_40,-0.03261944630939829,-0.05683702147975745
SUP_41,-0.02969405260868814,-0.058601291160639175
SUP_42,-0.030791004777844945,-0.061478391988178054
SUP_43,-0.033038542458497404,-0.05739679835958879
SUP_44,-0.04859562377215383,-0.03581784595172362
SUP_45,-0.04668457046924262,-0.06630602884533064
SUP_46,-0.06496827571363212,-0.05604661147585246
SUP_47,-0.045325186133074985,-0.03721722040379262
SUP_48,-0.029939046746925643,-0.04821859042956242
SUP_49,-0.03462886804088952,-0.0607828121442697
SUP_5,-0.023571345978273074,-0.05930893987228547
SUP_50,-0.03692322871492767,-0.04706009068900852
SUP_51,-0.07050283869098897,-0.033815479969826395
SUP_52,-0.0577165439546409,-0.061371022763017494
SUP_53,0.050656512316985425,0.04353107753367707
SUP_54,0.05622444479823514,0.036406356143185735
SUP_55,0.04916310625999404,0.044016550716876136
SUP_56,0.05345694322578179,0.033025094421545345
SUP_57,0.04293723234890747,0.04311228768646031
SUP_58,0.05613515921412263,0.03682324160181284
SUP_59,0.054831865028913795,0.03998533572346824
SUP_6,-0.026970273430547347,-0.05814401078543188
SUP_60,0.055642576925795786,0.04795711847022681
SUP_61,0.0535526676122859,0.03672708542911256
SUP_62,0.053304293958575624,0.043430141525011984
SUP_63,0.05143860538303286,0.03169843166106764
SUP_64,0.04982259734281186,0.047057427500683806
SUP_65,0.05506787103009829,0.03936759041915184
SUP_66,0.05534016924885906,0.03584536723369814
SUP_67,0.053763581738256405,0.0372542974957562
SUP_68,0.05817236739633492,0.05249344270720113
SUP_69,0.05478342599365882,0.043356841532032384
SUP_7,-0.032145084201246114,-0.060382949199406045
SUP_71,0.06409493161660361,0.051682190495716464
SUP_72,0.05227654347231979,0.030580234846680595
SUP_73,0.05818826639237608,0.03524078458976912
SUP_74,0.05561409432540429,0.03670516952497047
SUP_75,0.05528165955618966,0.038055886130891906
SUP_76,0.05593963859782151,0.03099527164613544
SUP_77,0.05726202538492125,0.03305272706080176
SUP_78,0.03997876220502945,0.05081831888984955
SUP_79,0.05465050905674316,0.04234687059909424
SUP_8,-0.03668405232770088,-0.051042793428025784
SUP_80,0.04904198368796358,0.046836057531965083
SUP_81,0.05596593361650032,0.03808165338541657
SUP_83,0.05599790948023771,0.040657429743342036
SUP_86,0.05678575969286719,0.033957242885361706
SUP_88,0.05454883026775331,0.03696120963627842
SUP_89,0.04640822337144925,0.046682502236084715
SUP_9,-0.03829319139861673,-0.04506944860407948
SUP_91,0.05808673772085388,0.06431035826948293
SUP_92,0.05750765336336582,0.07643101218180541
SUP_93,0.04879132314165788,0.08413134426286895
SUP_95,0.05390462222314995,0.05232015059451924
SUP_96,0.055631477427360465,0.04931167988981237
SUP_97,0.05005359729709394,0.046537372437446524
SUP_98,0.05425604360225902,0.035414237040407325
SUP_99,0.05952502754055644,0.042355125668283325
