formulaRank	molecularFormula	adduct	precursorFormula	NPC#pathway	NPC#pathway Probability	NPC#superclass	NPC#superclass Probability	NPC#class	NPC#class Probability	ClassyFire#superclass	ClassyFire#superclass probability	ClassyFire#class	ClassyFire#class Probability	ClassyFire#subclass	ClassyFire#subclass Probability	ClassyFire#level 5	ClassyFire#level 5 Probability	ClassyFire#most specific class	ClassyFire#most specific class Probability	ClassyFire#all classifications	ionMass	retentionTimeInSeconds	retentionTimeInMinutes	formulaId	alignedFeatureId	compoundId	mappingFeatureId	overallFeatureQuality
1	C23H39N5O6	[M + H]+	C23H40N5O6+	Amino acids and Peptides	1.000	Oligopeptides	0.816	Tripeptides	0.572	Organic acids and derivatives	1.000	Carboxylic acids and derivatives	1.000	Amino acids, peptides, and analogues	0.999	Peptides	0.996	Oligopeptides	0.965	Organic compounds; Organoheterocyclic compounds; Lipids and lipid-like molecules; Amino acids, peptides, and analogues; Alpha amino acids and derivatives; Pyrrolidines; Fatty acids and conjugates; Organic acids and derivatives; Carboxylic acids and derivatives; Organonitrogen compounds; Organooxygen compounds; Fatty amides; Branched fatty acids; Amino acids and derivatives; Peptides; Guanidines; Monoalkylamines; Carboxylic acid amides; Carboxylic acid derivatives; N-acyl amines; Monocarboxylic acids and derivatives; N-acyl-alpha amino acids and derivatives; Carboxylic acids; Secondary carboxylic acid amides; Tertiary carboxylic acid amides; Carbonyl compounds; Pyrrolidine carboxylic acids and derivatives; Heterocyclic fatty acids; Pyrrolidinecarboxamides; Alpha amino acid amides; N-acyl-alpha amino acids; Amines; Primary amines; N-acylpyrrolidines; Carboximidamides; Methyl-branched fatty acids; Organic 1,3-dipolar compounds; Propargyl-type 1,3-dipolar organic compounds; Fatty Acyls; Organic oxides; Azacyclic compounds; Hydrocarbon derivatives; Amino acids; Valine and derivatives; Proline and derivatives; Isoleucine and derivatives; Organopnictogen compounds; Organic oxygen compounds; Organic nitrogen compounds; Oligopeptides; Chemical entities	482.297	33	0.552	876480734598735293	876480707499337093	876480707495142788	2356	
3	C15H23N5O8S2	[M + H]+	C15H24N5O8S2+	Amino acids and Peptides	0.938	Small peptides	0.970	Tripeptides	0.942	Organic acids and derivatives	0.999	Carboxylic acids and derivatives	0.999	Amino acids, peptides, and analogues	0.999	Peptides	0.995	Gamma-glutamyl peptides	0.991	Organic compounds; Organosulfur compounds; Lipids and lipid-like molecules; Amino acids, peptides, and analogues; Alpha amino acids and derivatives; Fatty acids and conjugates; Organic acids and derivatives; Carboxylic acids and derivatives; Organonitrogen compounds; Organooxygen compounds; Fatty amides; Dicarboxylic acids and derivatives; Amino acids and derivatives; Peptides; Monoalkylamines; Carboxylic acid amides; Carboxylic acid derivatives; N-acyl amines; N-acyl-alpha amino acids and derivatives; Carboxylic acids; Secondary carboxylic acid amides; Carbonyl compounds; Alpha amino acid amides; N-acyl-alpha amino acids; Alpha amino acids; Amines; Primary amines; Gamma-glutamyl peptides; Sulfenyl compounds; Fatty Acyls; Organic oxides; L-alpha-amino acids; Hydrocarbon derivatives; Amino acids; Cysteine and derivatives; Glutamine and derivatives; Organopnictogen compounds; Organic oxygen compounds; Organic nitrogen compounds; Oligopeptides; Chemical entities	466.111	43	0.711	876481434833595424	876480708115899801	876480708111705496	16516	
7	C28H43N5O8S	[M + H]+	C28H44N5O8S+	Amino acids and Peptides	1.000	Oligopeptides	0.981	Tripeptides	0.774	Organic acids and derivatives	1.000	Carboxylic acids and derivatives	1.000	Amino acids, peptides, and analogues	0.999	Peptides	0.999	Oligopeptides	0.990	Organic compounds; Organoheterocyclic compounds; Organosulfur compounds; Lipids and lipid-like molecules; Amino acids, peptides, and analogues; Alpha amino acids and derivatives; Phenethylamines; Amphetamines and derivatives; Pyrrolidines; Phenylpropanoids and polyketides; Organic acids and derivatives; Carboxylic acids and derivatives; Organonitrogen compounds; Organooxygen compounds; Fatty amides; Amino acids and derivatives; Peptides; Monoalkylamines; Carboxylic acid amides; Carboxylic acid derivatives; N-acyl amines; Monocarboxylic acids and derivatives; N-acyl-alpha amino acids and derivatives; Thioethers; Carboxylic acids; Secondary carboxylic acid amides; Tertiary carboxylic acid amides; Carbonyl compounds; Pyrrolidine carboxylic acids and derivatives; Benzene and substituted derivatives; Alpha amino acid amides; N-acyl-alpha amino acids; Benzenoids; Amines; Primary amines; Sulfenyl compounds; Dialkylthioethers; Fatty Acyls; Organic oxides; Azacyclic compounds; Methionine and derivatives; Hydrocarbon derivatives; Amino acids; Phenylalanine and derivatives; Isoleucine and derivatives; Organopnictogen compounds; Organic oxygen compounds; 1-hydroxy-2-unsubstituted benzenoids; Organic nitrogen compounds; Oligopeptides; Chemical entities	610.284	142	2.372	876481121959487029	876480708229146013	876480708224951708	21389	
1	C21H31N5O5	[M + H]+	C21H32N5O5+	Amino acids and Peptides	1.000	Small peptides	0.997	Tripeptides	0.996	Organic acids and derivatives	1.000	Carboxylic acids and derivatives	1.000	Amino acids, peptides, and analogues	0.999	Peptides	0.998	Oligopeptides	0.992	Organic compounds; Lipids and lipid-like molecules; Amino acids, peptides, and analogues; Alpha amino acids and derivatives; Phenethylamines; Amphetamines and derivatives; Organic acids and derivatives; Carboxylic acids and derivatives; Organonitrogen compounds; Organooxygen compounds; Fatty amides; Amino acids and derivatives; Peptides; Guanidines; Monoalkylamines; Carboxylic acid amides; Carboxylic acid derivatives; N-acyl amines; Monocarboxylic acids and derivatives; N-acyl-alpha amino acids and derivatives; Carboxylic acids; Secondary carboxylic acid amides; Carbonyl compounds; Benzene and substituted derivatives; Alpha amino acid amides; N-acyl-alpha amino acids; Benzenoids; Amines; Primary amines; Carboximidamides; Organic 1,3-dipolar compounds; Propargyl-type 1,3-dipolar organic compounds; Fatty Acyls; Organic oxides; Hydrocarbon derivatives; Amino acids; Phenylalanine and derivatives; Organopnictogen compounds; Organic oxygen compounds; Organic nitrogen compounds; Oligopeptides; Chemical entities	434.238	162	2.708	876480741821326802	876480707771966861	876480707767772556	5906	
3	C32H46N2O7S	[M + H]+	C32H47N2O7S+	Fatty acids	0.843	Eicosanoids	0.833	Leukotrienes	0.209	Organic acids and derivatives	0.992	Carboxylic acids and derivatives	0.994	Amino acids, peptides, and analogues	0.978	Peptides	0.889	Gamma-glutamyl peptides	0.584	Organic compounds; Organoheterocyclic compounds; Organosulfur compounds; Lipids and lipid-like molecules; Amino acids, peptides, and analogues; Alpha amino acids and derivatives; Alcohols and polyols; Organic acids and derivatives; Carboxylic acids and derivatives; Organonitrogen compounds; Organooxygen compounds; Fatty amides; Dicarboxylic acids and derivatives; Amino acids and derivatives; Peptides; Monoalkylamines; Carboxylic acid amides; Eicosanoids; Carboxylic acid derivatives; N-acyl amines; N-acyl-alpha amino acids and derivatives; Thioethers; Carboxylic acids; Carboxylic acid esters; Secondary alcohols; Secondary carboxylic acid amides; Carbonyl compounds; Alpha amino acid amides; N-acyl-alpha amino acids; Alpha amino acids; Amines; Primary amines; Gamma-glutamyl peptides; Sulfenyl compounds; Dialkylthioethers; Fatty Acyls; Organic oxides; Hydrocarbon derivatives; Amino acids; Cysteine and derivatives; Organopnictogen compounds; Organic oxygen compounds; Organic nitrogen compounds; Chemical entities	603.312	238	3.975	876480764550260210	876480708468221353	876480708468221352	41842	
7	C30H40O2	[M + Na]+	C30H40NaO2+	Terpenoids	0.838	Carotenoids (C40)	0.321	Prenyl quinone meroterpenoids	0.415	Lipids and lipid-like molecules	0.817	Prenol lipids	0.551					Prenol lipids	0.551	Organic compounds; Lipids and lipid-like molecules; Prenol lipids; Organooxygen compounds; Carbonyl compounds; Organic oxides; Hydrocarbon derivatives; Organic oxygen compounds; Chemical entities	455.299	324	5.405	876480856254522901	876480707138626941	876480707113461116	52	
4	C23H44O6	[M + Na]+	C23H44NaO6+	Terpenoids	0.408	Diterpenoids	0.551	Tetracyclic diterpenoids	0.162	Lipids and lipid-like molecules	0.940	Prenol lipids	0.598	Diterpenoids	0.596			Diterpenoids	0.596	Organic compounds; Lipids and lipid-like molecules; Alcohols and polyols; Prenol lipids; Organic acids and derivatives; Carboxylic acids and derivatives; Organooxygen compounds; Carboxylic acid derivatives; Carboxylic acid esters; Diterpenoids; Secondary alcohols; Carbonyl compounds; Fatty Acyls; Organic oxides; Hydrocarbon derivatives; Organic oxygen compounds; Chemical entities	439.301	332	5.529	876480741280261578	876480708002653589	876480707998459284	10617	
5	C22H49NSi	[M + K]+	C22H49KNSi+	Terpenoids	0.945	Diterpenoids	0.530	Amphilectane diterpenoids	0.120	Benzenoids	0.699							Benzenoids	0.699	Organic compounds; Lipids and lipid-like molecules; Prenol lipids; Organonitrogen compounds; Benzenoids; Hydrocarbon derivatives; Organic nitrogen compounds; Chemical entities	394.322	364	6.071	876480768333522431	876480708455638437	876480708451444132	35250	
5	C45H74NO8P	[M + H]+	C45H75NO8P+	Fatty acids	0.999	Glycerophospholipids	1.000	Glycerophosphoethanolamines	0.995	Lipids and lipid-like molecules	0.994	Glycerophospholipids	1.000	Glycerophosphoethanolamines	0.997	Phosphatidylethanolamines	0.998	Dimethylphosphatidylethanolamines	0.999	Organic compounds; Lipids and lipid-like molecules; Amino acids, peptides, and analogues; Glycerophospholipids; Organic acids and derivatives; Carboxylic acids and derivatives; Organonitrogen compounds; Organooxygen compounds; Fatty acid esters; Dicarboxylic acids and derivatives; Amino acids and derivatives; Organic phosphoric acids and derivatives; Phosphate esters; Carboxylic acid derivatives; Carboxylic acid esters; Phosphoethanolamines; Phosphatidylethanolamines; Carbonyl compounds; Glycerophosphoethanolamines; Trialkylamines; Amines; Tertiary amines; Dimethylphosphatidylethanolamines; Alkyl phosphates; Dialkyl phosphates; Fatty Acyls; Organic oxides; Hydrocarbon derivatives; Organopnictogen compounds; Organic oxygen compounds; Organic nitrogen compounds; Chemical entities	788.517	377	6.281	876480859639326238	876480707889407377	876480707885213072	6991	
2	C42H81N5O8	[M + K]+	C42H81KN5O8+	Amino acids and Peptides	0.878	Oligopeptides	0.998	Depsipeptides	0.320	Organic acids and derivatives	0.998	Carboxylic acids and derivatives	0.993	Amino acids, peptides, and analogues	0.987	Peptides	0.621	Peptides	0.621	Organic compounds; Organoheterocyclic compounds; Lipids and lipid-like molecules; Amino acids, peptides, and analogues; Alpha amino acids and derivatives; Macrolactams; Alcohols and polyols; Lactams; Pyrrolidines; Phenylpropanoids and polyketides; Organic acids and derivatives; Carboxylic acids and derivatives; Organonitrogen compounds; Organooxygen compounds; Fatty amides; Amino acids and derivatives; Peptides; Carboxylic acid amides; Carboxylic acid derivatives; N-acyl amines; Monocarboxylic acids and derivatives; Secondary carboxylic acid amides; Tertiary carboxylic acid amides; Peptidomimetics; Carbonyl compounds; Benzene and substituted derivatives; Benzenoids; Fatty Acyls; Organic oxides; Azacyclic compounds; Hydrocarbon derivatives; Organopnictogen compounds; Organic oxygen compounds; Organic nitrogen compounds; Chemical entities	822.559	453	7.556	876480745461982695	876480707633554825	876480707629360520	4253	
4	C41H70O11	[M + H]+	C41H71O11+	Terpenoids	0.914	Triterpenoids	0.982	Dammarane and Protostane triterpenoids	0.730	Lipids and lipid-like molecules	0.974	Prenol lipids	0.953	Terpene glycosides	0.600	Triterpene glycosides	0.544	Triterpene saponins	0.544	Organic compounds; Organoheterocyclic compounds; Carbohydrates and carbohydrate conjugates; Lipids and lipid-like molecules; Alcohols and polyols; Ethers; Steroids and steroid derivatives; Prenol lipids; Organic acids and derivatives; Carboxylic acids and derivatives; Organooxygen compounds; Hydroxysteroids; Monosaccharides; Triterpenoids; Triterpene glycosides; Acetals; Secondary alcohols; Oxanes; Terpene glycosides; Glycosyl compounds; O-glycosyl compounds; Polyols; Triterpene saponins; Oxacyclic compounds; Hydrocarbon derivatives; Organic oxygen compounds; Chemical entities	739.507	454	7.569	876480794069771784	876480707356730753	876480707348342144	1771	
1	C20H32O17	[M + Na]+	C20H32NaO17+	Carbohydrates	0.996	Saccharides	0.997	Disaccharides	0.964	Organic oxygen compounds	1.000	Organooxygen compounds	1.000	Carbohydrates and carbohydrate conjugates	0.997	Glycosyl compounds	0.868	C-glycosyl compounds	0.530	Organic compounds; Organoheterocyclic compounds; Carbohydrates and carbohydrate conjugates; Alcohols and polyols; Ethers; Organic acids and derivatives; Carboxylic acids and derivatives; Primary alcohols; Organooxygen compounds; Carboxylic acid derivatives; Carboxylic acid esters; Disaccharides; Acetals; Secondary alcohols; Carbonyl compounds; Oxanes; Glycosyl compounds; C-glycosyl compounds; O-glycosyl compounds; Polyols; Organic oxides; Oxacyclic compounds; Hydrocarbon derivatives; Organic oxygen compounds; Chemical entities	567.154	459	7.651	876480887283983909	876480708342392225	876480708338197920	27668	
