row_id,dedup_group_id,fraction,n_strains_present,n_strains_total,pct_strains_present,n_species_present,species_present
2190,asid_12288,cell,289,292,98.97260273972603,17,Cystobasidium sp.;Pseudomicrostroma phylloplanum;Rhodotorula araucariae;Rhodotorula dairenensis;Rhodotorula diobovata;Rhodotorula glutinis;Rhodotorula graminis;Rhodotorula kratochvilovae;Rhodotorula mucilaginosa;Rhodotorula pacifica;Rhodotorula paludigena;Rhodotorula sp. clade I;Rhodotorula sp. clade XI;Rhodotorula sp. clade XIII;Rhodotorula sphaerocarpa;Rhodotorula taiwanensis;Rhodotorula toruloides
2190,asid_12288,supernatant,291,293,99.31740614334471,17,Cystobasidium sp.;Pseudomicrostroma phylloplanum;Rhodotorula araucariae;Rhodotorula dairenensis;Rhodotorula diobovata;Rhodotorula glutinis;Rhodotorula graminis;Rhodotorula kratochvilovae;Rhodotorula mucilaginosa;Rhodotorula pacifica;Rhodotorula paludigena;Rhodotorula sp. clade I;Rhodotorula sp. clade XI;Rhodotorula sp. clade XIII;Rhodotorula sphaerocarpa;Rhodotorula taiwanensis;Rhodotorula toruloides
1621,asid_1621,cell,218,292,74.65753424657534,16,Cystobasidium sp.;Pseudomicrostroma phylloplanum;Rhodotorula araucariae;Rhodotorula dairenensis;Rhodotorula diobovata;Rhodotorula glutinis;Rhodotorula graminis;Rhodotorula kratochvilovae;Rhodotorula mucilaginosa;Rhodotorula pacifica;Rhodotorula paludigena;Rhodotorula sp. clade I;Rhodotorula sp. clade XI;Rhodotorula sphaerocarpa;Rhodotorula taiwanensis;Rhodotorula toruloides
1621,asid_1621,supernatant,290,293,98.97610921501706,17,Cystobasidium sp.;Pseudomicrostroma phylloplanum;Rhodotorula araucariae;Rhodotorula dairenensis;Rhodotorula diobovata;Rhodotorula glutinis;Rhodotorula graminis;Rhodotorula kratochvilovae;Rhodotorula mucilaginosa;Rhodotorula pacifica;Rhodotorula paludigena;Rhodotorula sp. clade I;Rhodotorula sp. clade XI;Rhodotorula sp. clade XIII;Rhodotorula sphaerocarpa;Rhodotorula taiwanensis;Rhodotorula toruloides
5985,asid_5985,cell,218,292,74.65753424657534,16,Cystobasidium sp.;Pseudomicrostroma phylloplanum;Rhodotorula araucariae;Rhodotorula dairenensis;Rhodotorula diobovata;Rhodotorula glutinis;Rhodotorula graminis;Rhodotorula kratochvilovae;Rhodotorula mucilaginosa;Rhodotorula pacifica;Rhodotorula paludigena;Rhodotorula sp. clade I;Rhodotorula sp. clade XI;Rhodotorula sphaerocarpa;Rhodotorula taiwanensis;Rhodotorula toruloides
5985,asid_5985,supernatant,290,293,98.97610921501706,17,Cystobasidium sp.;Pseudomicrostroma phylloplanum;Rhodotorula araucariae;Rhodotorula dairenensis;Rhodotorula diobovata;Rhodotorula glutinis;Rhodotorula graminis;Rhodotorula kratochvilovae;Rhodotorula mucilaginosa;Rhodotorula pacifica;Rhodotorula paludigena;Rhodotorula sp. clade I;Rhodotorula sp. clade XI;Rhodotorula sp. clade XIII;Rhodotorula sphaerocarpa;Rhodotorula taiwanensis;Rhodotorula toruloides
7524,asid_7524,cell,226,292,77.3972602739726,17,Cystobasidium sp.;Pseudomicrostroma phylloplanum;Rhodotorula araucariae;Rhodotorula dairenensis;Rhodotorula diobovata;Rhodotorula glutinis;Rhodotorula graminis;Rhodotorula kratochvilovae;Rhodotorula mucilaginosa;Rhodotorula pacifica;Rhodotorula paludigena;Rhodotorula sp. clade I;Rhodotorula sp. clade XI;Rhodotorula sp. clade XIII;Rhodotorula sphaerocarpa;Rhodotorula taiwanensis;Rhodotorula toruloides
7524,asid_7524,supernatant,290,293,98.97610921501706,17,Cystobasidium sp.;Pseudomicrostroma phylloplanum;Rhodotorula araucariae;Rhodotorula dairenensis;Rhodotorula diobovata;Rhodotorula glutinis;Rhodotorula graminis;Rhodotorula kratochvilovae;Rhodotorula mucilaginosa;Rhodotorula pacifica;Rhodotorula paludigena;Rhodotorula sp. clade I;Rhodotorula sp. clade XI;Rhodotorula sp. clade XIII;Rhodotorula sphaerocarpa;Rhodotorula taiwanensis;Rhodotorula toruloides
3827,asid_13126,cell,191,292,65.41095890410959,16,Cystobasidium sp.;Pseudomicrostroma phylloplanum;Rhodotorula araucariae;Rhodotorula dairenensis;Rhodotorula diobovata;Rhodotorula glutinis;Rhodotorula graminis;Rhodotorula kratochvilovae;Rhodotorula mucilaginosa;Rhodotorula pacifica;Rhodotorula paludigena;Rhodotorula sp. clade I;Rhodotorula sp. clade XI;Rhodotorula sphaerocarpa;Rhodotorula taiwanensis;Rhodotorula toruloides
3827,asid_13126,supernatant,290,293,98.97610921501706,17,Cystobasidium sp.;Pseudomicrostroma phylloplanum;Rhodotorula araucariae;Rhodotorula dairenensis;Rhodotorula diobovata;Rhodotorula glutinis;Rhodotorula graminis;Rhodotorula kratochvilovae;Rhodotorula mucilaginosa;Rhodotorula pacifica;Rhodotorula paludigena;Rhodotorula sp. clade I;Rhodotorula sp. clade XI;Rhodotorula sp. clade XIII;Rhodotorula sphaerocarpa;Rhodotorula taiwanensis;Rhodotorula toruloides
6918,asid_6918,cell,279,292,95.54794520547945,17,Cystobasidium sp.;Pseudomicrostroma phylloplanum;Rhodotorula araucariae;Rhodotorula dairenensis;Rhodotorula diobovata;Rhodotorula glutinis;Rhodotorula graminis;Rhodotorula kratochvilovae;Rhodotorula mucilaginosa;Rhodotorula pacifica;Rhodotorula paludigena;Rhodotorula sp. clade I;Rhodotorula sp. clade XI;Rhodotorula sp. clade XIII;Rhodotorula sphaerocarpa;Rhodotorula taiwanensis;Rhodotorula toruloides
6918,asid_6918,supernatant,290,293,98.97610921501706,17,Cystobasidium sp.;Pseudomicrostroma phylloplanum;Rhodotorula araucariae;Rhodotorula dairenensis;Rhodotorula diobovata;Rhodotorula glutinis;Rhodotorula graminis;Rhodotorula kratochvilovae;Rhodotorula mucilaginosa;Rhodotorula pacifica;Rhodotorula paludigena;Rhodotorula sp. clade I;Rhodotorula sp. clade XI;Rhodotorula sp. clade XIII;Rhodotorula sphaerocarpa;Rhodotorula taiwanensis;Rhodotorula toruloides
44922,asid_44922,cell,223,292,76.36986301369863,17,Cystobasidium sp.;Pseudomicrostroma phylloplanum;Rhodotorula araucariae;Rhodotorula dairenensis;Rhodotorula diobovata;Rhodotorula glutinis;Rhodotorula graminis;Rhodotorula kratochvilovae;Rhodotorula mucilaginosa;Rhodotorula pacifica;Rhodotorula paludigena;Rhodotorula sp. clade I;Rhodotorula sp. clade XI;Rhodotorula sp. clade XIII;Rhodotorula sphaerocarpa;Rhodotorula taiwanensis;Rhodotorula toruloides
44922,asid_44922,supernatant,290,293,98.97610921501706,17,Cystobasidium sp.;Pseudomicrostroma phylloplanum;Rhodotorula araucariae;Rhodotorula dairenensis;Rhodotorula diobovata;Rhodotorula glutinis;Rhodotorula graminis;Rhodotorula kratochvilovae;Rhodotorula mucilaginosa;Rhodotorula pacifica;Rhodotorula paludigena;Rhodotorula sp. clade I;Rhodotorula sp. clade XI;Rhodotorula sp. clade XIII;Rhodotorula sphaerocarpa;Rhodotorula taiwanensis;Rhodotorula toruloides
16553,asid_16553,cell,140,292,47.945205479452056,14,Pseudomicrostroma phylloplanum;Rhodotorula araucariae;Rhodotorula dairenensis;Rhodotorula diobovata;Rhodotorula graminis;Rhodotorula kratochvilovae;Rhodotorula mucilaginosa;Rhodotorula pacifica;Rhodotorula paludigena;Rhodotorula sp. clade I;Rhodotorula sp. clade XI;Rhodotorula sphaerocarpa;Rhodotorula taiwanensis;Rhodotorula toruloides
16553,asid_16553,supernatant,290,293,98.97610921501706,17,Cystobasidium sp.;Pseudomicrostroma phylloplanum;Rhodotorula araucariae;Rhodotorula dairenensis;Rhodotorula diobovata;Rhodotorula glutinis;Rhodotorula graminis;Rhodotorula kratochvilovae;Rhodotorula mucilaginosa;Rhodotorula pacifica;Rhodotorula paludigena;Rhodotorula sp. clade I;Rhodotorula sp. clade XI;Rhodotorula sp. clade XIII;Rhodotorula sphaerocarpa;Rhodotorula taiwanensis;Rhodotorula toruloides
50594,asid_50594,cell,244,292,83.56164383561644,17,Cystobasidium sp.;Pseudomicrostroma phylloplanum;Rhodotorula araucariae;Rhodotorula dairenensis;Rhodotorula diobovata;Rhodotorula glutinis;Rhodotorula graminis;Rhodotorula kratochvilovae;Rhodotorula mucilaginosa;Rhodotorula pacifica;Rhodotorula paludigena;Rhodotorula sp. clade I;Rhodotorula sp. clade XI;Rhodotorula sp. clade XIII;Rhodotorula sphaerocarpa;Rhodotorula taiwanensis;Rhodotorula toruloides
50594,asid_50594,supernatant,289,293,98.63481228668942,17,Cystobasidium sp.;Pseudomicrostroma phylloplanum;Rhodotorula araucariae;Rhodotorula dairenensis;Rhodotorula diobovata;Rhodotorula glutinis;Rhodotorula graminis;Rhodotorula kratochvilovae;Rhodotorula mucilaginosa;Rhodotorula pacifica;Rhodotorula paludigena;Rhodotorula sp. clade I;Rhodotorula sp. clade XI;Rhodotorula sp. clade XIII;Rhodotorula sphaerocarpa;Rhodotorula taiwanensis;Rhodotorula toruloides
