ASMID,SPECIES_IN,STRAIN,BIOPROJECT,NCBI_TAXONID,BUSCO_LINEAGE,PHYLUM,SUBPHYLUM,CLASS,SUBCLASS,ORDER,FAMILY,GENUS,SPECIES,TRANSL_TABLE,LOCUSTAG
LOCAL_Cystobasidium_sp._DBVPG_10075.proteins,Cystobasidium sp.,DBVPG 10075,,1925428,dikarya,Basidiomycota,,Exobasidiomycetes,,,,Cystobasidium,Cystobasidium sp.,1,DBVPG10075
LOCAL_Pseudomicrostroma_phylloplanum_DBVPG_6740.proteins,Pseudomicrostroma phylloplanum,DBVPG 6740,,105771,dikarya,Basidiomycota,,Exobasidiomycetes,,Microstromatales,,Pseudomicrostroma,Pseudomicrostroma phylloplanum,1,DBVPG6740
LOCAL_Rhodotorula_araucariae_NRRL_Y-17376.proteins,Rhodotorula araucariae,NRRL Y-17376,,86829,dikarya,Basidiomycota,,Microbotryomycetes,,Sporidiobolales,Sporidiobolaceae,Rhodotorula,Rhodotorula araucariae,1,OM449
LOCAL_Rhodotorula_dairenensis_DBVPG_3768.proteins,Rhodotorula dairenensis,DBVPG 3768,,86832,dikarya,Basidiomycota,,Microbotryomycetes,,Sporidiobolales,Sporidiobolaceae,Rhodotorula,Rhodotorula dairenensis,1,DBVPG3768
LOCAL_Rhodotorula_dairenensis_DBVPG_3769.proteins,Rhodotorula dairenensis,DBVPG 3769,,86832,dikarya,Basidiomycota,,Microbotryomycetes,,Sporidiobolales,Sporidiobolaceae,Rhodotorula,Rhodotorula dairenensis,1,DBVPG3769
LOCAL_Rhodotorula_dairenensis_DBVPG_3770.proteins,Rhodotorula dairenensis,DBVPG 3770,,86832,dikarya,Basidiomycota,,Microbotryomycetes,,Sporidiobolales,Sporidiobolaceae,Rhodotorula,Rhodotorula dairenensis,1,DBVPG3770
LOCAL_Rhodotorula_dairenensis_DBVPG_3771.proteins,Rhodotorula dairenensis,DBVPG 3771,,86832,dikarya,Basidiomycota,,Microbotryomycetes,,Sporidiobolales,Sporidiobolaceae,Rhodotorula,Rhodotorula dairenensis,1,DBVPG3771
LOCAL_Rhodotorula_dairenensis_DBVPG_3772.proteins,Rhodotorula dairenensis,DBVPG 3772,,86832,dikarya,Basidiomycota,,Microbotryomycetes,,Sporidiobolales,Sporidiobolaceae,Rhodotorula,Rhodotorula dairenensis,1,DBVPG3772
LOCAL_Rhodotorula_dairenensis_DBVPG_3773.proteins,Rhodotorula dairenensis,DBVPG 3773,,86832,dikarya,Basidiomycota,,Microbotryomycetes,,Sporidiobolales,Sporidiobolaceae,Rhodotorula,Rhodotorula dairenensis,1,DBVPG3773
LOCAL_Rhodotorula_dairenensis_DBVPG_3853.proteins,Rhodotorula dairenensis,DBVPG 3853,,86832,dikarya,Basidiomycota,,Microbotryomycetes,,Sporidiobolales,Sporidiobolaceae,Rhodotorula,Rhodotorula dairenensis,1,DBVPG3853
LOCAL_Rhodotorula_dairenensis_NRRL_Y-2504.proteins,Rhodotorula dairenensis,NRRL Y-2504,,86832,dikarya,Basidiomycota,,Microbotryomycetes,,Sporidiobolales,Sporidiobolaceae,Rhodotorula,Rhodotorula dairenensis,1,OM447
LOCAL_Rhodotorula_dairenensis_TFCN_7W-292-3.proteins,Rhodotorula dairenensis,TFCN 7W-292-3,,86832,dikarya,Basidiomycota,,Microbotryomycetes,,Sporidiobolales,Sporidiobolaceae,Rhodotorula,Rhodotorula dairenensis,1,TFCN7W2923
LOCAL_Rhodotorula_diobovata_DBVPG_6195.proteins,Rhodotorula diobovata,DBVPG 6195,,5288,dikarya,Basidiomycota,,Microbotryomycetes,,Sporidiobolales,Sporidiobolaceae,Rhodotorula,Rhodotorula diobovata,1,DBVPG6195
LOCAL_Rhodotorula_diobovata_DBVPG_6202.proteins,Rhodotorula diobovata,DBVPG 6202,,5288,dikarya,Basidiomycota,,Microbotryomycetes,,Sporidiobolales,Sporidiobolaceae,Rhodotorula,Rhodotorula diobovata,1,DBVPG6202
LOCAL_Rhodotorula_diobovata_NRRL_Y-7196.proteins,Rhodotorula diobovata,NRRL Y-7196,,5288,dikarya,Basidiomycota,,Microbotryomycetes,,Sporidiobolales,Sporidiobolaceae,Rhodotorula,Rhodotorula diobovata,1,OM446
LOCAL_Rhodotorula_diobovata_TFCN_17-334Y-6.proteins,Rhodotorula diobovata,TFCN 17-334Y-6,,5288,dikarya,Basidiomycota,,Microbotryomycetes,,Sporidiobolales,Sporidiobolaceae,Rhodotorula,Rhodotorula diobovata,1,TFCN17334Y6
LOCAL_Rhodotorula_diobovata_TFCN_25-335C-1.proteins,Rhodotorula diobovata,TFCN 25-335C-1,,5288,dikarya,Basidiomycota,,Microbotryomycetes,,Sporidiobolales,Sporidiobolaceae,Rhodotorula,Rhodotorula diobovata,1,TFCN25335C1
LOCAL_Rhodotorula_diobovata_TFCN_25-335P-1.proteins,Rhodotorula diobovata,TFCN 25-335P-1,,5288,dikarya,Basidiomycota,,Microbotryomycetes,,Sporidiobolales,Sporidiobolaceae,Rhodotorula,Rhodotorula diobovata,1,TFCN25335P1
LOCAL_Rhodotorula_diobovata_TFCN_7-9-2.proteins,Rhodotorula diobovata,TFCN 7-9-2,,5288,dikarya,Basidiomycota,,Microbotryomycetes,,Sporidiobolales,Sporidiobolaceae,Rhodotorula,Rhodotorula diobovata,1,TFCN792
LOCAL_Rhodotorula_diobovata_TFCN_7-9-3.proteins,Rhodotorula diobovata,TFCN 7-9-3,,5288,dikarya,Basidiomycota,,Microbotryomycetes,,Sporidiobolales,Sporidiobolaceae,Rhodotorula,Rhodotorula diobovata,1,TFCN793
LOCAL_Rhodotorula_evergladensis_DBVPG_7922.proteins,Rhodotorula evergladensis,DBVPG 7922,,592011,dikarya,Basidiomycota,,Microbotryomycetes,,,,Rhodotorula,Rhodotorula evergladensis,1,DBVPG7922
LOCAL_Rhodotorula_glutinis_DBVPG_6081.proteins,Rhodotorula glutinis,DBVPG 6081,,5535,dikarya,Basidiomycota,,Microbotryomycetes,,Sporidiobolales,Sporidiobolaceae,Rhodotorula,Rhodotorula glutinis,1,DBVPG6081
LOCAL_Rhodotorula_graminis_DBVPG_6083.proteins,Rhodotorula graminis,DBVPG 6083,,29898,dikarya,Basidiomycota,,Microbotryomycetes,,Sporidiobolales,Sporidiobolaceae,Rhodotorula,Rhodotorula graminis,1,DBVPG6083
LOCAL_Rhodotorula_graminis_DBVPG_7021.proteins,Rhodotorula graminis,DBVPG 7021,,29898,dikarya,Basidiomycota,,Microbotryomycetes,,Sporidiobolales,Sporidiobolaceae,Rhodotorula,Rhodotorula graminis,1,DBVPG7021
LOCAL_Rhodotorula_graminis_NRRL_Y-2474.proteins,Rhodotorula graminis,NRRL Y-2474,,29898,dikarya,Basidiomycota,,Microbotryomycetes,,Sporidiobolales,Sporidiobolaceae,Rhodotorula,Rhodotorula graminis,1,OM441
LOCAL_Rhodotorula_kratochvilovae_DBVPG_10383.proteins,Rhodotorula kratochvilovae,DBVPG 10383,,86836,dikarya,Basidiomycota,,Microbotryomycetes,,Sporidiobolales,Sporidiobolaceae,Rhodotorula,Rhodotorula kratochvilovae,1,DBVPG10383
LOCAL_Rhodotorula_kratochvilovae_DBVPG_10753.proteins,Rhodotorula kratochvilovae,DBVPG 10753,,86836,dikarya,Basidiomycota,,Microbotryomycetes,,Sporidiobolales,Sporidiobolaceae,Rhodotorula,Rhodotorula kratochvilovae,1,DBVPG10753
LOCAL_Rhodotorula_kratochvilovae_DBVPG_7539.proteins,Rhodotorula kratochvilovae,DBVPG 7539,,86836,dikarya,Basidiomycota,,Microbotryomycetes,,Sporidiobolales,Sporidiobolaceae,Rhodotorula,Rhodotorula kratochvilovae,1,DBVPG7539
LOCAL_Rhodotorula_mucilaginosa_DBVPG_10619.proteins,Rhodotorula mucilaginosa,DBVPG 10619,,5537,dikarya,Basidiomycota,,Microbotryomycetes,,Sporidiobolales,Sporidiobolaceae,Rhodotorula,Rhodotorula mucilaginosa,1,DBVPG10619
LOCAL_Rhodotorula_mucilaginosa_DBVPG_10780.proteins,Rhodotorula mucilaginosa,DBVPG 10780,,5537,dikarya,Basidiomycota,,Microbotryomycetes,,Sporidiobolales,Sporidiobolaceae,Rhodotorula,Rhodotorula mucilaginosa,1,DBVPG10780
LOCAL_Rhodotorula_mucilaginosa_DBVPG_10842.proteins,Rhodotorula mucilaginosa,DBVPG 10842,,5537,dikarya,Basidiomycota,,Microbotryomycetes,,Sporidiobolales,Sporidiobolaceae,Rhodotorula,Rhodotorula mucilaginosa,1,DBVPG10842
LOCAL_Rhodotorula_mucilaginosa_DBVPG_10882.proteins,Rhodotorula mucilaginosa,DBVPG 10882,,5537,dikarya,Basidiomycota,,Microbotryomycetes,,Sporidiobolales,Sporidiobolaceae,Rhodotorula,Rhodotorula mucilaginosa,1,DBVPG10882
LOCAL_Rhodotorula_mucilaginosa_DBVPG_10886.proteins,Rhodotorula mucilaginosa,DBVPG 10886,,5537,dikarya,Basidiomycota,,Microbotryomycetes,,Sporidiobolales,Sporidiobolaceae,Rhodotorula,Rhodotorula mucilaginosa,1,DBVPG10886
LOCAL_Rhodotorula_mucilaginosa_DBVPG_10937.proteins,Rhodotorula mucilaginosa,DBVPG 10937,,5537,dikarya,Basidiomycota,,Microbotryomycetes,,Sporidiobolales,Sporidiobolaceae,Rhodotorula,Rhodotorula mucilaginosa,1,DBVPG10937
LOCAL_Rhodotorula_mucilaginosa_DBVPG_3044.proteins,Rhodotorula mucilaginosa,DBVPG 3044,,5537,dikarya,Basidiomycota,,Microbotryomycetes,,Sporidiobolales,Sporidiobolaceae,Rhodotorula,Rhodotorula mucilaginosa,1,DBVPG3044
LOCAL_Rhodotorula_mucilaginosa_DBVPG_3045.proteins,Rhodotorula mucilaginosa,DBVPG 3045,,5537,dikarya,Basidiomycota,,Microbotryomycetes,,Sporidiobolales,Sporidiobolaceae,Rhodotorula,Rhodotorula mucilaginosa,1,DBVPG3045
LOCAL_Rhodotorula_mucilaginosa_DBVPG_3090.proteins,Rhodotorula mucilaginosa,DBVPG 3090,,5537,dikarya,Basidiomycota,,Microbotryomycetes,,Sporidiobolales,Sporidiobolaceae,Rhodotorula,Rhodotorula mucilaginosa,1,DBVPG3090
LOCAL_Rhodotorula_mucilaginosa_DBVPG_3235.proteins,Rhodotorula mucilaginosa,DBVPG 3235,,5537,dikarya,Basidiomycota,,Microbotryomycetes,,Sporidiobolales,Sporidiobolaceae,Rhodotorula,Rhodotorula mucilaginosa,1,DBVPG3235
LOCAL_Rhodotorula_mucilaginosa_DBVPG_3236.proteins,Rhodotorula mucilaginosa,DBVPG 3236,,5537,dikarya,Basidiomycota,,Microbotryomycetes,,Sporidiobolales,Sporidiobolaceae,Rhodotorula,Rhodotorula mucilaginosa,1,DBVPG3236
LOCAL_Rhodotorula_mucilaginosa_DBVPG_3237.proteins,Rhodotorula mucilaginosa,DBVPG 3237,,5537,dikarya,Basidiomycota,,Microbotryomycetes,,Sporidiobolales,Sporidiobolaceae,Rhodotorula,Rhodotorula mucilaginosa,1,DBVPG3237
LOCAL_Rhodotorula_mucilaginosa_DBVPG_3238.proteins,Rhodotorula mucilaginosa,DBVPG 3238,,5537,dikarya,Basidiomycota,,Microbotryomycetes,,Sporidiobolales,Sporidiobolaceae,Rhodotorula,Rhodotorula mucilaginosa,1,DBVPG3238
LOCAL_Rhodotorula_mucilaginosa_DBVPG_3381.proteins,Rhodotorula mucilaginosa,DBVPG 3381,,5537,dikarya,Basidiomycota,,Microbotryomycetes,,Sporidiobolales,Sporidiobolaceae,Rhodotorula,Rhodotorula mucilaginosa,1,DBVPG3381
LOCAL_Rhodotorula_mucilaginosa_DBVPG_3382.proteins,Rhodotorula mucilaginosa,DBVPG 3382,,5537,dikarya,Basidiomycota,,Microbotryomycetes,,Sporidiobolales,Sporidiobolaceae,Rhodotorula,Rhodotorula mucilaginosa,1,DBVPG3382
LOCAL_Rhodotorula_mucilaginosa_DBVPG_3383.proteins,Rhodotorula mucilaginosa,DBVPG 3383,,5537,dikarya,Basidiomycota,,Microbotryomycetes,,Sporidiobolales,Sporidiobolaceae,Rhodotorula,Rhodotorula mucilaginosa,1,DBVPG3383
LOCAL_Rhodotorula_mucilaginosa_DBVPG_3384.proteins,Rhodotorula mucilaginosa,DBVPG 3384,,5537,dikarya,Basidiomycota,,Microbotryomycetes,,Sporidiobolales,Sporidiobolaceae,Rhodotorula,Rhodotorula mucilaginosa,1,DBVPG3384
LOCAL_Rhodotorula_mucilaginosa_DBVPG_3442.proteins,Rhodotorula mucilaginosa,DBVPG 3442,,5537,dikarya,Basidiomycota,,Microbotryomycetes,,Sporidiobolales,Sporidiobolaceae,Rhodotorula,Rhodotorula mucilaginosa,1,DBVPG3442
LOCAL_Rhodotorula_mucilaginosa_DBVPG_3443.proteins,Rhodotorula mucilaginosa,DBVPG 3443,,5537,dikarya,Basidiomycota,,Microbotryomycetes,,Sporidiobolales,Sporidiobolaceae,Rhodotorula,Rhodotorula mucilaginosa,1,DBVPG3443
LOCAL_Rhodotorula_mucilaginosa_DBVPG_3444.proteins,Rhodotorula mucilaginosa,DBVPG 3444,,5537,dikarya,Basidiomycota,,Microbotryomycetes,,Sporidiobolales,Sporidiobolaceae,Rhodotorula,Rhodotorula mucilaginosa,1,DBVPG3444
LOCAL_Rhodotorula_mucilaginosa_DBVPG_3774.proteins,Rhodotorula mucilaginosa,DBVPG 3774,,5537,dikarya,Basidiomycota,,Microbotryomycetes,,Sporidiobolales,Sporidiobolaceae,Rhodotorula,Rhodotorula mucilaginosa,1,DBVPG3774
LOCAL_Rhodotorula_mucilaginosa_DBVPG_3775.proteins,Rhodotorula mucilaginosa,DBVPG 3775,,5537,dikarya,Basidiomycota,,Microbotryomycetes,,Sporidiobolales,Sporidiobolaceae,Rhodotorula,Rhodotorula mucilaginosa,1,DBVPG3775
LOCAL_Rhodotorula_mucilaginosa_DBVPG_3776.proteins,Rhodotorula mucilaginosa,DBVPG 3776,,5537,dikarya,Basidiomycota,,Microbotryomycetes,,Sporidiobolales,Sporidiobolaceae,Rhodotorula,Rhodotorula mucilaginosa,1,DBVPG3776
LOCAL_Rhodotorula_mucilaginosa_DBVPG_3777.proteins,Rhodotorula mucilaginosa,DBVPG 3777,,5537,dikarya,Basidiomycota,,Microbotryomycetes,,Sporidiobolales,Sporidiobolaceae,Rhodotorula,Rhodotorula mucilaginosa,1,DBVPG3777
LOCAL_Rhodotorula_mucilaginosa_DBVPG_3778.proteins,Rhodotorula mucilaginosa,DBVPG 3778,,5537,dikarya,Basidiomycota,,Microbotryomycetes,,Sporidiobolales,Sporidiobolaceae,Rhodotorula,Rhodotorula mucilaginosa,1,DBVPG3778
LOCAL_Rhodotorula_mucilaginosa_DBVPG_3780.proteins,Rhodotorula mucilaginosa,DBVPG 3780,,5537,dikarya,Basidiomycota,,Microbotryomycetes,,Sporidiobolales,Sporidiobolaceae,Rhodotorula,Rhodotorula mucilaginosa,1,DBVPG3780
LOCAL_Rhodotorula_mucilaginosa_DBVPG_3854.proteins,Rhodotorula mucilaginosa,DBVPG 3854,,5537,dikarya,Basidiomycota,,Microbotryomycetes,,Sporidiobolales,Sporidiobolaceae,Rhodotorula,Rhodotorula mucilaginosa,1,DBVPG3854
LOCAL_Rhodotorula_mucilaginosa_DBVPG_3855.proteins,Rhodotorula mucilaginosa,DBVPG 3855,,5537,dikarya,Basidiomycota,,Microbotryomycetes,,Sporidiobolales,Sporidiobolaceae,Rhodotorula,Rhodotorula mucilaginosa,1,DBVPG3855
LOCAL_Rhodotorula_mucilaginosa_DBVPG_3856.proteins,Rhodotorula mucilaginosa,DBVPG 3856,,5537,dikarya,Basidiomycota,,Microbotryomycetes,,Sporidiobolales,Sporidiobolaceae,Rhodotorula,Rhodotorula mucilaginosa,1,DBVPG3856
LOCAL_Rhodotorula_mucilaginosa_DBVPG_3857.proteins,Rhodotorula mucilaginosa,DBVPG 3857,,5537,dikarya,Basidiomycota,,Microbotryomycetes,,Sporidiobolales,Sporidiobolaceae,Rhodotorula,Rhodotorula mucilaginosa,1,DBVPG3857
LOCAL_Rhodotorula_mucilaginosa_DBVPG_3858.proteins,Rhodotorula mucilaginosa,DBVPG 3858,,5537,dikarya,Basidiomycota,,Microbotryomycetes,,Sporidiobolales,Sporidiobolaceae,Rhodotorula,Rhodotorula mucilaginosa,1,DBVPG3858
LOCAL_Rhodotorula_mucilaginosa_DBVPG_3983.proteins,Rhodotorula mucilaginosa,DBVPG 3983,,5537,dikarya,Basidiomycota,,Microbotryomycetes,,Sporidiobolales,Sporidiobolaceae,Rhodotorula,Rhodotorula mucilaginosa,1,DBVPG3983
LOCAL_Rhodotorula_mucilaginosa_DBVPG_3984.proteins,Rhodotorula mucilaginosa,DBVPG 3984,,5537,dikarya,Basidiomycota,,Microbotryomycetes,,Sporidiobolales,Sporidiobolaceae,Rhodotorula,Rhodotorula mucilaginosa,1,DBVPG3984
LOCAL_Rhodotorula_mucilaginosa_DBVPG_4201.proteins,Rhodotorula mucilaginosa,DBVPG 4201,,5537,dikarya,Basidiomycota,,Microbotryomycetes,,Sporidiobolales,Sporidiobolaceae,Rhodotorula,Rhodotorula mucilaginosa,1,DBVPG4201
LOCAL_Rhodotorula_mucilaginosa_DBVPG_4202.proteins,Rhodotorula mucilaginosa,DBVPG 4202,,5537,dikarya,Basidiomycota,,Microbotryomycetes,,Sporidiobolales,Sporidiobolaceae,Rhodotorula,Rhodotorula mucilaginosa,1,DBVPG4202
LOCAL_Rhodotorula_mucilaginosa_DBVPG_4203.proteins,Rhodotorula mucilaginosa,DBVPG 4203,,5537,dikarya,Basidiomycota,,Microbotryomycetes,,Sporidiobolales,Sporidiobolaceae,Rhodotorula,Rhodotorula mucilaginosa,1,DBVPG4203
LOCAL_Rhodotorula_mucilaginosa_DBVPG_4304.proteins,Rhodotorula mucilaginosa,DBVPG 4304,,5537,dikarya,Basidiomycota,,Microbotryomycetes,,Sporidiobolales,Sporidiobolaceae,Rhodotorula,Rhodotorula mucilaginosa,1,DBVPG4304
LOCAL_Rhodotorula_mucilaginosa_DBVPG_4376.proteins,Rhodotorula mucilaginosa,DBVPG 4376,,5537,dikarya,Basidiomycota,,Microbotryomycetes,,Sporidiobolales,Sporidiobolaceae,Rhodotorula,Rhodotorula mucilaginosa,1,DBVPG4376
LOCAL_Rhodotorula_mucilaginosa_DBVPG_4377.proteins,Rhodotorula mucilaginosa,DBVPG 4377,,5537,dikarya,Basidiomycota,,Microbotryomycetes,,Sporidiobolales,Sporidiobolaceae,Rhodotorula,Rhodotorula mucilaginosa,1,DBVPG4377
LOCAL_Rhodotorula_mucilaginosa_DBVPG_4378.proteins,Rhodotorula mucilaginosa,DBVPG 4378,,5537,dikarya,Basidiomycota,,Microbotryomycetes,,Sporidiobolales,Sporidiobolaceae,Rhodotorula,Rhodotorula mucilaginosa,1,DBVPG4378
LOCAL_Rhodotorula_mucilaginosa_DBVPG_4380.proteins,Rhodotorula mucilaginosa,DBVPG 4380,,5537,dikarya,Basidiomycota,,Microbotryomycetes,,Sporidiobolales,Sporidiobolaceae,Rhodotorula,Rhodotorula mucilaginosa,1,DBVPG4380
LOCAL_Rhodotorula_mucilaginosa_DBVPG_4408.proteins,Rhodotorula mucilaginosa,DBVPG 4408,,5537,dikarya,Basidiomycota,,Microbotryomycetes,,Sporidiobolales,Sporidiobolaceae,Rhodotorula,Rhodotorula mucilaginosa,1,DBVPG4408
LOCAL_Rhodotorula_mucilaginosa_DBVPG_4466.proteins,Rhodotorula mucilaginosa,DBVPG 4466,,5537,dikarya,Basidiomycota,,Microbotryomycetes,,Sporidiobolales,Sporidiobolaceae,Rhodotorula,Rhodotorula mucilaginosa,1,DBVPG4466
LOCAL_Rhodotorula_mucilaginosa_DBVPG_4534.proteins,Rhodotorula mucilaginosa,DBVPG 4534,,5537,dikarya,Basidiomycota,,Microbotryomycetes,,Sporidiobolales,Sporidiobolaceae,Rhodotorula,Rhodotorula mucilaginosa,1,DBVPG4534
LOCAL_Rhodotorula_mucilaginosa_DBVPG_4618.proteins,Rhodotorula mucilaginosa,DBVPG 4618,,5537,dikarya,Basidiomycota,,Microbotryomycetes,,Sporidiobolales,Sporidiobolaceae,Rhodotorula,Rhodotorula mucilaginosa,1,DBVPG4618
LOCAL_Rhodotorula_mucilaginosa_DBVPG_4669.proteins,Rhodotorula mucilaginosa,DBVPG 4669,,5537,dikarya,Basidiomycota,,Microbotryomycetes,,Sporidiobolales,Sporidiobolaceae,Rhodotorula,Rhodotorula mucilaginosa,1,DBVPG4669
LOCAL_Rhodotorula_mucilaginosa_DBVPG_4920.proteins,Rhodotorula mucilaginosa,DBVPG 4920,,5537,dikarya,Basidiomycota,,Microbotryomycetes,,Sporidiobolales,Sporidiobolaceae,Rhodotorula,Rhodotorula mucilaginosa,1,DBVPG4920
LOCAL_Rhodotorula_mucilaginosa_DBVPG_4945.proteins,Rhodotorula mucilaginosa,DBVPG 4945,,5537,dikarya,Basidiomycota,,Microbotryomycetes,,Sporidiobolales,Sporidiobolaceae,Rhodotorula,Rhodotorula mucilaginosa,1,DBVPG4945
LOCAL_Rhodotorula_mucilaginosa_DBVPG_4946.proteins,Rhodotorula mucilaginosa,DBVPG 4946,,5537,dikarya,Basidiomycota,,Microbotryomycetes,,Sporidiobolales,Sporidiobolaceae,Rhodotorula,Rhodotorula mucilaginosa,1,DBVPG4946
LOCAL_Rhodotorula_mucilaginosa_DBVPG_4947.proteins,Rhodotorula mucilaginosa,DBVPG 4947,,5537,dikarya,Basidiomycota,,Microbotryomycetes,,Sporidiobolales,Sporidiobolaceae,Rhodotorula,Rhodotorula mucilaginosa,1,DBVPG4947
LOCAL_Rhodotorula_mucilaginosa_DBVPG_4949.proteins,Rhodotorula mucilaginosa,DBVPG 4949,,5537,dikarya,Basidiomycota,,Microbotryomycetes,,Sporidiobolales,Sporidiobolaceae,Rhodotorula,Rhodotorula mucilaginosa,1,DBVPG4949
LOCAL_Rhodotorula_mucilaginosa_DBVPG_4950.proteins,Rhodotorula mucilaginosa,DBVPG 4950,,5537,dikarya,Basidiomycota,,Microbotryomycetes,,Sporidiobolales,Sporidiobolaceae,Rhodotorula,Rhodotorula mucilaginosa,1,DBVPG4950
LOCAL_Rhodotorula_mucilaginosa_DBVPG_4956.proteins,Rhodotorula mucilaginosa,DBVPG 4956,,5537,dikarya,Basidiomycota,,Microbotryomycetes,,Sporidiobolales,Sporidiobolaceae,Rhodotorula,Rhodotorula mucilaginosa,1,DBVPG4956
LOCAL_Rhodotorula_mucilaginosa_DBVPG_4957.proteins,Rhodotorula mucilaginosa,DBVPG 4957,,5537,dikarya,Basidiomycota,,Microbotryomycetes,,Sporidiobolales,Sporidiobolaceae,Rhodotorula,Rhodotorula mucilaginosa,1,DBVPG4957
LOCAL_Rhodotorula_mucilaginosa_DBVPG_4958.proteins,Rhodotorula mucilaginosa,DBVPG 4958,,5537,dikarya,Basidiomycota,,Microbotryomycetes,,Sporidiobolales,Sporidiobolaceae,Rhodotorula,Rhodotorula mucilaginosa,1,DBVPG4958
LOCAL_Rhodotorula_mucilaginosa_DBVPG_4962.proteins,Rhodotorula mucilaginosa,DBVPG 4962,,5537,dikarya,Basidiomycota,,Microbotryomycetes,,Sporidiobolales,Sporidiobolaceae,Rhodotorula,Rhodotorula mucilaginosa,1,DBVPG4962
LOCAL_Rhodotorula_mucilaginosa_DBVPG_4963.proteins,Rhodotorula mucilaginosa,DBVPG 4963,,5537,dikarya,Basidiomycota,,Microbotryomycetes,,Sporidiobolales,Sporidiobolaceae,Rhodotorula,Rhodotorula mucilaginosa,1,DBVPG4963
LOCAL_Rhodotorula_mucilaginosa_DBVPG_4964.proteins,Rhodotorula mucilaginosa,DBVPG 4964,,5537,dikarya,Basidiomycota,,Microbotryomycetes,,Sporidiobolales,Sporidiobolaceae,Rhodotorula,Rhodotorula mucilaginosa,1,DBVPG4964
LOCAL_Rhodotorula_mucilaginosa_DBVPG_5225.proteins,Rhodotorula mucilaginosa,DBVPG 5225,,5537,dikarya,Basidiomycota,,Microbotryomycetes,,Sporidiobolales,Sporidiobolaceae,Rhodotorula,Rhodotorula mucilaginosa,1,DBVPG5225
LOCAL_Rhodotorula_mucilaginosa_DBVPG_5226.proteins,Rhodotorula mucilaginosa,DBVPG 5226,,5537,dikarya,Basidiomycota,,Microbotryomycetes,,Sporidiobolales,Sporidiobolaceae,Rhodotorula,Rhodotorula mucilaginosa,1,DBVPG5226
LOCAL_Rhodotorula_mucilaginosa_DBVPG_5227.proteins,Rhodotorula mucilaginosa,DBVPG 5227,,5537,dikarya,Basidiomycota,,Microbotryomycetes,,Sporidiobolales,Sporidiobolaceae,Rhodotorula,Rhodotorula mucilaginosa,1,DBVPG5227
LOCAL_Rhodotorula_mucilaginosa_DBVPG_5228.proteins,Rhodotorula mucilaginosa,DBVPG 5228,,5537,dikarya,Basidiomycota,,Microbotryomycetes,,Sporidiobolales,Sporidiobolaceae,Rhodotorula,Rhodotorula mucilaginosa,1,DBVPG5228
LOCAL_Rhodotorula_mucilaginosa_DBVPG_5229.proteins,Rhodotorula mucilaginosa,DBVPG 5229,,5537,dikarya,Basidiomycota,,Microbotryomycetes,,Sporidiobolales,Sporidiobolaceae,Rhodotorula,Rhodotorula mucilaginosa,1,DBVPG5229
LOCAL_Rhodotorula_mucilaginosa_DBVPG_5235.proteins,Rhodotorula mucilaginosa,DBVPG 5235,,5537,dikarya,Basidiomycota,,Microbotryomycetes,,Sporidiobolales,Sporidiobolaceae,Rhodotorula,Rhodotorula mucilaginosa,1,DBVPG5235
LOCAL_Rhodotorula_mucilaginosa_DBVPG_5236.proteins,Rhodotorula mucilaginosa,DBVPG 5236,,5537,dikarya,Basidiomycota,,Microbotryomycetes,,Sporidiobolales,Sporidiobolaceae,Rhodotorula,Rhodotorula mucilaginosa,1,DBVPG5236
LOCAL_Rhodotorula_mucilaginosa_DBVPG_5757.proteins,Rhodotorula mucilaginosa,DBVPG 5757,,5537,dikarya,Basidiomycota,,Microbotryomycetes,,Sporidiobolales,Sporidiobolaceae,Rhodotorula,Rhodotorula mucilaginosa,1,DBVPG5757
LOCAL_Rhodotorula_mucilaginosa_DBVPG_5758.proteins,Rhodotorula mucilaginosa,DBVPG 5758,,5537,dikarya,Basidiomycota,,Microbotryomycetes,,Sporidiobolales,Sporidiobolaceae,Rhodotorula,Rhodotorula mucilaginosa,1,DBVPG5758
LOCAL_Rhodotorula_mucilaginosa_DBVPG_5759.proteins,Rhodotorula mucilaginosa,DBVPG 5759,,5537,dikarya,Basidiomycota,,Microbotryomycetes,,Sporidiobolales,Sporidiobolaceae,Rhodotorula,Rhodotorula mucilaginosa,1,DBVPG5759
LOCAL_Rhodotorula_mucilaginosa_DBVPG_6091.proteins,Rhodotorula mucilaginosa,DBVPG 6091,,5537,dikarya,Basidiomycota,,Microbotryomycetes,,Sporidiobolales,Sporidiobolaceae,Rhodotorula,Rhodotorula mucilaginosa,1,DBVPG6091
LOCAL_Rhodotorula_mucilaginosa_DBVPG_6092.proteins,Rhodotorula mucilaginosa,DBVPG 6092,,5537,dikarya,Basidiomycota,,Microbotryomycetes,,Sporidiobolales,Sporidiobolaceae,Rhodotorula,Rhodotorula mucilaginosa,1,DBVPG6092
LOCAL_Rhodotorula_mucilaginosa_DBVPG_6093.proteins,Rhodotorula mucilaginosa,DBVPG 6093,,5537,dikarya,Basidiomycota,,Microbotryomycetes,,Sporidiobolales,Sporidiobolaceae,Rhodotorula,Rhodotorula mucilaginosa,1,DBVPG6093
LOCAL_Rhodotorula_mucilaginosa_DBVPG_6593.proteins,Rhodotorula mucilaginosa,DBVPG 6593,,5537,dikarya,Basidiomycota,,Microbotryomycetes,,Sporidiobolales,Sporidiobolaceae,Rhodotorula,Rhodotorula mucilaginosa,1,DBVPG6593
LOCAL_Rhodotorula_mucilaginosa_DBVPG_6660.proteins,Rhodotorula mucilaginosa,DBVPG 6660,,5537,dikarya,Basidiomycota,,Microbotryomycetes,,Sporidiobolales,Sporidiobolaceae,Rhodotorula,Rhodotorula mucilaginosa,1,DBVPG6660
LOCAL_Rhodotorula_mucilaginosa_DBVPG_6741.proteins,Rhodotorula mucilaginosa,DBVPG 6741,,5537,dikarya,Basidiomycota,,Microbotryomycetes,,Sporidiobolales,Sporidiobolaceae,Rhodotorula,Rhodotorula mucilaginosa,1,DBVPG6741
LOCAL_Rhodotorula_mucilaginosa_DBVPG_6742.proteins,Rhodotorula mucilaginosa,DBVPG 6742,,5537,dikarya,Basidiomycota,,Microbotryomycetes,,Sporidiobolales,Sporidiobolaceae,Rhodotorula,Rhodotorula mucilaginosa,1,DBVPG6742
LOCAL_Rhodotorula_mucilaginosa_DBVPG_6743.proteins,Rhodotorula mucilaginosa,DBVPG 6743,,5537,dikarya,Basidiomycota,,Microbotryomycetes,,Sporidiobolales,Sporidiobolaceae,Rhodotorula,Rhodotorula mucilaginosa,1,DBVPG6743
LOCAL_Rhodotorula_mucilaginosa_DBVPG_6803.proteins,Rhodotorula mucilaginosa,DBVPG 6803,,5537,dikarya,Basidiomycota,,Microbotryomycetes,,Sporidiobolales,Sporidiobolaceae,Rhodotorula,Rhodotorula mucilaginosa,1,DBVPG6803
LOCAL_Rhodotorula_mucilaginosa_DBVPG_7019.proteins,Rhodotorula mucilaginosa,DBVPG 7019,,5537,dikarya,Basidiomycota,,Microbotryomycetes,,Sporidiobolales,Sporidiobolaceae,Rhodotorula,Rhodotorula mucilaginosa,1,DBVPG7019
LOCAL_Rhodotorula_mucilaginosa_DBVPG_8043.proteins,Rhodotorula mucilaginosa,DBVPG 8043,,5537,dikarya,Basidiomycota,,Microbotryomycetes,,Sporidiobolales,Sporidiobolaceae,Rhodotorula,Rhodotorula mucilaginosa,1,DBVPG8043
LOCAL_Rhodotorula_mucilaginosa_DH4148.proteins,Rhodotorula mucilaginosa,DH4148,,5537,dikarya,Basidiomycota,,Microbotryomycetes,,Sporidiobolales,Sporidiobolaceae,Rhodotorula,Rhodotorula mucilaginosa,1,DH4148
LOCAL_Rhodotorula_mucilaginosa_NRRL_Y-2510.proteins,Rhodotorula mucilaginosa,NRRL Y-2510,,5537,dikarya,Basidiomycota,,Microbotryomycetes,,Sporidiobolales,Sporidiobolaceae,Rhodotorula,Rhodotorula mucilaginosa,1,OM429
LOCAL_Rhodotorula_mucilaginosa_TFCN_100D-1.proteins,Rhodotorula mucilaginosa,TFCN 100D-1,,5537,dikarya,Basidiomycota,,Microbotryomycetes,,Sporidiobolales,Sporidiobolaceae,Rhodotorula,Rhodotorula mucilaginosa,1,TFCN100D1
LOCAL_Rhodotorula_mucilaginosa_TFCN_102C-1.proteins,Rhodotorula mucilaginosa,TFCN 102C-1,,5537,dikarya,Basidiomycota,,Microbotryomycetes,,Sporidiobolales,Sporidiobolaceae,Rhodotorula,Rhodotorula mucilaginosa,1,TFCN102C1
LOCAL_Rhodotorula_mucilaginosa_TFCN_102C-2.proteins,Rhodotorula mucilaginosa,TFCN 102C-2,,5537,dikarya,Basidiomycota,,Microbotryomycetes,,Sporidiobolales,Sporidiobolaceae,Rhodotorula,Rhodotorula mucilaginosa,1,TFCN102C2
LOCAL_Rhodotorula_mucilaginosa_TFCN_102D-1.proteins,Rhodotorula mucilaginosa,TFCN 102D-1,,5537,dikarya,Basidiomycota,,Microbotryomycetes,,Sporidiobolales,Sporidiobolaceae,Rhodotorula,Rhodotorula mucilaginosa,1,TFCN102D1
LOCAL_Rhodotorula_mucilaginosa_TFCN_102D-2.proteins,Rhodotorula mucilaginosa,TFCN 102D-2,,5537,dikarya,Basidiomycota,,Microbotryomycetes,,Sporidiobolales,Sporidiobolaceae,Rhodotorula,Rhodotorula mucilaginosa,1,TFCN102D2
LOCAL_Rhodotorula_mucilaginosa_TFCN_105A-2.proteins,Rhodotorula mucilaginosa,TFCN 105A-2,,5537,dikarya,Basidiomycota,,Microbotryomycetes,,Sporidiobolales,Sporidiobolaceae,Rhodotorula,Rhodotorula mucilaginosa,1,TFCN105A2
LOCAL_Rhodotorula_mucilaginosa_TFCN_106A-1.proteins,Rhodotorula mucilaginosa,TFCN 106A-1,,5537,dikarya,Basidiomycota,,Microbotryomycetes,,Sporidiobolales,Sporidiobolaceae,Rhodotorula,Rhodotorula mucilaginosa,1,TFCN106A1
LOCAL_Rhodotorula_mucilaginosa_TFCN_107A-6.proteins,Rhodotorula mucilaginosa,TFCN 107A-6,,5537,dikarya,Basidiomycota,,Microbotryomycetes,,Sporidiobolales,Sporidiobolaceae,Rhodotorula,Rhodotorula mucilaginosa,1,TFCN107A6
LOCAL_Rhodotorula_mucilaginosa_TFCN_107C-3.proteins,Rhodotorula mucilaginosa,TFCN 107C-3,,5537,dikarya,Basidiomycota,,Microbotryomycetes,,Sporidiobolales,Sporidiobolaceae,Rhodotorula,Rhodotorula mucilaginosa,1,TFCN107C3
LOCAL_Rhodotorula_mucilaginosa_TFCN_110C-1.proteins,Rhodotorula mucilaginosa,TFCN 110C-1,,5537,dikarya,Basidiomycota,,Microbotryomycetes,,Sporidiobolales,Sporidiobolaceae,Rhodotorula,Rhodotorula mucilaginosa,1,TFCN110C1
LOCAL_Rhodotorula_mucilaginosa_TFCN_118C-2.proteins,Rhodotorula mucilaginosa,TFCN 118C-2,,5537,dikarya,Basidiomycota,,Microbotryomycetes,,Sporidiobolales,Sporidiobolaceae,Rhodotorula,Rhodotorula mucilaginosa,1,TFCN118C2
LOCAL_Rhodotorula_mucilaginosa_TFCN_122C-2.proteins,Rhodotorula mucilaginosa,TFCN 122C-2,,5537,dikarya,Basidiomycota,,Microbotryomycetes,,Sporidiobolales,Sporidiobolaceae,Rhodotorula,Rhodotorula mucilaginosa,1,TFCN122C2
LOCAL_Rhodotorula_mucilaginosa_TFCN_130D-4.proteins,Rhodotorula mucilaginosa,TFCN 130D-4,,5537,dikarya,Basidiomycota,,Microbotryomycetes,,Sporidiobolales,Sporidiobolaceae,Rhodotorula,Rhodotorula mucilaginosa,1,TFCN130D4
LOCAL_Rhodotorula_mucilaginosa_TFCN_134A-3.proteins,Rhodotorula mucilaginosa,TFCN 134A-3,,5537,dikarya,Basidiomycota,,Microbotryomycetes,,Sporidiobolales,Sporidiobolaceae,Rhodotorula,Rhodotorula mucilaginosa,1,TFCN134A3
LOCAL_Rhodotorula_mucilaginosa_TFCN_137C-3.proteins,Rhodotorula mucilaginosa,TFCN 137C-3,,5537,dikarya,Basidiomycota,,Microbotryomycetes,,Sporidiobolales,Sporidiobolaceae,Rhodotorula,Rhodotorula mucilaginosa,1,TFCN137C3
LOCAL_Rhodotorula_mucilaginosa_TFCN_137D-4.proteins,Rhodotorula mucilaginosa,TFCN 137D-4,,5537,dikarya,Basidiomycota,,Microbotryomycetes,,Sporidiobolales,Sporidiobolaceae,Rhodotorula,Rhodotorula mucilaginosa,1,TFCN137D4
LOCAL_Rhodotorula_mucilaginosa_TFCN_138A-1.proteins,Rhodotorula mucilaginosa,TFCN 138A-1,,5537,dikarya,Basidiomycota,,Microbotryomycetes,,Sporidiobolales,Sporidiobolaceae,Rhodotorula,Rhodotorula mucilaginosa,1,TFCN138A1
LOCAL_Rhodotorula_mucilaginosa_TFCN_140A-3.proteins,Rhodotorula mucilaginosa,TFCN 140A-3,,5537,dikarya,Basidiomycota,,Microbotryomycetes,,Sporidiobolales,Sporidiobolaceae,Rhodotorula,Rhodotorula mucilaginosa,1,TFCN140A3
LOCAL_Rhodotorula_mucilaginosa_TFCN_141C-2.proteins,Rhodotorula mucilaginosa,TFCN 141C-2,,5537,dikarya,Basidiomycota,,Microbotryomycetes,,Sporidiobolales,Sporidiobolaceae,Rhodotorula,Rhodotorula mucilaginosa,1,TFCN141C2
LOCAL_Rhodotorula_mucilaginosa_TFCN_152A-1.proteins,Rhodotorula mucilaginosa,TFCN 152A-1,,5537,dikarya,Basidiomycota,,Microbotryomycetes,,Sporidiobolales,Sporidiobolaceae,Rhodotorula,Rhodotorula mucilaginosa,1,TFCN152A1
LOCAL_Rhodotorula_mucilaginosa_TFCN_152A-12.proteins,Rhodotorula mucilaginosa,TFCN 152A-12,,5537,dikarya,Basidiomycota,,Microbotryomycetes,,Sporidiobolales,Sporidiobolaceae,Rhodotorula,Rhodotorula mucilaginosa,1,TFCN152A12
LOCAL_Rhodotorula_mucilaginosa_TFCN_152A-2.proteins,Rhodotorula mucilaginosa,TFCN 152A-2,,5537,dikarya,Basidiomycota,,Microbotryomycetes,,Sporidiobolales,Sporidiobolaceae,Rhodotorula,Rhodotorula mucilaginosa,1,TFCN152A2
LOCAL_Rhodotorula_mucilaginosa_TFCN_152A-5.proteins,Rhodotorula mucilaginosa,TFCN 152A-5,,5537,dikarya,Basidiomycota,,Microbotryomycetes,,Sporidiobolales,Sporidiobolaceae,Rhodotorula,Rhodotorula mucilaginosa,1,TFCN152A5
LOCAL_Rhodotorula_mucilaginosa_TFCN_152C-5.proteins,Rhodotorula mucilaginosa,TFCN 152C-5,,5537,dikarya,Basidiomycota,,Microbotryomycetes,,Sporidiobolales,Sporidiobolaceae,Rhodotorula,Rhodotorula mucilaginosa,1,TFCN152C5
LOCAL_Rhodotorula_mucilaginosa_TFCN_17-0-2E334-10.proteins,Rhodotorula mucilaginosa,TFCN 17-0-2E334-10,,5537,dikarya,Basidiomycota,,Microbotryomycetes,,Sporidiobolales,Sporidiobolaceae,Rhodotorula,Rhodotorula mucilaginosa,1,TFCN1702E33410
LOCAL_Rhodotorula_mucilaginosa_TFCN_17-0-2E334-4.proteins,Rhodotorula mucilaginosa,TFCN 17-0-2E334-4,,5537,dikarya,Basidiomycota,,Microbotryomycetes,,Sporidiobolales,Sporidiobolaceae,Rhodotorula,Rhodotorula mucilaginosa,1,TFCN1702E3344
LOCAL_Rhodotorula_mucilaginosa_TFCN_17-0-2E337-3.proteins,Rhodotorula mucilaginosa,TFCN 17-0-2E337-3,,5537,dikarya,Basidiomycota,,Microbotryomycetes,,Sporidiobolales,Sporidiobolaceae,Rhodotorula,Rhodotorula mucilaginosa,1,TFCN1702E3373
LOCAL_Rhodotorula_mucilaginosa_TFCN_17-0-2E390-1.proteins,Rhodotorula mucilaginosa,TFCN 17-0-2E390-1,,5537,dikarya,Basidiomycota,,Microbotryomycetes,,Sporidiobolales,Sporidiobolaceae,Rhodotorula,Rhodotorula mucilaginosa,1,TFCN1702E3901
LOCAL_Rhodotorula_mucilaginosa_TFCN_17-0-2E390-2.proteins,Rhodotorula mucilaginosa,TFCN 17-0-2E390-2,,5537,dikarya,Basidiomycota,,Microbotryomycetes,,Sporidiobolales,Sporidiobolaceae,Rhodotorula,Rhodotorula mucilaginosa,1,TFCN1702E3902
LOCAL_Rhodotorula_mucilaginosa_TFCN_17-267M-1.proteins,Rhodotorula mucilaginosa,TFCN 17-267M-1,,5537,dikarya,Basidiomycota,,Microbotryomycetes,,Sporidiobolales,Sporidiobolaceae,Rhodotorula,Rhodotorula mucilaginosa,1,TFCN17267M1
LOCAL_Rhodotorula_mucilaginosa_TFCN_17-291Y-1.proteins,Rhodotorula mucilaginosa,TFCN 17-291Y-1,,5537,dikarya,Basidiomycota,,Microbotryomycetes,,Sporidiobolales,Sporidiobolaceae,Rhodotorula,Rhodotorula mucilaginosa,1,TFCN17291Y1
LOCAL_Rhodotorula_mucilaginosa_TFCN_17-325D-2.proteins,Rhodotorula mucilaginosa,TFCN 17-325D-2,,5537,dikarya,Basidiomycota,,Microbotryomycetes,,Sporidiobolales,Sporidiobolaceae,Rhodotorula,Rhodotorula mucilaginosa,1,TFCN17325D2
LOCAL_Rhodotorula_mucilaginosa_TFCN_17-325D-4.proteins,Rhodotorula mucilaginosa,TFCN 17-325D-4,,5537,dikarya,Basidiomycota,,Microbotryomycetes,,Sporidiobolales,Sporidiobolaceae,Rhodotorula,Rhodotorula mucilaginosa,1,TFCN17325D4
LOCAL_Rhodotorula_mucilaginosa_TFCN_17-325P-1.proteins,Rhodotorula mucilaginosa,TFCN 17-325P-1,,5537,dikarya,Basidiomycota,,Microbotryomycetes,,Sporidiobolales,Sporidiobolaceae,Rhodotorula,Rhodotorula mucilaginosa,1,TFCN17325P1
LOCAL_Rhodotorula_mucilaginosa_TFCN_17-329Y-4.proteins,Rhodotorula mucilaginosa,TFCN 17-329Y-4,,5537,dikarya,Basidiomycota,,Microbotryomycetes,,Sporidiobolales,Sporidiobolaceae,Rhodotorula,Rhodotorula mucilaginosa,1,TFCN17329Y4
LOCAL_Rhodotorula_mucilaginosa_TFCN_17-332C-1.proteins,Rhodotorula mucilaginosa,TFCN 17-332C-1,,5537,dikarya,Basidiomycota,,Microbotryomycetes,,Sporidiobolales,Sporidiobolaceae,Rhodotorula,Rhodotorula mucilaginosa,1,TFCN17332C1
LOCAL_Rhodotorula_mucilaginosa_TFCN_17-332C-2.proteins,Rhodotorula mucilaginosa,TFCN 17-332C-2,,5537,dikarya,Basidiomycota,,Microbotryomycetes,,Sporidiobolales,Sporidiobolaceae,Rhodotorula,Rhodotorula mucilaginosa,1,TFCN17332C2
LOCAL_Rhodotorula_mucilaginosa_TFCN_17-332M-1.proteins,Rhodotorula mucilaginosa,TFCN 17-332M-1,,5537,dikarya,Basidiomycota,,Microbotryomycetes,,Sporidiobolales,Sporidiobolaceae,Rhodotorula,Rhodotorula mucilaginosa,1,TFCN17332M1
LOCAL_Rhodotorula_mucilaginosa_TFCN_17-332M-2.proteins,Rhodotorula mucilaginosa,TFCN 17-332M-2,,5537,dikarya,Basidiomycota,,Microbotryomycetes,,Sporidiobolales,Sporidiobolaceae,Rhodotorula,Rhodotorula mucilaginosa,1,TFCN17332M2
LOCAL_Rhodotorula_mucilaginosa_TFCN_17-332P-1.proteins,Rhodotorula mucilaginosa,TFCN 17-332P-1,,5537,dikarya,Basidiomycota,,Microbotryomycetes,,Sporidiobolales,Sporidiobolaceae,Rhodotorula,Rhodotorula mucilaginosa,1,TFCN17332P1
LOCAL_Rhodotorula_mucilaginosa_TFCN_17-332P-2.proteins,Rhodotorula mucilaginosa,TFCN 17-332P-2,,5537,dikarya,Basidiomycota,,Microbotryomycetes,,Sporidiobolales,Sporidiobolaceae,Rhodotorula,Rhodotorula mucilaginosa,1,TFCN17332P2
LOCAL_Rhodotorula_mucilaginosa_TFCN_17-333D-2.proteins,Rhodotorula mucilaginosa,TFCN 17-333D-2,,5537,dikarya,Basidiomycota,,Microbotryomycetes,,Sporidiobolales,Sporidiobolaceae,Rhodotorula,Rhodotorula mucilaginosa,1,TFCN17333D2
LOCAL_Rhodotorula_mucilaginosa_TFCN_17-333P-6.proteins,Rhodotorula mucilaginosa,TFCN 17-333P-6,,5537,dikarya,Basidiomycota,,Microbotryomycetes,,Sporidiobolales,Sporidiobolaceae,Rhodotorula,Rhodotorula mucilaginosa,1,TFCN17333P6
LOCAL_Rhodotorula_mucilaginosa_TFCN_17-334C-1.proteins,Rhodotorula mucilaginosa,TFCN 17-334C-1,,5537,dikarya,Basidiomycota,,Microbotryomycetes,,Sporidiobolales,Sporidiobolaceae,Rhodotorula,Rhodotorula mucilaginosa,1,TFCN17334C1
LOCAL_Rhodotorula_mucilaginosa_TFCN_17-334D-6.proteins,Rhodotorula mucilaginosa,TFCN 17-334D-6,,5537,dikarya,Basidiomycota,,Microbotryomycetes,,Sporidiobolales,Sporidiobolaceae,Rhodotorula,Rhodotorula mucilaginosa,1,TFCN17334D6
LOCAL_Rhodotorula_mucilaginosa_TFCN_17-334Y-2.proteins,Rhodotorula mucilaginosa,TFCN 17-334Y-2,,5537,dikarya,Basidiomycota,,Microbotryomycetes,,Sporidiobolales,Sporidiobolaceae,Rhodotorula,Rhodotorula mucilaginosa,1,TFCN17334Y2
LOCAL_Rhodotorula_mucilaginosa_TFCN_17-334Y-3.proteins,Rhodotorula mucilaginosa,TFCN 17-334Y-3,,5537,dikarya,Basidiomycota,,Microbotryomycetes,,Sporidiobolales,Sporidiobolaceae,Rhodotorula,Rhodotorula mucilaginosa,1,TFCN17334Y3
LOCAL_Rhodotorula_mucilaginosa_TFCN_17-334Y-5.proteins,Rhodotorula mucilaginosa,TFCN 17-334Y-5,,5537,dikarya,Basidiomycota,,Microbotryomycetes,,Sporidiobolales,Sporidiobolaceae,Rhodotorula,Rhodotorula mucilaginosa,1,TFCN17334Y5
LOCAL_Rhodotorula_mucilaginosa_TFCN_17-337P-5.proteins,Rhodotorula mucilaginosa,TFCN 17-337P-5,,5537,dikarya,Basidiomycota,,Microbotryomycetes,,Sporidiobolales,Sporidiobolaceae,Rhodotorula,Rhodotorula mucilaginosa,1,TFCN17337P5
LOCAL_Rhodotorula_mucilaginosa_TFCN_17-338D-3.proteins,Rhodotorula mucilaginosa,TFCN 17-338D-3,,5537,dikarya,Basidiomycota,,Microbotryomycetes,,Sporidiobolales,Sporidiobolaceae,Rhodotorula,Rhodotorula mucilaginosa,1,TFCN17338D3
LOCAL_Rhodotorula_mucilaginosa_TFCN_17-390M-1.proteins,Rhodotorula mucilaginosa,TFCN 17-390M-1,,5537,dikarya,Basidiomycota,,Microbotryomycetes,,Sporidiobolales,Sporidiobolaceae,Rhodotorula,Rhodotorula mucilaginosa,1,TFCN17390M1
LOCAL_Rhodotorula_mucilaginosa_TFCN_172A-1.proteins,Rhodotorula mucilaginosa,TFCN 172A-1,,5537,dikarya,Basidiomycota,,Microbotryomycetes,,Sporidiobolales,Sporidiobolaceae,Rhodotorula,Rhodotorula mucilaginosa,1,TFCN172A1
LOCAL_Rhodotorula_mucilaginosa_TFCN_17Y-278-1.proteins,Rhodotorula mucilaginosa,TFCN 17Y-278-1,,5537,dikarya,Basidiomycota,,Microbotryomycetes,,Sporidiobolales,Sporidiobolaceae,Rhodotorula,Rhodotorula mucilaginosa,1,TFCN17Y2781
LOCAL_Rhodotorula_mucilaginosa_TFCN_181A-1.proteins,Rhodotorula mucilaginosa,TFCN 181A-1,,5537,dikarya,Basidiomycota,,Microbotryomycetes,,Sporidiobolales,Sporidiobolaceae,Rhodotorula,Rhodotorula mucilaginosa,1,TFCN181A1
LOCAL_Rhodotorula_mucilaginosa_TFCN_1A-14.proteins,Rhodotorula mucilaginosa,TFCN 1A-14,,5537,dikarya,Basidiomycota,,Microbotryomycetes,,Sporidiobolales,Sporidiobolaceae,Rhodotorula,Rhodotorula mucilaginosa,1,TFCN1A14
LOCAL_Rhodotorula_mucilaginosa_TFCN_209-6-1.proteins,Rhodotorula mucilaginosa,TFCN 209-6-1,,5537,dikarya,Basidiomycota,,Microbotryomycetes,,Sporidiobolales,Sporidiobolaceae,Rhodotorula,Rhodotorula mucilaginosa,1,TFCN20961
LOCAL_Rhodotorula_mucilaginosa_TFCN_209-6-11.proteins,Rhodotorula mucilaginosa,TFCN 209-6-11,,5537,dikarya,Basidiomycota,,Microbotryomycetes,,Sporidiobolales,Sporidiobolaceae,Rhodotorula,Rhodotorula mucilaginosa,1,TFCN209611
LOCAL_Rhodotorula_mucilaginosa_TFCN_209-6-12.proteins,Rhodotorula mucilaginosa,TFCN 209-6-12,,5537,dikarya,Basidiomycota,,Microbotryomycetes,,Sporidiobolales,Sporidiobolaceae,Rhodotorula,Rhodotorula mucilaginosa,1,TFCN209612
LOCAL_Rhodotorula_mucilaginosa_TFCN_209-6-14.proteins,Rhodotorula mucilaginosa,TFCN 209-6-14,,5537,dikarya,Basidiomycota,,Microbotryomycetes,,Sporidiobolales,Sporidiobolaceae,Rhodotorula,Rhodotorula mucilaginosa,1,TFCN209614
LOCAL_Rhodotorula_mucilaginosa_TFCN_209-6-17.proteins,Rhodotorula mucilaginosa,TFCN 209-6-17,,5537,dikarya,Basidiomycota,,Microbotryomycetes,,Sporidiobolales,Sporidiobolaceae,Rhodotorula,Rhodotorula mucilaginosa,1,TFCN209617
LOCAL_Rhodotorula_mucilaginosa_TFCN_209-6-2.proteins,Rhodotorula mucilaginosa,TFCN 209-6-2,,5537,dikarya,Basidiomycota,,Microbotryomycetes,,Sporidiobolales,Sporidiobolaceae,Rhodotorula,Rhodotorula mucilaginosa,1,TFCN20962
LOCAL_Rhodotorula_mucilaginosa_TFCN_209-6-4.proteins,Rhodotorula mucilaginosa,TFCN 209-6-4,,5537,dikarya,Basidiomycota,,Microbotryomycetes,,Sporidiobolales,Sporidiobolaceae,Rhodotorula,Rhodotorula mucilaginosa,1,TFCN20964
LOCAL_Rhodotorula_mucilaginosa_TFCN_209-6-5.proteins,Rhodotorula mucilaginosa,TFCN 209-6-5,,5537,dikarya,Basidiomycota,,Microbotryomycetes,,Sporidiobolales,Sporidiobolaceae,Rhodotorula,Rhodotorula mucilaginosa,1,TFCN20965
LOCAL_Rhodotorula_mucilaginosa_TFCN_211A-3.proteins,Rhodotorula mucilaginosa,TFCN 211A-3,,5537,dikarya,Basidiomycota,,Microbotryomycetes,,Sporidiobolales,Sporidiobolaceae,Rhodotorula,Rhodotorula mucilaginosa,1,TFCN211A3
LOCAL_Rhodotorula_mucilaginosa_TFCN_212C-2.proteins,Rhodotorula mucilaginosa,TFCN 212C-2,,5537,dikarya,Basidiomycota,,Microbotryomycetes,,Sporidiobolales,Sporidiobolaceae,Rhodotorula,Rhodotorula mucilaginosa,1,TFCN212C2
LOCAL_Rhodotorula_mucilaginosa_TFCN_213-6-2.proteins,Rhodotorula mucilaginosa,TFCN 213-6-2,,5537,dikarya,Basidiomycota,,Microbotryomycetes,,Sporidiobolales,Sporidiobolaceae,Rhodotorula,Rhodotorula mucilaginosa,1,TFCN21362
LOCAL_Rhodotorula_mucilaginosa_TFCN_213-6-4.proteins,Rhodotorula mucilaginosa,TFCN 213-6-4,,5537,dikarya,Basidiomycota,,Microbotryomycetes,,Sporidiobolales,Sporidiobolaceae,Rhodotorula,Rhodotorula mucilaginosa,1,TFCN21364
LOCAL_Rhodotorula_mucilaginosa_TFCN_22C-4.proteins,Rhodotorula mucilaginosa,TFCN 22C-4,,5537,dikarya,Basidiomycota,,Microbotryomycetes,,Sporidiobolales,Sporidiobolaceae,Rhodotorula,Rhodotorula mucilaginosa,1,TFCN22C4
LOCAL_Rhodotorula_mucilaginosa_TFCN_25-0-2E332-1.proteins,Rhodotorula mucilaginosa,TFCN 25-0-2E332-1,,5537,dikarya,Basidiomycota,,Microbotryomycetes,,Sporidiobolales,Sporidiobolaceae,Rhodotorula,Rhodotorula mucilaginosa,1,TFCN2502E3321
LOCAL_Rhodotorula_mucilaginosa_TFCN_25-0-2E333-1.proteins,Rhodotorula mucilaginosa,TFCN 25-0-2E333-1,,5537,dikarya,Basidiomycota,,Microbotryomycetes,,Sporidiobolales,Sporidiobolaceae,Rhodotorula,Rhodotorula mucilaginosa,1,TFCN2502E3331
LOCAL_Rhodotorula_mucilaginosa_TFCN_25-0-2E333-5.proteins,Rhodotorula mucilaginosa,TFCN 25-0-2E333-5,,5537,dikarya,Basidiomycota,,Microbotryomycetes,,Sporidiobolales,Sporidiobolaceae,Rhodotorula,Rhodotorula mucilaginosa,1,TFCN2502E3335
LOCAL_Rhodotorula_mucilaginosa_TFCN_25-0-2E333-7.proteins,Rhodotorula mucilaginosa,TFCN 25-0-2E333-7,,5537,dikarya,Basidiomycota,,Microbotryomycetes,,Sporidiobolales,Sporidiobolaceae,Rhodotorula,Rhodotorula mucilaginosa,1,TFCN2502E3337
LOCAL_Rhodotorula_mucilaginosa_TFCN_25-0-2E333-9.proteins,Rhodotorula mucilaginosa,TFCN 25-0-2E333-9,,5537,dikarya,Basidiomycota,,Microbotryomycetes,,Sporidiobolales,Sporidiobolaceae,Rhodotorula,Rhodotorula mucilaginosa,1,TFCN2502E3339
LOCAL_Rhodotorula_mucilaginosa_TFCN_25-0-2E334-1.proteins,Rhodotorula mucilaginosa,TFCN 25-0-2E334-1,,5537,dikarya,Basidiomycota,,Microbotryomycetes,,Sporidiobolales,Sporidiobolaceae,Rhodotorula,Rhodotorula mucilaginosa,1,TFCN2502E3341
LOCAL_Rhodotorula_mucilaginosa_TFCN_25-0-2E390-1.proteins,Rhodotorula mucilaginosa,TFCN 25-0-2E390-1,,5537,dikarya,Basidiomycota,,Microbotryomycetes,,Sporidiobolales,Sporidiobolaceae,Rhodotorula,Rhodotorula mucilaginosa,1,TFCN2502E3901
LOCAL_Rhodotorula_mucilaginosa_TFCN_25-325Y-1.proteins,Rhodotorula mucilaginosa,TFCN 25-325Y-1,,5537,dikarya,Basidiomycota,,Microbotryomycetes,,Sporidiobolales,Sporidiobolaceae,Rhodotorula,Rhodotorula mucilaginosa,1,TFCN25325Y1
LOCAL_Rhodotorula_mucilaginosa_TFCN_25-327D-1.proteins,Rhodotorula mucilaginosa,TFCN 25-327D-1,,5537,dikarya,Basidiomycota,,Microbotryomycetes,,Sporidiobolales,Sporidiobolaceae,Rhodotorula,Rhodotorula mucilaginosa,1,TFCN25327D1
LOCAL_Rhodotorula_mucilaginosa_TFCN_25-331D-1.proteins,Rhodotorula mucilaginosa,TFCN 25-331D-1,,5537,dikarya,Basidiomycota,,Microbotryomycetes,,Sporidiobolales,Sporidiobolaceae,Rhodotorula,Rhodotorula mucilaginosa,1,TFCN25331D1
LOCAL_Rhodotorula_mucilaginosa_TFCN_25-332C-1.proteins,Rhodotorula mucilaginosa,TFCN 25-332C-1,,5537,dikarya,Basidiomycota,,Microbotryomycetes,,Sporidiobolales,Sporidiobolaceae,Rhodotorula,Rhodotorula mucilaginosa,1,TFCN25332C1
LOCAL_Rhodotorula_mucilaginosa_TFCN_25-332D-1.proteins,Rhodotorula mucilaginosa,TFCN 25-332D-1,,5537,dikarya,Basidiomycota,,Microbotryomycetes,,Sporidiobolales,Sporidiobolaceae,Rhodotorula,Rhodotorula mucilaginosa,1,TFCN25332D1
LOCAL_Rhodotorula_mucilaginosa_TFCN_25-332M-1.proteins,Rhodotorula mucilaginosa,TFCN 25-332M-1,,5537,dikarya,Basidiomycota,,Microbotryomycetes,,Sporidiobolales,Sporidiobolaceae,Rhodotorula,Rhodotorula mucilaginosa,1,TFCN25332M1
LOCAL_Rhodotorula_mucilaginosa_TFCN_25-332P-2.proteins,Rhodotorula mucilaginosa,TFCN 25-332P-2,,5537,dikarya,Basidiomycota,,Microbotryomycetes,,Sporidiobolales,Sporidiobolaceae,Rhodotorula,Rhodotorula mucilaginosa,1,TFCN25332P2
LOCAL_Rhodotorula_mucilaginosa_TFCN_25-332Y-1.proteins,Rhodotorula mucilaginosa,TFCN 25-332Y-1,,5537,dikarya,Basidiomycota,,Microbotryomycetes,,Sporidiobolales,Sporidiobolaceae,Rhodotorula,Rhodotorula mucilaginosa,1,TFCN25332Y1
LOCAL_Rhodotorula_mucilaginosa_TFCN_25-333C-2.proteins,Rhodotorula mucilaginosa,TFCN 25-333C-2,,5537,dikarya,Basidiomycota,,Microbotryomycetes,,Sporidiobolales,Sporidiobolaceae,Rhodotorula,Rhodotorula mucilaginosa,1,TFCN25333C2
LOCAL_Rhodotorula_mucilaginosa_TFCN_25-333P-2.proteins,Rhodotorula mucilaginosa,TFCN 25-333P-2,,5537,dikarya,Basidiomycota,,Microbotryomycetes,,Sporidiobolales,Sporidiobolaceae,Rhodotorula,Rhodotorula mucilaginosa,1,TFCN25333P2
LOCAL_Rhodotorula_mucilaginosa_TFCN_25-333Y-10.proteins,Rhodotorula mucilaginosa,TFCN 25-333Y-10,,5537,dikarya,Basidiomycota,,Microbotryomycetes,,Sporidiobolales,Sporidiobolaceae,Rhodotorula,Rhodotorula mucilaginosa,1,TFCN25333Y10
LOCAL_Rhodotorula_mucilaginosa_TFCN_25-333Y-9.proteins,Rhodotorula mucilaginosa,TFCN 25-333Y-9,,5537,dikarya,Basidiomycota,,Microbotryomycetes,,Sporidiobolales,Sporidiobolaceae,Rhodotorula,Rhodotorula mucilaginosa,1,TFCN25333Y9
LOCAL_Rhodotorula_mucilaginosa_TFCN_25-334D-3.proteins,Rhodotorula mucilaginosa,TFCN 25-334D-3,,5537,dikarya,Basidiomycota,,Microbotryomycetes,,Sporidiobolales,Sporidiobolaceae,Rhodotorula,Rhodotorula mucilaginosa,1,TFCN25334D3
LOCAL_Rhodotorula_mucilaginosa_TFCN_25-334Y-6.proteins,Rhodotorula mucilaginosa,TFCN 25-334Y-6,,5537,dikarya,Basidiomycota,,Microbotryomycetes,,Sporidiobolales,Sporidiobolaceae,Rhodotorula,Rhodotorula mucilaginosa,1,TFCN25334Y6
LOCAL_Rhodotorula_mucilaginosa_TFCN_25-335Y-1.proteins,Rhodotorula mucilaginosa,TFCN 25-335Y-1,,5537,dikarya,Basidiomycota,,Microbotryomycetes,,Sporidiobolales,Sporidiobolaceae,Rhodotorula,Rhodotorula mucilaginosa,1,TFCN25335Y1
LOCAL_Rhodotorula_mucilaginosa_TFCN_25-337M-3.proteins,Rhodotorula mucilaginosa,TFCN 25-337M-3,,5537,dikarya,Basidiomycota,,Microbotryomycetes,,Sporidiobolales,Sporidiobolaceae,Rhodotorula,Rhodotorula mucilaginosa,1,TFCN25337M3
LOCAL_Rhodotorula_mucilaginosa_TFCN_25-337Y-1.proteins,Rhodotorula mucilaginosa,TFCN 25-337Y-1,,5537,dikarya,Basidiomycota,,Microbotryomycetes,,Sporidiobolales,Sporidiobolaceae,Rhodotorula,Rhodotorula mucilaginosa,1,TFCN25337Y1
LOCAL_Rhodotorula_mucilaginosa_TFCN_25-395P-1.proteins,Rhodotorula mucilaginosa,TFCN 25-395P-1,,5537,dikarya,Basidiomycota,,Microbotryomycetes,,Sporidiobolales,Sporidiobolaceae,Rhodotorula,Rhodotorula mucilaginosa,1,TFCN25395P1
LOCAL_Rhodotorula_mucilaginosa_TFCN_270H-2.proteins,Rhodotorula mucilaginosa,TFCN 270H-2,,5537,dikarya,Basidiomycota,,Microbotryomycetes,,Sporidiobolales,Sporidiobolaceae,Rhodotorula,Rhodotorula mucilaginosa,1,TFCN270H2
LOCAL_Rhodotorula_mucilaginosa_TFCN_273H-1.proteins,Rhodotorula mucilaginosa,TFCN 273H-1,,5537,dikarya,Basidiomycota,,Microbotryomycetes,,Sporidiobolales,Sporidiobolaceae,Rhodotorula,Rhodotorula mucilaginosa,1,TFCN273H1
LOCAL_Rhodotorula_mucilaginosa_TFCN_2M-1-4.proteins,Rhodotorula mucilaginosa,TFCN 2M-1-4,,5537,dikarya,Basidiomycota,,Microbotryomycetes,,Sporidiobolales,Sporidiobolaceae,Rhodotorula,Rhodotorula mucilaginosa,1,TFCN2M14
LOCAL_Rhodotorula_mucilaginosa_TFCN_33A-4.proteins,Rhodotorula mucilaginosa,TFCN 33A-4,,5537,dikarya,Basidiomycota,,Microbotryomycetes,,Sporidiobolales,Sporidiobolaceae,Rhodotorula,Rhodotorula mucilaginosa,1,TFCN33A4
LOCAL_Rhodotorula_mucilaginosa_TFCN_340-1.proteins,Rhodotorula mucilaginosa,TFCN 340-1,,5537,dikarya,Basidiomycota,,Microbotryomycetes,,Sporidiobolales,Sporidiobolaceae,Rhodotorula,Rhodotorula mucilaginosa,1,TFCN3401
LOCAL_Rhodotorula_mucilaginosa_TFCN_340-3.proteins,Rhodotorula mucilaginosa,TFCN 340-3,,5537,dikarya,Basidiomycota,,Microbotryomycetes,,Sporidiobolales,Sporidiobolaceae,Rhodotorula,Rhodotorula mucilaginosa,1,TFCN3403
LOCAL_Rhodotorula_mucilaginosa_TFCN_342-3.proteins,Rhodotorula mucilaginosa,TFCN 342-3,,5537,dikarya,Basidiomycota,,Microbotryomycetes,,Sporidiobolales,Sporidiobolaceae,Rhodotorula,Rhodotorula mucilaginosa,1,TFCN3423
LOCAL_Rhodotorula_mucilaginosa_TFCN_363-1-2.proteins,Rhodotorula mucilaginosa,TFCN 363-1-2,,5537,dikarya,Basidiomycota,,Microbotryomycetes,,Sporidiobolales,Sporidiobolaceae,Rhodotorula,Rhodotorula mucilaginosa,1,TFCN36312
LOCAL_Rhodotorula_mucilaginosa_TFCN_3M-1-1.proteins,Rhodotorula mucilaginosa,TFCN 3M-1-1,,5537,dikarya,Basidiomycota,,Microbotryomycetes,,Sporidiobolales,Sporidiobolaceae,Rhodotorula,Rhodotorula mucilaginosa,1,TFCN3M11
LOCAL_Rhodotorula_mucilaginosa_TFCN_404D-1.proteins,Rhodotorula mucilaginosa,TFCN 404D-1,,5537,dikarya,Basidiomycota,,Microbotryomycetes,,Sporidiobolales,Sporidiobolaceae,Rhodotorula,Rhodotorula mucilaginosa,1,TFCN404D1
LOCAL_Rhodotorula_mucilaginosa_TFCN_4M-1-2.proteins,Rhodotorula mucilaginosa,TFCN 4M-1-2,,5537,dikarya,Basidiomycota,,Microbotryomycetes,,Sporidiobolales,Sporidiobolaceae,Rhodotorula,Rhodotorula mucilaginosa,1,TFCN4M12
LOCAL_Rhodotorula_mucilaginosa_TFCN_4M-1-3.proteins,Rhodotorula mucilaginosa,TFCN 4M-1-3,,5537,dikarya,Basidiomycota,,Microbotryomycetes,,Sporidiobolales,Sporidiobolaceae,Rhodotorula,Rhodotorula mucilaginosa,1,TFCN4M13
LOCAL_Rhodotorula_mucilaginosa_TFCN_4M-1-4.proteins,Rhodotorula mucilaginosa,TFCN 4M-1-4,,5537,dikarya,Basidiomycota,,Microbotryomycetes,,Sporidiobolales,Sporidiobolaceae,Rhodotorula,Rhodotorula mucilaginosa,1,TFCN4M14
LOCAL_Rhodotorula_mucilaginosa_TFCN_4M-1-5.proteins,Rhodotorula mucilaginosa,TFCN 4M-1-5,,5537,dikarya,Basidiomycota,,Microbotryomycetes,,Sporidiobolales,Sporidiobolaceae,Rhodotorula,Rhodotorula mucilaginosa,1,TFCN4M15
LOCAL_Rhodotorula_mucilaginosa_TFCN_54D-1.proteins,Rhodotorula mucilaginosa,TFCN 54D-1,,5537,dikarya,Basidiomycota,,Microbotryomycetes,,Sporidiobolales,Sporidiobolaceae,Rhodotorula,Rhodotorula mucilaginosa,1,TFCN54D1
LOCAL_Rhodotorula_mucilaginosa_TFCN_54D-2.proteins,Rhodotorula mucilaginosa,TFCN 54D-2,,5537,dikarya,Basidiomycota,,Microbotryomycetes,,Sporidiobolales,Sporidiobolaceae,Rhodotorula,Rhodotorula mucilaginosa,1,TFCN54D2
LOCAL_Rhodotorula_mucilaginosa_TFCN_86A-12.proteins,Rhodotorula mucilaginosa,TFCN 86A-12,,5537,dikarya,Basidiomycota,,Microbotryomycetes,,Sporidiobolales,Sporidiobolaceae,Rhodotorula,Rhodotorula mucilaginosa,1,TFCN86A12
LOCAL_Rhodotorula_mucilaginosa_TFCN_86A-3.proteins,Rhodotorula mucilaginosa,TFCN 86A-3,,5537,dikarya,Basidiomycota,,Microbotryomycetes,,Sporidiobolales,Sporidiobolaceae,Rhodotorula,Rhodotorula mucilaginosa,1,TFCN86A3
LOCAL_Rhodotorula_mucilaginosa_TFCN_89D-3.proteins,Rhodotorula mucilaginosa,TFCN 89D-3,,5537,dikarya,Basidiomycota,,Microbotryomycetes,,Sporidiobolales,Sporidiobolaceae,Rhodotorula,Rhodotorula mucilaginosa,1,TFCN89D3
LOCAL_Rhodotorula_mucilaginosa_TFCN_98A-10.proteins,Rhodotorula mucilaginosa,TFCN 98A-10,,5537,dikarya,Basidiomycota,,Microbotryomycetes,,Sporidiobolales,Sporidiobolaceae,Rhodotorula,Rhodotorula mucilaginosa,1,TFCN98A10
LOCAL_Rhodotorula_mucilaginosa_TFCN_98A-5.proteins,Rhodotorula mucilaginosa,TFCN 98A-5,,5537,dikarya,Basidiomycota,,Microbotryomycetes,,Sporidiobolales,Sporidiobolaceae,Rhodotorula,Rhodotorula mucilaginosa,1,TFCN98A5
LOCAL_Rhodotorula_mucilaginosa_TFCN_98C-3.proteins,Rhodotorula mucilaginosa,TFCN 98C-3,,5537,dikarya,Basidiomycota,,Microbotryomycetes,,Sporidiobolales,Sporidiobolaceae,Rhodotorula,Rhodotorula mucilaginosa,1,TFCN98C3
LOCAL_Rhodotorula_mucilaginosa_TFCN_98C-5.proteins,Rhodotorula mucilaginosa,TFCN 98C-5,,5537,dikarya,Basidiomycota,,Microbotryomycetes,,Sporidiobolales,Sporidiobolaceae,Rhodotorula,Rhodotorula mucilaginosa,1,TFCN98C5
LOCAL_Rhodotorula_mucilaginosa_TFCN_98C-7.proteins,Rhodotorula mucilaginosa,TFCN 98C-7,,5537,dikarya,Basidiomycota,,Microbotryomycetes,,Sporidiobolales,Sporidiobolaceae,Rhodotorula,Rhodotorula mucilaginosa,1,TFCN98C7
LOCAL_Rhodotorula_mucilaginosa_TFCN_98C-8.proteins,Rhodotorula mucilaginosa,TFCN 98C-8,,5537,dikarya,Basidiomycota,,Microbotryomycetes,,Sporidiobolales,Sporidiobolaceae,Rhodotorula,Rhodotorula mucilaginosa,1,TFCN98C8
LOCAL_Rhodotorula_mucilaginosa_TFCN_98D-11.proteins,Rhodotorula mucilaginosa,TFCN 98D-11,,5537,dikarya,Basidiomycota,,Microbotryomycetes,,Sporidiobolales,Sporidiobolaceae,Rhodotorula,Rhodotorula mucilaginosa,1,TFCN98D11
LOCAL_Rhodotorula_mucilaginosa_TFCN_98D-7.proteins,Rhodotorula mucilaginosa,TFCN 98D-7,,5537,dikarya,Basidiomycota,,Microbotryomycetes,,Sporidiobolales,Sporidiobolaceae,Rhodotorula,Rhodotorula mucilaginosa,1,TFCN98D7
LOCAL_Rhodotorula_mucilaginosa_TFCN_98D-9.proteins,Rhodotorula mucilaginosa,TFCN 98D-9,,5537,dikarya,Basidiomycota,,Microbotryomycetes,,Sporidiobolales,Sporidiobolaceae,Rhodotorula,Rhodotorula mucilaginosa,1,TFCN98D9
LOCAL_Rhodotorula_pacifica_TFCN_1A-1-3.proteins,Rhodotorula mucilaginosa,TFCN 1A-1-3,,5537,dikarya,Basidiomycota,,Microbotryomycetes,,Sporidiobolales,Sporidiobolaceae,Rhodotorula,Rhodotorula mucilaginosa,1,TFCN1A13
LOCAL_Rhodotorula_pacifica_TFCN_1B-1-2.proteins,Rhodotorula mucilaginosa,TFCN 1B-1-2,,5537,dikarya,Basidiomycota,,Microbotryomycetes,,Sporidiobolales,Sporidiobolaceae,Rhodotorula,Rhodotorula mucilaginosa,1,TFCN1B12
LOCAL_Rhodotorula_paludigena_DBVPG_4610.proteins,Rhodotorula paludigena,DBVPG 4610,,86838,dikarya,Basidiomycota,,Microbotryomycetes,,Sporidiobolales,Sporidiobolaceae,Rhodotorula,Rhodotorula paludigena,1,DBVPG4610
LOCAL_Rhodotorula_paludigena_DBVPG_7316.proteins,Rhodotorula paludigena,DBVPG 7316,,86838,dikarya,Basidiomycota,,Microbotryomycetes,,Sporidiobolales,Sporidiobolaceae,Rhodotorula,Rhodotorula paludigena,1,DBVPG7316
LOCAL_Rhodotorula_paludigena_DBVPG_7323.proteins,Rhodotorula paludigena,DBVPG 7323,,86838,dikarya,Basidiomycota,,Microbotryomycetes,,Sporidiobolales,Sporidiobolaceae,Rhodotorula,Rhodotorula paludigena,1,DBVPG7323
LOCAL_Rhodotorula_paludigena_NRRL_Y-12923.proteins,Rhodotorula paludigena,NRRL Y-12923,,86838,dikarya,Basidiomycota,,Microbotryomycetes,,Sporidiobolales,Sporidiobolaceae,Rhodotorula,Rhodotorula paludigena,1,OM448
LOCAL_Rhodotorula_paludigena_TFCN_1A-1-2.proteins,Rhodotorula mucilaginosa,TFCN 1A-1-2,,5537,dikarya,Basidiomycota,,Microbotryomycetes,,Sporidiobolales,Sporidiobolaceae,Rhodotorula,Rhodotorula mucilaginosa,1,TFCN1A12
LOCAL_Rhodotorula_paludigena_TFCN_25-333P-5.proteins,Rhodotorula paludigena,TFCN 25-333P-5,,86838,dikarya,Basidiomycota,,Microbotryomycetes,,Sporidiobolales,Sporidiobolaceae,Rhodotorula,Rhodotorula paludigena,1,TFCN25333P5
LOCAL_Rhodotorula_paludigena_TFCN_342-2.proteins,Rhodotorula paludigena,TFCN 342-2,,86838,dikarya,Basidiomycota,,Microbotryomycetes,,Sporidiobolales,Sporidiobolaceae,Rhodotorula,Rhodotorula paludigena,1,TFCN3422
LOCAL_Rhodotorula_paludigena_TFCN_43A-4.proteins,Rhodotorula paludigena,TFCN 43A-4,,86838,dikarya,Basidiomycota,,Microbotryomycetes,,Sporidiobolales,Sporidiobolaceae,Rhodotorula,Rhodotorula paludigena,1,TFCN43A4
LOCAL_Rhodotorula_paludigena_TFCN_48A-10.proteins,Rhodotorula paludigena,TFCN 48A-10,,86838,dikarya,Basidiomycota,,Microbotryomycetes,,Sporidiobolales,Sporidiobolaceae,Rhodotorula,Rhodotorula paludigena,1,TFCN48A10
LOCAL_Rhodotorula_paludigena_TFCN_48A-15.proteins,Rhodotorula paludigena,TFCN 48A-15,,86838,dikarya,Basidiomycota,,Microbotryomycetes,,Sporidiobolales,Sporidiobolaceae,Rhodotorula,Rhodotorula paludigena,1,TFCN48A15
LOCAL_Rhodotorula_paludigena_TFCN_48A-2.proteins,Rhodotorula paludigena,TFCN 48A-2,,86838,dikarya,Basidiomycota,,Microbotryomycetes,,Sporidiobolales,Sporidiobolaceae,Rhodotorula,Rhodotorula paludigena,1,TFCN48A2
LOCAL_Rhodotorula_paludigena_TFCN_48A-3.proteins,Rhodotorula paludigena,TFCN 48A-3,,86838,dikarya,Basidiomycota,,Microbotryomycetes,,Sporidiobolales,Sporidiobolaceae,Rhodotorula,Rhodotorula paludigena,1,TFCN48A3
LOCAL_Rhodotorula_paludigena_TFCN_48C-3.proteins,Rhodotorula paludigena,TFCN 48C-3,,86838,dikarya,Basidiomycota,,Microbotryomycetes,,Sporidiobolales,Sporidiobolaceae,Rhodotorula,Rhodotorula paludigena,1,TFCN48C3
LOCAL_Rhodotorula_paludigena_TFCN_48D-10.proteins,Rhodotorula paludigena,TFCN 48D-10,,86838,dikarya,Basidiomycota,,Microbotryomycetes,,Sporidiobolales,Sporidiobolaceae,Rhodotorula,Rhodotorula paludigena,1,TFCN48D10
LOCAL_Rhodotorula_paludigena_TFCN_48D-4.proteins,Rhodotorula paludigena,TFCN 48D-4,,86838,dikarya,Basidiomycota,,Microbotryomycetes,,Sporidiobolales,Sporidiobolaceae,Rhodotorula,Rhodotorula paludigena,1,TFCN48D4
LOCAL_Rhodotorula_paludigena_TFCN_49A-1.proteins,Rhodotorula paludigena,TFCN 49A-1,,86838,dikarya,Basidiomycota,,Microbotryomycetes,,Sporidiobolales,Sporidiobolaceae,Rhodotorula,Rhodotorula paludigena,1,TFCN49A1
LOCAL_Rhodotorula_sp._clade_I_DBVPG_8058.proteins,Rhodotorula sp. clade I,DBVPG 8058,,5533,dikarya,Basidiomycota,,Exobasidiomycetes,,,,Rhodotorula,Rhodotorula sp. clade I,1,DBVPG8058
LOCAL_Rhodotorula_sp._clade_I_TFCN_17-328C-3.proteins,Rhodotorula sp. clade I,TFCN 17-328C-3,,5533,dikarya,Basidiomycota,,Exobasidiomycetes,,,,Rhodotorula,Rhodotorula sp. clade I,1,TFCN17328C3
LOCAL_Rhodotorula_sp._clade_I_TFCN_17-328P-3.proteins,Rhodotorula sp. clade I,TFCN 17-328P-3,,5533,dikarya,Basidiomycota,,Exobasidiomycetes,,,,Rhodotorula,Rhodotorula sp. clade I,1,TFCN17328P3
LOCAL_Rhodotorula_sp._clade_I_TFCN_222A-2.proteins,Rhodotorula sp. clade I,TFCN 222A-2,,5533,dikarya,Basidiomycota,,Exobasidiomycetes,,,,Rhodotorula,Rhodotorula sp. clade I,1,TFCN222A2
LOCAL_Rhodotorula_sp._clade_I_TFCN_25-333D-1.proteins,Rhodotorula sp. clade I,TFCN 25-333D-1,,5533,dikarya,Basidiomycota,,Exobasidiomycetes,,,,Rhodotorula,Rhodotorula sp. clade I,1,TFCN25333D1
LOCAL_Rhodotorula_sp._clade_I_TFCN_25-333D-5.proteins,Rhodotorula sp. clade I,TFCN 25-333D-5,,5533,dikarya,Basidiomycota,,Exobasidiomycetes,,,,Rhodotorula,Rhodotorula sp. clade I,1,TFCN25333D5
LOCAL_Rhodotorula_sp._clade_I_TFCN_25-333Y-2.proteins,Rhodotorula sp. clade I,TFCN 25-333Y-2,,5533,dikarya,Basidiomycota,,Exobasidiomycetes,,,,Rhodotorula,Rhodotorula sp. clade I,1,TFCN25333Y2
LOCAL_Rhodotorula_sp._clade_I_TFCN_86C-7.proteins,Rhodotorula sp. clade I,TFCN 86C-7,,5533,dikarya,Basidiomycota,,Exobasidiomycetes,,,,Rhodotorula,Rhodotorula sp. clade I,1,TFCN86C7
LOCAL_Rhodotorula_sp._clade_XIII_DBVPG_7947.proteins,Rhodotorula sp. clade XIII,DBVPG 7947,,5533,dikarya,Basidiomycota,,Exobasidiomycetes,,,,Rhodotorula,Rhodotorula sp. clade XIII,1,DBVPG7947
LOCAL_Rhodotorula_sp._clade_XI_DBVPG_10348.proteins,Rhodotorula sp. clade XI,DBVPG 10348,,5533,dikarya,Basidiomycota,,Exobasidiomycetes,,,,Rhodotorula,Rhodotorula sp. clade XI,1,DBVPG10348
LOCAL_Rhodotorula_sp._clade_XI_TFCN_186DK3-2.proteins,Rhodotorula sp. clade XI,TFCN 186DK3-2,,5533,dikarya,Basidiomycota,,Exobasidiomycetes,,,,Rhodotorula,Rhodotorula sp. clade XI,1,TFCN186DK32
LOCAL_Rhodotorula_sphaerocarpa_NRRL_Y-7192.proteins,Rhodotorula sphaerocarpa,NRRL Y-7192,,86839,dikarya,Basidiomycota,,Microbotryomycetes,,Sporidiobolales,Sporidiobolaceae,Rhodotorula,Rhodotorula sphaerocarpa,1,OM440
LOCAL_Rhodotorula_sphaerocarpa_TFCN_86A-6.proteins,Rhodotorula sphaerocarpa,TFCN 86A-6,,86839,dikarya,Basidiomycota,,Microbotryomycetes,,Sporidiobolales,Sporidiobolaceae,Rhodotorula,Rhodotorula sphaerocarpa,1,TFCN86A6
LOCAL_Rhodotorula_sphaerocarpa_TFCN_86A-8.proteins,Rhodotorula sphaerocarpa,TFCN 86A-8,,86839,dikarya,Basidiomycota,,Microbotryomycetes,,Sporidiobolales,Sporidiobolaceae,Rhodotorula,Rhodotorula sphaerocarpa,1,TFCN86A8
LOCAL_Rhodotorula_sphaerocarpa_TFCN_86C-10.proteins,Rhodotorula sphaerocarpa,TFCN 86C-10,,86839,dikarya,Basidiomycota,,Microbotryomycetes,,Sporidiobolales,Sporidiobolaceae,Rhodotorula,Rhodotorula sphaerocarpa,1,TFCN86C10
LOCAL_Rhodotorula_sphaerocarpa_TFCN_86C-9.proteins,Rhodotorula sphaerocarpa,TFCN 86C-9,,86839,dikarya,Basidiomycota,,Microbotryomycetes,,Sporidiobolales,Sporidiobolaceae,Rhodotorula,Rhodotorula sphaerocarpa,1,TFCN86C9
LOCAL_Rhodotorula_taiwanensis_DBVPG_4530.proteins,Rhodotorula taiwanensis,DBVPG 4530,,741276,dikarya,Basidiomycota,,Microbotryomycetes,,Sporidiobolales,Sporidiobolaceae,Rhodotorula,Rhodotorula taiwanensis,1,DBVPG4530
LOCAL_Rhodotorula_taiwanensis_DBVPG_4531.proteins,Rhodotorula taiwanensis,DBVPG 4531,,741276,dikarya,Basidiomycota,,Microbotryomycetes,,Sporidiobolales,Sporidiobolaceae,Rhodotorula,Rhodotorula taiwanensis,1,DBVPG4531
LOCAL_Rhodotorula_taiwanensis_TFCN_0520-4-2-1.proteins,Rhodotorula taiwanensis,TFCN 0520-4-2-1,,741276,dikarya,Basidiomycota,,Microbotryomycetes,,Sporidiobolales,Sporidiobolaceae,Rhodotorula,Rhodotorula taiwanensis,1,TFCN0520421
LOCAL_Rhodotorula_taiwanensis_TFCN_0520-4-2-2.proteins,Rhodotorula taiwanensis,TFCN 0520-4-2-2,,741276,dikarya,Basidiomycota,,Microbotryomycetes,,Sporidiobolales,Sporidiobolaceae,Rhodotorula,Rhodotorula taiwanensis,1,TFCN0520422
LOCAL_Rhodotorula_taiwanensis_TFCN_357-1.proteins,Rhodotorula taiwanensis,TFCN 357-1,,741276,dikarya,Basidiomycota,,Microbotryomycetes,,Sporidiobolales,Sporidiobolaceae,Rhodotorula,Rhodotorula taiwanensis,1,TFCN3571
LOCAL_Rhodotorula_taiwanensis_TFCN_S22D-1.proteins,Rhodotorula taiwanensis,TFCN S22D-1,,741276,dikarya,Basidiomycota,,Microbotryomycetes,,Sporidiobolales,Sporidiobolaceae,Rhodotorula,Rhodotorula taiwanensis,1,TFCNS22D1
LOCAL_Rhodotorula_toruloides_DBVPG_6121.proteins,Rhodotorula toruloides,DBVPG 6121,,5286,dikarya,Basidiomycota,,Microbotryomycetes,,Sporidiobolales,Sporidiobolaceae,Rhodotorula,Rhodotorula toruloides,1,DBVPG6121
LOCAL_Rhodotorula_toruloides_DBVPG_6739.proteins,Rhodotorula toruloides,DBVPG 6739,,5286,dikarya,Basidiomycota,,Microbotryomycetes,,Sporidiobolales,Sporidiobolaceae,Rhodotorula,Rhodotorula toruloides,1,DBVPG6739
LOCAL_Rhodotorula_toruloides_TFCN_152A-4.proteins,Rhodotorula toruloides,TFCN 152A-4,,5286,dikarya,Basidiomycota,,Microbotryomycetes,,Sporidiobolales,Sporidiobolaceae,Rhodotorula,Rhodotorula toruloides,1,TFCN152A4
LOCAL_Rhodotorula_toruloides_TFCN_152A-6.proteins,Rhodotorula toruloides,TFCN 152A-6,,5286,dikarya,Basidiomycota,,Microbotryomycetes,,Sporidiobolales,Sporidiobolaceae,Rhodotorula,Rhodotorula toruloides,1,TFCN152A6
LOCAL_Rhodotorula_toruloides_TFCN_152C-3.proteins,Rhodotorula toruloides,TFCN 152C-3,,5286,dikarya,Basidiomycota,,Microbotryomycetes,,Sporidiobolales,Sporidiobolaceae,Rhodotorula,Rhodotorula toruloides,1,TFCN152C3
LOCAL_Rhodotorula_toruloides_TFCN_152C-6.proteins,Rhodotorula taiwanensis,TFCN 152C-6,,741276,dikarya,Basidiomycota,,Microbotryomycetes,,Sporidiobolales,Sporidiobolaceae,Rhodotorula,Rhodotorula taiwanensis,1,TFCN152C6
LOCAL_Rhodotorula_toruloides_TFCN_152D-4.proteins,Rhodotorula toruloides,TFCN 152D-4,,5286,dikarya,Basidiomycota,,Microbotryomycetes,,Sporidiobolales,Sporidiobolaceae,Rhodotorula,Rhodotorula toruloides,1,TFCN152D4
LOCAL_Rhodotorula_toruloides_TFCN_152D-6.proteins,Rhodotorula toruloides,TFCN 152D-6,,5286,dikarya,Basidiomycota,,Microbotryomycetes,,Sporidiobolales,Sporidiobolaceae,Rhodotorula,Rhodotorula toruloides,1,TFCN152D6
