strain	in_phenotype_metadata	in_eb_ms_data	in_bfd_sequences	bfd_match	rsynced
DBVPG_10075	yes	yes	yes	Cystobasidium_sp._DBVPG_10075	yes
DBVPG_10348	yes	yes	yes	Rhodotorula_sp._clade_XI_DBVPG_10348	yes
DBVPG_10383	yes	yes	yes	Rhodotorula_kratochvilovae_DBVPG_10383	yes
DBVPG_10619	yes	yes	yes	Rhodotorula_mucilaginosa_DBVPG_10619	yes
DBVPG_10753	yes	yes	yes	Rhodotorula_kratochvilovae_DBVPG_10753	yes
DBVPG_10780	yes	yes	yes	Rhodotorula_mucilaginosa_DBVPG_10780	yes
DBVPG_10842	yes	yes	yes	Rhodotorula_mucilaginosa_DBVPG_10842	yes
DBVPG_10882	yes	yes	yes	Rhodotorula_mucilaginosa_DBVPG_10882	yes
DBVPG_10886	yes	yes	yes	Rhodotorula_mucilaginosa_DBVPG_10886	yes
DBVPG_10937	yes	yes	yes	Rhodotorula_mucilaginosa_DBVPG_10937	yes
DBVPG_3044	yes	yes	yes	Rhodotorula_mucilaginosa_DBVPG_3044	yes
DBVPG_3045	yes	yes	yes	Rhodotorula_mucilaginosa_DBVPG_3045	yes
DBVPG_3090	yes	yes	yes	Rhodotorula_mucilaginosa_DBVPG_3090	yes
DBVPG_3235	yes	yes	yes	Rhodotorula_mucilaginosa_DBVPG_3235	yes
DBVPG_3236	yes	yes	yes	Rhodotorula_mucilaginosa_DBVPG_3236	yes
DBVPG_3237	yes	yes	yes	Rhodotorula_mucilaginosa_DBVPG_3237	yes
DBVPG_3238	yes	yes	yes	Rhodotorula_mucilaginosa_DBVPG_3238	yes
DBVPG_3239	yes	yes	no		no
DBVPG_3380	yes	no	no		no
DBVPG_3381	yes	yes	yes	Rhodotorula_mucilaginosa_DBVPG_3381	yes
DBVPG_3382	yes	yes	yes	Rhodotorula_mucilaginosa_DBVPG_3382	yes
DBVPG_3383	yes	yes	yes	Rhodotorula_mucilaginosa_DBVPG_3383	yes
DBVPG_3384	yes	yes	yes	Rhodotorula_mucilaginosa_DBVPG_3384	yes
DBVPG_3442	yes	yes	yes	Rhodotorula_mucilaginosa_DBVPG_3442	yes
DBVPG_3443	yes	yes	yes	Rhodotorula_mucilaginosa_DBVPG_3443	yes
DBVPG_3444	yes	yes	yes	Rhodotorula_mucilaginosa_DBVPG_3444	yes
DBVPG_3445	yes	yes	no		no
DBVPG_3446	yes	yes	no		no
DBVPG_3538	yes	yes	no		no
DBVPG_3768	yes	yes	yes	Rhodotorula_dairenensis_DBVPG_3768	yes
DBVPG_3769	yes	yes	yes	Rhodotorula_dairenensis_DBVPG_3769	yes
DBVPG_3770	yes	yes	yes	Rhodotorula_dairenensis_DBVPG_3770	yes
DBVPG_3771	yes	no	yes	Rhodotorula_dairenensis_DBVPG_3771	yes
DBVPG_3772	yes	yes	yes	Rhodotorula_dairenensis_DBVPG_3772	yes
DBVPG_3773	yes	yes	yes	Rhodotorula_dairenensis_DBVPG_3773	yes
DBVPG_3774	yes	yes	yes	Rhodotorula_mucilaginosa_DBVPG_3774	yes
DBVPG_3775	yes	yes	yes	Rhodotorula_mucilaginosa_DBVPG_3775	yes
DBVPG_3776	yes	yes	yes	Rhodotorula_mucilaginosa_DBVPG_3776	yes
DBVPG_3777	yes	yes	yes	Rhodotorula_mucilaginosa_DBVPG_3777	yes
DBVPG_3778	yes	yes	yes	Rhodotorula_mucilaginosa_DBVPG_3778	yes
DBVPG_3780	yes	yes	yes	Rhodotorula_mucilaginosa_DBVPG_3780	yes
DBVPG_3853	yes	no	yes	Rhodotorula_dairenensis_DBVPG_3853	yes
DBVPG_3854	yes	yes	yes	Rhodotorula_mucilaginosa_DBVPG_3854	yes
DBVPG_3855	yes	yes	yes	Rhodotorula_mucilaginosa_DBVPG_3855	yes
DBVPG_3856	yes	yes	yes	Rhodotorula_mucilaginosa_DBVPG_3856	yes
DBVPG_3857	yes	yes	yes	Rhodotorula_mucilaginosa_DBVPG_3857	yes
DBVPG_3858	yes	yes	yes	Rhodotorula_mucilaginosa_DBVPG_3858	yes
DBVPG_3983	yes	yes	yes	Rhodotorula_mucilaginosa_DBVPG_3983	yes
DBVPG_3984	yes	yes	yes	Rhodotorula_mucilaginosa_DBVPG_3984	yes
DBVPG_3985	yes	yes	no		no
DBVPG_4201	yes	yes	yes	Rhodotorula_mucilaginosa_DBVPG_4201	yes
DBVPG_4202	yes	yes	yes	Rhodotorula_mucilaginosa_DBVPG_4202	yes
DBVPG_4203	yes	yes	yes	Rhodotorula_mucilaginosa_DBVPG_4203	yes
DBVPG_4304	yes	yes	yes	Rhodotorula_mucilaginosa_DBVPG_4304	yes
DBVPG_4376	yes	yes	yes	Rhodotorula_mucilaginosa_DBVPG_4376	yes
DBVPG_4377	yes	no	yes	Rhodotorula_mucilaginosa_DBVPG_4377	yes
DBVPG_4378	yes	yes	yes	Rhodotorula_mucilaginosa_DBVPG_4378	yes
DBVPG_4379	yes	yes	no		no
DBVPG_4380	yes	yes	yes	Rhodotorula_mucilaginosa_DBVPG_4380	yes
DBVPG_4408	yes	yes	yes	Rhodotorula_mucilaginosa_DBVPG_4408	yes
DBVPG_4466	yes	yes	yes	Rhodotorula_mucilaginosa_DBVPG_4466	yes
DBVPG_4530	yes	yes	yes	Rhodotorula_taiwanensis_DBVPG_4530	yes
DBVPG_4531	yes	yes	yes	Rhodotorula_taiwanensis_DBVPG_4531	yes
DBVPG_4534	yes	yes	yes	Rhodotorula_mucilaginosa_DBVPG_4534	yes
DBVPG_4610	yes	no	yes	Rhodotorula_paludigena_DBVPG_4610	yes
DBVPG_4618	yes	yes	yes	Rhodotorula_mucilaginosa_DBVPG_4618	yes
DBVPG_4669	yes	yes	yes	Rhodotorula_mucilaginosa_DBVPG_4669	yes
DBVPG_4920	yes	yes	yes	Rhodotorula_mucilaginosa_DBVPG_4920	yes
DBVPG_4945	yes	yes	yes	Rhodotorula_mucilaginosa_DBVPG_4945	yes
DBVPG_4946	yes	yes	yes	Rhodotorula_mucilaginosa_DBVPG_4946	yes
DBVPG_4947	yes	yes	yes	Rhodotorula_mucilaginosa_DBVPG_4947	yes
DBVPG_4949	yes	yes	yes	Rhodotorula_mucilaginosa_DBVPG_4949	yes
DBVPG_4950	yes	no	yes	Rhodotorula_mucilaginosa_DBVPG_4950	yes
DBVPG_4952	yes	no	no		no
DBVPG_4956	yes	yes	yes	Rhodotorula_mucilaginosa_DBVPG_4956	yes
DBVPG_4957	yes	yes	yes	Rhodotorula_mucilaginosa_DBVPG_4957	yes
DBVPG_4958	yes	yes	yes	Rhodotorula_mucilaginosa_DBVPG_4958	yes
DBVPG_4962	yes	yes	yes	Rhodotorula_mucilaginosa_DBVPG_4962	yes
DBVPG_4963	yes	yes	yes	Rhodotorula_mucilaginosa_DBVPG_4963	yes
DBVPG_4964	yes	yes	yes	Rhodotorula_mucilaginosa_DBVPG_4964	yes
DBVPG_5225	yes	yes	yes	Rhodotorula_mucilaginosa_DBVPG_5225	yes
DBVPG_5226	yes	yes	yes	Rhodotorula_mucilaginosa_DBVPG_5226	yes
DBVPG_5227	yes	yes	yes	Rhodotorula_mucilaginosa_DBVPG_5227	yes
DBVPG_5228	yes	yes	yes	Rhodotorula_mucilaginosa_DBVPG_5228	yes
DBVPG_5229	yes	yes	yes	Rhodotorula_mucilaginosa_DBVPG_5229	yes
DBVPG_5235	yes	yes	yes	Rhodotorula_mucilaginosa_DBVPG_5235	yes
DBVPG_5236	yes	yes	yes	Rhodotorula_mucilaginosa_DBVPG_5236	yes
DBVPG_5757	yes	yes	yes	Rhodotorula_mucilaginosa_DBVPG_5757	yes
DBVPG_5758	yes	yes	yes	Rhodotorula_mucilaginosa_DBVPG_5758	yes
DBVPG_5759	yes	yes	yes	Rhodotorula_mucilaginosa_DBVPG_5759	yes
DBVPG_6081	yes	yes	yes	Rhodotorula_glutinis_DBVPG_6081	yes
DBVPG_6083	yes	yes	yes	Rhodotorula_graminis_DBVPG_6083	yes
DBVPG_6091	yes	yes	yes	Rhodotorula_mucilaginosa_DBVPG_6091	yes
DBVPG_6092	yes	yes	yes	Rhodotorula_mucilaginosa_DBVPG_6092	yes
DBVPG_6093	yes	yes	yes	Rhodotorula_mucilaginosa_DBVPG_6093	yes
DBVPG_6094	yes	yes	no		no
DBVPG_6121	yes	yes	yes	Rhodotorula_toruloides_DBVPG_6121	yes
DBVPG_6195	yes	yes	yes	Rhodotorula_diobovata_DBVPG_6195	yes
DBVPG_6202	yes	yes	yes	Rhodotorula_diobovata_DBVPG_6202	yes
DBVPG_6593	yes	yes	yes	Rhodotorula_mucilaginosa_DBVPG_6593	yes
DBVPG_6649	yes	yes	no		no
DBVPG_6660	yes	no	yes	Rhodotorula_mucilaginosa_DBVPG_6660	yes
DBVPG_6739	yes	yes	yes	Rhodotorula_toruloides_DBVPG_6739	yes
DBVPG_6740	yes	yes	yes	Pseudomicrostroma_phylloplanum_DBVPG_6740	yes
DBVPG_6741	yes	yes	yes	Rhodotorula_mucilaginosa_DBVPG_6741	yes
DBVPG_6742	yes	yes	yes	Rhodotorula_mucilaginosa_DBVPG_6742	yes
DBVPG_6743	yes	yes	yes	Rhodotorula_mucilaginosa_DBVPG_6743	yes
DBVPG_6803	yes	yes	yes	Rhodotorula_mucilaginosa_DBVPG_6803	yes
DBVPG_7019	yes	yes	yes	Rhodotorula_mucilaginosa_DBVPG_7019	yes
DBVPG_7021	yes	yes	yes	Rhodotorula_graminis_DBVPG_7021	yes
DBVPG_7316	yes	yes	yes	Rhodotorula_paludigena_DBVPG_7316	yes
DBVPG_7323	yes	yes	yes	Rhodotorula_paludigena_DBVPG_7323	yes
DBVPG_7539	yes	yes	yes	Rhodotorula_kratochvilovae_DBVPG_7539	yes
DBVPG_7947	yes	yes	yes	Rhodotorula_sp._clade_XIII_DBVPG_7947	yes
DBVPG_8043	yes	yes	yes	Rhodotorula_mucilaginosa_DBVPG_8043	yes
DBVPG_8058	yes	yes	yes	Rhodotorula_sp._clade_I_DBVPG_8058	yes
JES-025-001	yes	no	no		no
NRRL_Y-12923	yes	yes	yes	Rhodotorula_paludigena_NRRL_Y-12923	yes
NRRL_Y-17376	yes	yes	yes	Rhodotorula_araucariae_NRRL_Y-17376	yes
NRRL_Y-2474	yes	yes	yes	Rhodotorula_graminis_NRRL_Y-2474	yes
NRRL_Y-2504	yes	yes	yes	Rhodotorula_dairenensis_NRRL_Y-2504	yes
NRRL_Y-2510	yes	yes	yes	Rhodotorula_mucilaginosa_NRRL_Y-2510	yes
NRRL_Y-7192	yes	yes	yes	Rhodotorula_sphaerocarpa_NRRL_Y-7192	yes
NRRL_Y-7196	yes	no	yes	Rhodotorula_diobovata_NRRL_Y-7196	yes
TFCN_0520-4-2-1	yes	yes	yes	Rhodotorula_taiwanensis_TFCN_0520-4-2-1	yes
TFCN_0520-4-2-2	yes	yes	yes	Rhodotorula_taiwanensis_TFCN_0520-4-2-2	yes
TFCN_100D-1	yes	yes	yes	Rhodotorula_mucilaginosa_TFCN_100D-1	yes
TFCN_102C-1	yes	yes	yes	Rhodotorula_mucilaginosa_TFCN_102C-1	yes
TFCN_102C-2	yes	yes	yes	Rhodotorula_mucilaginosa_TFCN_102C-2	yes
TFCN_102D-1	yes	yes	yes	Rhodotorula_mucilaginosa_TFCN_102D-1	yes
TFCN_102D-2	yes	yes	yes	Rhodotorula_mucilaginosa_TFCN_102D-2	yes
TFCN_105A-2	yes	yes	yes	Rhodotorula_mucilaginosa_TFCN_105A-2	yes
TFCN_106A-1	yes	yes	yes	Rhodotorula_mucilaginosa_TFCN_106A-1	yes
TFCN_107A-6	yes	yes	yes	Rhodotorula_mucilaginosa_TFCN_107A-6	yes
TFCN_107C-3	yes	yes	yes	Rhodotorula_mucilaginosa_TFCN_107C-3	yes
TFCN_110C-1	yes	no	yes	Rhodotorula_mucilaginosa_TFCN_110C-1	yes
TFCN_118C-2	yes	yes	yes	Rhodotorula_mucilaginosa_TFCN_118C-2	yes
TFCN_122C-2	yes	no	yes	Rhodotorula_mucilaginosa_TFCN_122C-2	yes
TFCN_130D-4	yes	yes	yes	Rhodotorula_mucilaginosa_TFCN_130D-4	yes
TFCN_134A-3	yes	yes	yes	Rhodotorula_mucilaginosa_TFCN_134A-3	yes
TFCN_137C-3	yes	yes	yes	Rhodotorula_mucilaginosa_TFCN_137C-3	yes
TFCN_137D-4	yes	yes	yes	Rhodotorula_mucilaginosa_TFCN_137D-4	yes
TFCN_138A-1	yes	no	yes	Rhodotorula_mucilaginosa_TFCN_138A-1	yes
TFCN_140A-3	yes	yes	yes	Rhodotorula_mucilaginosa_TFCN_140A-3	yes
TFCN_141C-2	yes	yes	yes	Rhodotorula_mucilaginosa_TFCN_141C-2	yes
TFCN_152A-1	yes	yes	yes	Rhodotorula_mucilaginosa_TFCN_152A-1	yes
TFCN_152A-12	yes	yes	yes	Rhodotorula_mucilaginosa_TFCN_152A-12	yes
TFCN_152A-2	yes	yes	yes	Rhodotorula_mucilaginosa_TFCN_152A-2	yes
TFCN_152A-4	yes	yes	yes	Rhodotorula_toruloides_TFCN_152A-4	yes
TFCN_152A-5	yes	yes	yes	Rhodotorula_mucilaginosa_TFCN_152A-5	yes
TFCN_152A-6	yes	yes	yes	Rhodotorula_toruloides_TFCN_152A-6	yes
TFCN_152A_3	yes	no	no		no
TFCN_152C-2	yes	yes	no		no
TFCN_152C-3	yes	yes	yes	Rhodotorula_toruloides_TFCN_152C-3	yes
TFCN_152C-5	yes	yes	yes	Rhodotorula_mucilaginosa_TFCN_152C-5	yes
TFCN_152C-6	yes	yes	yes	Rhodotorula_toruloides_TFCN_152C-6	yes
TFCN_152D-4	yes	yes	yes	Rhodotorula_toruloides_TFCN_152D-4	yes
TFCN_152D-6	yes	yes	yes	Rhodotorula_toruloides_TFCN_152D-6	yes
TFCN_17-0-2E329-4	yes	no	no		no
TFCN_17-0-2E334-10	yes	yes	yes	Rhodotorula_mucilaginosa_TFCN_17-0-2E334-10	yes
TFCN_17-0-2E334-4	yes	yes	yes	Rhodotorula_mucilaginosa_TFCN_17-0-2E334-4	yes
TFCN_17-0-2E337-3	yes	yes	yes	Rhodotorula_mucilaginosa_TFCN_17-0-2E337-3	yes
TFCN_17-0-2E390-1	yes	yes	yes	Rhodotorula_mucilaginosa_TFCN_17-0-2E390-1	yes
TFCN_17-0-2E390-2	yes	yes	yes	Rhodotorula_mucilaginosa_TFCN_17-0-2E390-2	yes
TFCN_17-267M-1	yes	yes	yes	Rhodotorula_mucilaginosa_TFCN_17-267M-1	yes
TFCN_17-291Y-1	yes	yes	yes	Rhodotorula_mucilaginosa_TFCN_17-291Y-1	yes
TFCN_17-325D-2	yes	yes	yes	Rhodotorula_mucilaginosa_TFCN_17-325D-2	yes
TFCN_17-325D-4	yes	yes	yes	Rhodotorula_mucilaginosa_TFCN_17-325D-4	yes
TFCN_17-325P-1	yes	yes	yes	Rhodotorula_mucilaginosa_TFCN_17-325P-1	yes
TFCN_17-328C-3	yes	yes	yes	Rhodotorula_sp._clade_I_TFCN_17-328C-3	yes
TFCN_17-328P-3	yes	no	yes	Rhodotorula_sp._clade_I_TFCN_17-328P-3	yes
TFCN_17-329Y-4	yes	yes	yes	Rhodotorula_mucilaginosa_TFCN_17-329Y-4	yes
TFCN_17-332C-1	yes	yes	yes	Rhodotorula_mucilaginosa_TFCN_17-332C-1	yes
TFCN_17-332C-2	yes	yes	yes	Rhodotorula_mucilaginosa_TFCN_17-332C-2	yes
TFCN_17-332M-1	yes	yes	yes	Rhodotorula_mucilaginosa_TFCN_17-332M-1	yes
TFCN_17-332M-2	yes	yes	yes	Rhodotorula_mucilaginosa_TFCN_17-332M-2	yes
TFCN_17-332P-1	yes	yes	yes	Rhodotorula_mucilaginosa_TFCN_17-332P-1	yes
TFCN_17-332P-2	yes	yes	yes	Rhodotorula_mucilaginosa_TFCN_17-332P-2	yes
TFCN_17-333D-2	yes	yes	yes	Rhodotorula_mucilaginosa_TFCN_17-333D-2	yes
TFCN_17-333P-6	yes	yes	yes	Rhodotorula_mucilaginosa_TFCN_17-333P-6	yes
TFCN_17-334C-1	yes	yes	yes	Rhodotorula_mucilaginosa_TFCN_17-334C-1	yes
TFCN_17-334D-6	yes	yes	yes	Rhodotorula_mucilaginosa_TFCN_17-334D-6	yes
TFCN_17-334Y-2	yes	yes	yes	Rhodotorula_mucilaginosa_TFCN_17-334Y-2	yes
TFCN_17-334Y-3	yes	yes	yes	Rhodotorula_mucilaginosa_TFCN_17-334Y-3	yes
TFCN_17-334Y-5	yes	yes	yes	Rhodotorula_mucilaginosa_TFCN_17-334Y-5	yes
TFCN_17-334Y-6	yes	yes	yes	Rhodotorula_diobovata_TFCN_17-334Y-6	yes
TFCN_17-337P-5	yes	yes	yes	Rhodotorula_mucilaginosa_TFCN_17-337P-5	yes
TFCN_17-338D-3	yes	yes	yes	Rhodotorula_mucilaginosa_TFCN_17-338D-3	yes
TFCN_17-390M-1	yes	yes	yes	Rhodotorula_mucilaginosa_TFCN_17-390M-1	yes
TFCN_172A-1	yes	yes	yes	Rhodotorula_mucilaginosa_TFCN_172A-1	yes
TFCN_17Y-278-1	yes	yes	yes	Rhodotorula_mucilaginosa_TFCN_17Y-278-1	yes
TFCN_17_332M_1	yes	no	yes	Rhodotorula_mucilaginosa_TFCN_17-332M-1	yes
TFCN_181A-1	yes	yes	yes	Rhodotorula_mucilaginosa_TFCN_181A-1	yes
TFCN_186CL4_2	yes	no	no		no
TFCN_186DK3-2	yes	yes	yes	Rhodotorula_sp._clade_XI_TFCN_186DK3-2	yes
TFCN_1A-1-2	yes	yes	yes	Rhodotorula_paludigena_TFCN_1A-1-2	yes
TFCN_1A-1-3	yes	yes	yes	Rhodotorula_pacifica_TFCN_1A-1-3	yes
TFCN_1A-14	yes	yes	yes	Rhodotorula_mucilaginosa_TFCN_1A-14	yes
TFCN_1A_1_5	yes	no	no		no
TFCN_1B-1-2	yes	yes	yes	Rhodotorula_pacifica_TFCN_1B-1-2	yes
TFCN_209-6-1	yes	yes	yes	Rhodotorula_mucilaginosa_TFCN_209-6-1	yes
TFCN_209-6-11	yes	yes	yes	Rhodotorula_mucilaginosa_TFCN_209-6-11	yes
TFCN_209-6-12	yes	yes	yes	Rhodotorula_mucilaginosa_TFCN_209-6-12	yes
TFCN_209-6-14	yes	yes	yes	Rhodotorula_mucilaginosa_TFCN_209-6-14	yes
TFCN_209-6-17	yes	yes	yes	Rhodotorula_mucilaginosa_TFCN_209-6-17	yes
TFCN_209-6-2	yes	yes	yes	Rhodotorula_mucilaginosa_TFCN_209-6-2	yes
TFCN_209-6-4	yes	yes	yes	Rhodotorula_mucilaginosa_TFCN_209-6-4	yes
TFCN_209-6-5	yes	yes	yes	Rhodotorula_mucilaginosa_TFCN_209-6-5	yes
TFCN_211A-3	yes	yes	yes	Rhodotorula_mucilaginosa_TFCN_211A-3	yes
TFCN_211C_2	yes	no	no		no
TFCN_212C-2	yes	yes	yes	Rhodotorula_mucilaginosa_TFCN_212C-2	yes
TFCN_213-6-2	yes	yes	yes	Rhodotorula_mucilaginosa_TFCN_213-6-2	yes
TFCN_213-6-4	yes	yes	yes	Rhodotorula_mucilaginosa_TFCN_213-6-4	yes
TFCN_222A-2	yes	yes	yes	Rhodotorula_sp._clade_I_TFCN_222A-2	yes
TFCN_22C-4	yes	yes	yes	Rhodotorula_mucilaginosa_TFCN_22C-4	yes
TFCN_25-0-2E332-1	yes	yes	yes	Rhodotorula_mucilaginosa_TFCN_25-0-2E332-1	yes
TFCN_25-0-2E333-1	yes	yes	yes	Rhodotorula_mucilaginosa_TFCN_25-0-2E333-1	yes
TFCN_25-0-2E333-5	yes	yes	yes	Rhodotorula_mucilaginosa_TFCN_25-0-2E333-5	yes
TFCN_25-0-2E333-7	yes	yes	yes	Rhodotorula_mucilaginosa_TFCN_25-0-2E333-7	yes
TFCN_25-0-2E333-9	yes	yes	yes	Rhodotorula_mucilaginosa_TFCN_25-0-2E333-9	yes
TFCN_25-0-2E334-1	yes	yes	yes	Rhodotorula_mucilaginosa_TFCN_25-0-2E334-1	yes
TFCN_25-0-2E390-1	yes	yes	yes	Rhodotorula_mucilaginosa_TFCN_25-0-2E390-1	yes
TFCN_25-325Y-1	yes	yes	yes	Rhodotorula_mucilaginosa_TFCN_25-325Y-1	yes
TFCN_25-327D-1	yes	yes	yes	Rhodotorula_mucilaginosa_TFCN_25-327D-1	yes
TFCN_25-331D-1	yes	yes	yes	Rhodotorula_mucilaginosa_TFCN_25-331D-1	yes
TFCN_25-332C-1	yes	yes	yes	Rhodotorula_mucilaginosa_TFCN_25-332C-1	yes
TFCN_25-332D-1	yes	yes	yes	Rhodotorula_mucilaginosa_TFCN_25-332D-1	yes
TFCN_25-332D-2	yes	yes	no		no
TFCN_25-332M-1	yes	no	yes	Rhodotorula_mucilaginosa_TFCN_25-332M-1	yes
TFCN_25-332M-2	yes	yes	no		no
TFCN_25-332P-2	yes	yes	yes	Rhodotorula_mucilaginosa_TFCN_25-332P-2	yes
TFCN_25-332Y-1	yes	yes	yes	Rhodotorula_mucilaginosa_TFCN_25-332Y-1	yes
TFCN_25-333C-2	yes	yes	yes	Rhodotorula_mucilaginosa_TFCN_25-333C-2	yes
TFCN_25-333D-1	yes	no	yes	Rhodotorula_sp._clade_I_TFCN_25-333D-1	yes
TFCN_25-333D-5	yes	yes	yes	Rhodotorula_sp._clade_I_TFCN_25-333D-5	yes
TFCN_25-333P-2	yes	yes	yes	Rhodotorula_mucilaginosa_TFCN_25-333P-2	yes
TFCN_25-333P-5	yes	yes	yes	Rhodotorula_paludigena_TFCN_25-333P-5	yes
TFCN_25-333Y-10	yes	yes	yes	Rhodotorula_mucilaginosa_TFCN_25-333Y-10	yes
TFCN_25-333Y-2	yes	yes	yes	Rhodotorula_sp._clade_I_TFCN_25-333Y-2	yes
TFCN_25-333Y-9	yes	yes	yes	Rhodotorula_mucilaginosa_TFCN_25-333Y-9	yes
TFCN_25-334D-3	yes	yes	yes	Rhodotorula_mucilaginosa_TFCN_25-334D-3	yes
TFCN_25-334Y-6	yes	yes	yes	Rhodotorula_mucilaginosa_TFCN_25-334Y-6	yes
TFCN_25-335C-1	yes	yes	yes	Rhodotorula_diobovata_TFCN_25-335C-1	yes
TFCN_25-335P-1	yes	yes	yes	Rhodotorula_diobovata_TFCN_25-335P-1	yes
TFCN_25-335Y-1	yes	yes	yes	Rhodotorula_mucilaginosa_TFCN_25-335Y-1	yes
TFCN_25-337M-3	yes	yes	yes	Rhodotorula_mucilaginosa_TFCN_25-337M-3	yes
TFCN_25-337Y-1	yes	yes	yes	Rhodotorula_mucilaginosa_TFCN_25-337Y-1	yes
TFCN_25-395P-1	yes	yes	yes	Rhodotorula_mucilaginosa_TFCN_25-395P-1	yes
TFCN_270H-1	yes	yes	no		no
TFCN_270H-2	yes	yes	yes	Rhodotorula_mucilaginosa_TFCN_270H-2	yes
TFCN_273H-1	yes	yes	yes	Rhodotorula_mucilaginosa_TFCN_273H-1	yes
TFCN_2M-1-4	yes	yes	yes	Rhodotorula_mucilaginosa_TFCN_2M-1-4	yes
TFCN_2M_1_3	yes	no	no		no
TFCN_33A-4	yes	yes	yes	Rhodotorula_mucilaginosa_TFCN_33A-4	yes
TFCN_340-1	yes	yes	yes	Rhodotorula_mucilaginosa_TFCN_340-1	yes
TFCN_340-3	yes	yes	yes	Rhodotorula_mucilaginosa_TFCN_340-3	yes
TFCN_342-2	yes	no	yes	Rhodotorula_paludigena_TFCN_342-2	yes
TFCN_342-3	yes	yes	yes	Rhodotorula_mucilaginosa_TFCN_342-3	yes
TFCN_357-1	yes	yes	yes	Rhodotorula_taiwanensis_TFCN_357-1	yes
TFCN_363-1-2	yes	yes	yes	Rhodotorula_mucilaginosa_TFCN_363-1-2	yes
TFCN_3M-1-1	yes	yes	yes	Rhodotorula_mucilaginosa_TFCN_3M-1-1	yes
TFCN_404D-1	yes	yes	yes	Rhodotorula_mucilaginosa_TFCN_404D-1	yes
TFCN_43A-4	yes	yes	yes	Rhodotorula_paludigena_TFCN_43A-4	yes
TFCN_48A-10	yes	no	yes	Rhodotorula_paludigena_TFCN_48A-10	yes
TFCN_48A-15	yes	yes	yes	Rhodotorula_paludigena_TFCN_48A-15	yes
TFCN_48A-2	yes	yes	yes	Rhodotorula_paludigena_TFCN_48A-2	yes
TFCN_48A-3	yes	no	yes	Rhodotorula_paludigena_TFCN_48A-3	yes
TFCN_48C-3	yes	no	yes	Rhodotorula_paludigena_TFCN_48C-3	yes
TFCN_48D-10	yes	yes	yes	Rhodotorula_paludigena_TFCN_48D-10	yes
TFCN_48D-4	yes	no	yes	Rhodotorula_paludigena_TFCN_48D-4	yes
TFCN_49A-1	yes	no	yes	Rhodotorula_paludigena_TFCN_49A-1	yes
TFCN_4M-1-2	yes	yes	yes	Rhodotorula_mucilaginosa_TFCN_4M-1-2	yes
TFCN_4M-1-3	yes	yes	yes	Rhodotorula_mucilaginosa_TFCN_4M-1-3	yes
TFCN_4M-1-4	yes	yes	yes	Rhodotorula_mucilaginosa_TFCN_4M-1-4	yes
TFCN_4M-1-5	yes	yes	yes	Rhodotorula_mucilaginosa_TFCN_4M-1-5	yes
TFCN_54D-1	yes	no	yes	Rhodotorula_mucilaginosa_TFCN_54D-1	yes
TFCN_54D-2	yes	yes	yes	Rhodotorula_mucilaginosa_TFCN_54D-2	yes
TFCN_7-9-2	yes	yes	yes	Rhodotorula_diobovata_TFCN_7-9-2	yes
TFCN_7-9-3	yes	yes	yes	Rhodotorula_diobovata_TFCN_7-9-3	yes
TFCN_7W-292-3	yes	yes	yes	Rhodotorula_dairenensis_TFCN_7W-292-3	yes
TFCN_7_6_3	yes	no	no		no
TFCN_86A-12	yes	no	yes	Rhodotorula_mucilaginosa_TFCN_86A-12	yes
TFCN_86A-3	yes	yes	yes	Rhodotorula_mucilaginosa_TFCN_86A-3	yes
TFCN_86A-6	yes	yes	yes	Rhodotorula_sphaerocarpa_TFCN_86A-6	yes
TFCN_86A-8	yes	yes	yes	Rhodotorula_sphaerocarpa_TFCN_86A-8	yes
TFCN_86A_5	yes	no	no		no
TFCN_86C-10	yes	no	yes	Rhodotorula_sphaerocarpa_TFCN_86C-10	yes
TFCN_86C-7	yes	no	yes	Rhodotorula_sp._clade_I_TFCN_86C-7	yes
TFCN_86C-9	yes	yes	yes	Rhodotorula_sphaerocarpa_TFCN_86C-9	yes
TFCN_86C_3	yes	no	no		no
TFCN_89D-3	yes	yes	yes	Rhodotorula_mucilaginosa_TFCN_89D-3	yes
TFCN_98A-10	yes	yes	yes	Rhodotorula_mucilaginosa_TFCN_98A-10	yes
TFCN_98A-5	yes	yes	yes	Rhodotorula_mucilaginosa_TFCN_98A-5	yes
TFCN_98C-3	yes	yes	yes	Rhodotorula_mucilaginosa_TFCN_98C-3	yes
TFCN_98C-5	yes	yes	yes	Rhodotorula_mucilaginosa_TFCN_98C-5	yes
TFCN_98C-7	yes	yes	yes	Rhodotorula_mucilaginosa_TFCN_98C-7	yes
TFCN_98C-8	yes	yes	yes	Rhodotorula_mucilaginosa_TFCN_98C-8	yes
TFCN_98D-11	yes	yes	yes	Rhodotorula_mucilaginosa_TFCN_98D-11	yes
TFCN_98D-7	yes	yes	yes	Rhodotorula_mucilaginosa_TFCN_98D-7	yes
TFCN_98D-9	yes	yes	yes	Rhodotorula_mucilaginosa_TFCN_98D-9	yes
TFCN_S22D-1	yes	yes	yes	Rhodotorula_taiwanensis_TFCN_S22D-1	yes
