sample_name,species,tree_tip,aa_freq_prefix,mean_auc_rate,A,C,D,E,F,G,H,I,K,L,M,N,P,Q,R,S,T,V,W,Y
DBVPG_10075,Cystobasidium sp.,Cystobasidium_sp._DBVPG_10075.proteins,DBVPG10075,23.04426156,0.0943,0.0098,0.0557,0.0612,0.0327,0.0663,0.0237,0.0455,0.0512,0.0867,0.0206,0.038,0.0604,0.044,0.0577,0.0972,0.0616,0.0557,0.0115,0.0261
DBVPG_10383,Rhodotorula kratochvilovae,Rhodotorula_kratochvilovae_DBVPG_10383.proteins,DBVPG10383,6.090803432,0.1266,0.01,0.0543,0.0622,0.0324,0.0759,0.0228,0.0312,0.038,0.0946,0.0156,0.0217,0.0762,0.0339,0.0706,0.0841,0.0533,0.0621,0.0128,0.0217
DBVPG_10619,Rhodotorula mucilaginosa,Rhodotorula_mucilaginosa_DBVPG_10619.proteins,DBVPG10619,23.11930936,0.1136,0.0097,0.057,0.0615,0.0317,0.0727,0.0228,0.0355,0.0405,0.0901,0.0166,0.0265,0.0708,0.0382,0.0688,0.0897,0.0594,0.0606,0.0122,0.0223
DBVPG_10753,Rhodotorula kratochvilovae,Rhodotorula_kratochvilovae_DBVPG_10753.proteins,DBVPG10753,7.930578463,0.1266,0.01,0.0542,0.0622,0.0325,0.0759,0.0229,0.0313,0.038,0.0947,0.0156,0.0217,0.0761,0.0339,0.0704,0.084,0.0533,0.0621,0.0128,0.0217
DBVPG_10780,Rhodotorula mucilaginosa,Rhodotorula_mucilaginosa_DBVPG_10780.proteins,DBVPG10780,21.50649406,0.1136,0.0096,0.057,0.0616,0.0316,0.0728,0.0228,0.0355,0.0406,0.0901,0.0167,0.0265,0.0708,0.0382,0.0688,0.0896,0.0594,0.0605,0.0122,0.0223
DBVPG_10842,Rhodotorula mucilaginosa,Rhodotorula_mucilaginosa_DBVPG_10842.proteins,DBVPG10842,25.3874702,0.1136,0.0097,0.057,0.0614,0.0316,0.0727,0.0228,0.0354,0.0406,0.0901,0.0167,0.0265,0.0708,0.0382,0.0688,0.0897,0.0594,0.0606,0.0121,0.0223
DBVPG_10882,Rhodotorula mucilaginosa,Rhodotorula_mucilaginosa_DBVPG_10882.proteins,DBVPG10882,19.87415163,0.1136,0.0096,0.057,0.0614,0.0316,0.0728,0.0227,0.0354,0.0406,0.0901,0.0167,0.0265,0.0709,0.0383,0.0688,0.0897,0.0594,0.0606,0.0121,0.0223
DBVPG_10886,Rhodotorula mucilaginosa,Rhodotorula_mucilaginosa_DBVPG_10886.proteins,DBVPG10886,17.90002517,0.1136,0.0097,0.057,0.0615,0.0316,0.0726,0.0228,0.0354,0.0405,0.0903,0.0167,0.0264,0.0707,0.0382,0.0689,0.0897,0.0594,0.0606,0.0122,0.0223
DBVPG_10937,Rhodotorula mucilaginosa,Rhodotorula_mucilaginosa_DBVPG_10937.proteins,DBVPG10937,23.11374415,0.1137,0.0096,0.0571,0.0615,0.0316,0.0728,0.0227,0.0355,0.0407,0.09,0.0166,0.0265,0.0708,0.0383,0.0686,0.0897,0.0594,0.0606,0.0121,0.0222
DBVPG_3044,Rhodotorula mucilaginosa,Rhodotorula_mucilaginosa_DBVPG_3044.proteins,DBVPG3044,13.9927273,0.1136,0.0097,0.0571,0.0615,0.0316,0.0727,0.0228,0.0355,0.0406,0.0901,0.0167,0.0264,0.0708,0.0382,0.0687,0.0896,0.0594,0.0605,0.0121,0.0223
DBVPG_3045,Rhodotorula mucilaginosa,Rhodotorula_mucilaginosa_DBVPG_3045.proteins,DBVPG3045,20.6145797,0.1137,0.0096,0.0571,0.0616,0.0316,0.0727,0.0227,0.0355,0.0406,0.0901,0.0167,0.0265,0.0708,0.0383,0.0686,0.0896,0.0594,0.0606,0.0121,0.0223
DBVPG_3090,Rhodotorula mucilaginosa,Rhodotorula_mucilaginosa_DBVPG_3090.proteins,DBVPG3090,25.55786635,0.1136,0.0096,0.0571,0.0615,0.0316,0.0728,0.0228,0.0355,0.0406,0.0901,0.0167,0.0264,0.0708,0.0382,0.0686,0.0896,0.0594,0.0606,0.0121,0.0223
DBVPG_3235,Rhodotorula mucilaginosa,Rhodotorula_mucilaginosa_DBVPG_3235.proteins,DBVPG3235,21.31939289,0.1136,0.0097,0.0571,0.0615,0.0316,0.0727,0.0228,0.0355,0.0406,0.0902,0.0167,0.0265,0.0708,0.0382,0.0687,0.0896,0.0593,0.0605,0.0121,0.0223
DBVPG_3236,Rhodotorula mucilaginosa,Rhodotorula_mucilaginosa_DBVPG_3236.proteins,DBVPG3236,2.486686985,0.1136,0.0097,0.057,0.0616,0.0316,0.0727,0.0228,0.0355,0.0405,0.0903,0.0167,0.0264,0.0708,0.0382,0.0686,0.0895,0.0594,0.0606,0.0121,0.0223
DBVPG_3237,Rhodotorula mucilaginosa,Rhodotorula_mucilaginosa_DBVPG_3237.proteins,DBVPG3237,24.78611094,0.1137,0.0096,0.0571,0.0615,0.0316,0.0728,0.0228,0.0354,0.0406,0.0901,0.0167,0.0265,0.0709,0.0382,0.0686,0.0897,0.0593,0.0606,0.0121,0.0223
DBVPG_3238,Rhodotorula mucilaginosa,Rhodotorula_mucilaginosa_DBVPG_3238.proteins,DBVPG3238,19.97167451,0.1136,0.0096,0.057,0.0615,0.0316,0.0728,0.0228,0.0355,0.0405,0.0901,0.0166,0.0265,0.0709,0.0382,0.0687,0.0897,0.0594,0.0605,0.0121,0.0223
DBVPG_3381,Rhodotorula mucilaginosa,Rhodotorula_mucilaginosa_DBVPG_3381.proteins,DBVPG3381,29.83526913,0.1137,0.0096,0.057,0.0615,0.0316,0.0728,0.0228,0.0355,0.0405,0.0901,0.0166,0.0265,0.0709,0.0382,0.0686,0.0897,0.0594,0.0606,0.0121,0.0223
DBVPG_3382,Rhodotorula mucilaginosa,Rhodotorula_mucilaginosa_DBVPG_3382.proteins,DBVPG3382,26.11511933,0.1137,0.0096,0.057,0.0615,0.0316,0.0728,0.0228,0.0354,0.0405,0.0901,0.0166,0.0265,0.0709,0.0382,0.0686,0.0898,0.0594,0.0606,0.0121,0.0223
DBVPG_3383,Rhodotorula mucilaginosa,Rhodotorula_mucilaginosa_DBVPG_3383.proteins,DBVPG3383,25.01741785,0.1137,0.0096,0.057,0.0615,0.0316,0.0728,0.0228,0.0354,0.0405,0.0901,0.0166,0.0265,0.0709,0.0382,0.0686,0.0897,0.0594,0.0606,0.0121,0.0223
DBVPG_3384,Rhodotorula mucilaginosa,Rhodotorula_mucilaginosa_DBVPG_3384.proteins,DBVPG3384,23.70708552,0.1137,0.0096,0.057,0.0615,0.0316,0.0728,0.0228,0.0355,0.0405,0.0901,0.0167,0.0265,0.0709,0.0382,0.0686,0.0897,0.0594,0.0606,0.0121,0.0223
DBVPG_3442,Rhodotorula mucilaginosa,Rhodotorula_mucilaginosa_DBVPG_3442.proteins,DBVPG3442,23.1692715,0.1136,0.0097,0.057,0.0614,0.0316,0.0727,0.0228,0.0354,0.0405,0.0901,0.0167,0.0264,0.071,0.0382,0.0688,0.0897,0.0594,0.0605,0.0121,0.0223
DBVPG_3443,Rhodotorula mucilaginosa,Rhodotorula_mucilaginosa_DBVPG_3443.proteins,DBVPG3443,23.91237763,0.1136,0.0097,0.057,0.0614,0.0316,0.0727,0.0228,0.0354,0.0405,0.0901,0.0167,0.0264,0.071,0.0382,0.0689,0.0898,0.0594,0.0605,0.0121,0.0223
DBVPG_3444,Rhodotorula mucilaginosa,Rhodotorula_mucilaginosa_DBVPG_3444.proteins,DBVPG3444,21.31550249,0.1135,0.0095,0.0571,0.0616,0.0317,0.0729,0.0227,0.0357,0.0407,0.0901,0.0167,0.0266,0.0705,0.0383,0.0682,0.0893,0.0594,0.0608,0.0121,0.0224
DBVPG_3768,Rhodotorula dairenensis,Rhodotorula_dairenensis_DBVPG_3768.proteins,DBVPG3768,17.20135239,0.117,0.0093,0.0584,0.0599,0.0314,0.0741,0.0232,0.0346,0.0393,0.0903,0.0162,0.0256,0.0712,0.0374,0.0691,0.0867,0.0586,0.0629,0.0121,0.0225
DBVPG_3769,Rhodotorula dairenensis,Rhodotorula_dairenensis_DBVPG_3769.proteins,DBVPG3769,27.75326403,0.117,0.0093,0.0584,0.0599,0.0315,0.074,0.0232,0.0346,0.0394,0.0904,0.0163,0.0257,0.0711,0.0374,0.0691,0.0867,0.0586,0.0629,0.0122,0.0226
DBVPG_3770,Rhodotorula dairenensis,Rhodotorula_dairenensis_DBVPG_3770.proteins,DBVPG3770,18.21835666,0.117,0.0092,0.0584,0.06,0.0315,0.0742,0.0231,0.0346,0.0394,0.0903,0.0162,0.0256,0.0712,0.0374,0.0692,0.0867,0.0586,0.0629,0.0121,0.0225
DBVPG_3772,Rhodotorula dairenensis,Rhodotorula_dairenensis_DBVPG_3772.proteins,DBVPG3772,22.23849117,0.1169,0.0093,0.0584,0.0599,0.0315,0.0741,0.0232,0.0346,0.0394,0.0904,0.0162,0.0257,0.0711,0.0373,0.0691,0.0866,0.0586,0.0629,0.0122,0.0226
DBVPG_3773,Rhodotorula dairenensis,Rhodotorula_dairenensis_DBVPG_3773.proteins,DBVPG3773,22.25502792,0.1171,0.0093,0.0583,0.0599,0.0314,0.0741,0.0232,0.0346,0.0395,0.0903,0.0163,0.0257,0.0711,0.0374,0.0691,0.0865,0.0586,0.0629,0.0121,0.0226
DBVPG_3774,Rhodotorula mucilaginosa,Rhodotorula_mucilaginosa_DBVPG_3774.proteins,DBVPG3774,25.47508748,0.1137,0.0096,0.057,0.0615,0.0316,0.0728,0.0228,0.0354,0.0405,0.0901,0.0166,0.0265,0.0709,0.0382,0.0686,0.0897,0.0594,0.0605,0.0121,0.0223
DBVPG_3775,Rhodotorula mucilaginosa,Rhodotorula_mucilaginosa_DBVPG_3775.proteins,DBVPG3775,22.19352432,0.1136,0.0097,0.057,0.0614,0.0316,0.0727,0.0228,0.0354,0.0405,0.0902,0.0167,0.0264,0.071,0.0382,0.0688,0.0898,0.0594,0.0606,0.0121,0.0223
DBVPG_3776,Rhodotorula mucilaginosa,Rhodotorula_mucilaginosa_DBVPG_3776.proteins,DBVPG3776,27.47656897,0.1136,0.0097,0.057,0.0614,0.0315,0.0727,0.0228,0.0354,0.0405,0.0901,0.0167,0.0264,0.071,0.0383,0.0688,0.0898,0.0594,0.0605,0.0121,0.0223
DBVPG_3777,Rhodotorula mucilaginosa,Rhodotorula_mucilaginosa_DBVPG_3777.proteins,DBVPG3777,26.03573514,0.1136,0.0097,0.057,0.0614,0.0316,0.0727,0.0228,0.0354,0.0405,0.0901,0.0167,0.0264,0.071,0.0382,0.0688,0.0898,0.0594,0.0605,0.0121,0.0223
DBVPG_3778,Rhodotorula mucilaginosa,Rhodotorula_mucilaginosa_DBVPG_3778.proteins,DBVPG3778,22.87816217,0.1136,0.0097,0.057,0.0614,0.0316,0.0727,0.0228,0.0354,0.0405,0.0901,0.0167,0.0264,0.071,0.0382,0.0688,0.0898,0.0594,0.0605,0.0121,0.0223
DBVPG_3780,Rhodotorula mucilaginosa,Rhodotorula_mucilaginosa_DBVPG_3780.proteins,DBVPG3780,23.77218526,0.1136,0.0097,0.057,0.0615,0.0316,0.0727,0.0227,0.0354,0.0406,0.09,0.0167,0.0265,0.071,0.0382,0.0688,0.0897,0.0594,0.0606,0.0122,0.0223
DBVPG_3854,Rhodotorula mucilaginosa,Rhodotorula_mucilaginosa_DBVPG_3854.proteins,DBVPG3854,20.44144313,0.1136,0.0095,0.0573,0.0617,0.0317,0.0727,0.0227,0.0354,0.0406,0.0904,0.0166,0.0265,0.071,0.0382,0.0684,0.0892,0.0594,0.0606,0.0122,0.0223
DBVPG_3855,Rhodotorula mucilaginosa,Rhodotorula_mucilaginosa_DBVPG_3855.proteins,DBVPG3855,17.56352971,0.1139,0.0097,0.0569,0.0615,0.0315,0.0728,0.0227,0.0354,0.0407,0.0898,0.0168,0.0265,0.0712,0.0382,0.0686,0.0897,0.0593,0.0605,0.012,0.0222
DBVPG_3856,Rhodotorula mucilaginosa,Rhodotorula_mucilaginosa_DBVPG_3856.proteins,DBVPG3856,23.0022899,0.1136,0.0095,0.0573,0.0616,0.0317,0.0727,0.0228,0.0354,0.0405,0.0904,0.0167,0.0264,0.0709,0.0381,0.0685,0.0893,0.0594,0.0606,0.0121,0.0223
DBVPG_3857,Rhodotorula mucilaginosa,Rhodotorula_mucilaginosa_DBVPG_3857.proteins,DBVPG3857,19.4866078,0.1136,0.0095,0.0572,0.0616,0.0316,0.0728,0.0228,0.0354,0.0405,0.0903,0.0166,0.0264,0.071,0.0382,0.0685,0.0894,0.0594,0.0606,0.0121,0.0223
DBVPG_3858,Rhodotorula mucilaginosa,Rhodotorula_mucilaginosa_DBVPG_3858.proteins,DBVPG3858,29.07634131,0.1136,0.0097,0.057,0.0614,0.0316,0.0728,0.0228,0.0354,0.0405,0.0901,0.0167,0.0265,0.0709,0.0382,0.0688,0.0898,0.0594,0.0605,0.0121,0.0223
DBVPG_3983,Rhodotorula mucilaginosa,Rhodotorula_mucilaginosa_DBVPG_3983.proteins,DBVPG3983,23.20333167,0.1136,0.0097,0.0571,0.0615,0.0316,0.0728,0.0228,0.0355,0.0406,0.0901,0.0167,0.0265,0.0707,0.0382,0.0687,0.0896,0.0593,0.0605,0.0121,0.0223
DBVPG_3984,Rhodotorula mucilaginosa,Rhodotorula_mucilaginosa_DBVPG_3984.proteins,DBVPG3984,29.25470184,0.1136,0.0096,0.0571,0.0615,0.0316,0.0728,0.0228,0.0355,0.0406,0.0901,0.0167,0.0264,0.0708,0.0382,0.0687,0.0897,0.0593,0.0605,0.0121,0.0223
DBVPG_4201,Rhodotorula mucilaginosa,Rhodotorula_mucilaginosa_DBVPG_4201.proteins,DBVPG4201,26.74685287,0.1136,0.0096,0.057,0.0615,0.0316,0.0727,0.0228,0.0355,0.0405,0.0902,0.0167,0.0265,0.0709,0.0382,0.0687,0.0896,0.0593,0.0606,0.0121,0.0223
DBVPG_4202,Rhodotorula mucilaginosa,Rhodotorula_mucilaginosa_DBVPG_4202.proteins,DBVPG4202,25.62148454,0.1136,0.0096,0.057,0.0615,0.0316,0.0728,0.0228,0.0355,0.0406,0.0902,0.0167,0.0265,0.0709,0.0382,0.0687,0.0896,0.0594,0.0605,0.0121,0.0223
DBVPG_4203,Rhodotorula mucilaginosa,Rhodotorula_mucilaginosa_DBVPG_4203.proteins,DBVPG4203,25.43359778,0.1136,0.0096,0.057,0.0615,0.0316,0.0728,0.0228,0.0354,0.0405,0.0901,0.0166,0.0265,0.0709,0.0382,0.0687,0.0897,0.0594,0.0605,0.0121,0.0223
DBVPG_4304,Rhodotorula mucilaginosa,Rhodotorula_mucilaginosa_DBVPG_4304.proteins,DBVPG4304,24.97061722,0.1135,0.0097,0.057,0.0615,0.0316,0.0728,0.0228,0.0354,0.0406,0.0902,0.0167,0.0265,0.0708,0.0382,0.0688,0.0897,0.0594,0.0606,0.0121,0.0223
DBVPG_4376,Rhodotorula mucilaginosa,Rhodotorula_mucilaginosa_DBVPG_4376.proteins,DBVPG4376,21.5740374,0.1137,0.0096,0.0571,0.0615,0.0316,0.0728,0.0228,0.0354,0.0405,0.0901,0.0166,0.0265,0.0709,0.0382,0.0687,0.0897,0.0594,0.0605,0.0121,0.0223
DBVPG_4378,Rhodotorula mucilaginosa,Rhodotorula_mucilaginosa_DBVPG_4378.proteins,DBVPG4378,22.46932495,0.1136,0.0097,0.057,0.0614,0.0316,0.0728,0.0228,0.0354,0.0405,0.0901,0.0167,0.0265,0.0709,0.0382,0.0688,0.0898,0.0594,0.0606,0.0121,0.0223
DBVPG_4380,Rhodotorula mucilaginosa,Rhodotorula_mucilaginosa_DBVPG_4380.proteins,DBVPG4380,20.38654859,0.113,0.0094,0.0573,0.0615,0.0318,0.0726,0.0229,0.0361,0.0408,0.0908,0.0168,0.0267,0.0698,0.0384,0.0681,0.0882,0.0595,0.0611,0.0123,0.0227
DBVPG_4408,Rhodotorula mucilaginosa,Rhodotorula_mucilaginosa_DBVPG_4408.proteins,DBVPG4408,20.26167224,0.1136,0.0097,0.0571,0.0616,0.0316,0.0728,0.0228,0.0354,0.0406,0.0902,0.0166,0.0265,0.0707,0.0381,0.0687,0.0895,0.0593,0.0606,0.0122,0.0223
DBVPG_4466,Rhodotorula mucilaginosa,Rhodotorula_mucilaginosa_DBVPG_4466.proteins,DBVPG4466,24.32180507,0.1136,0.0097,0.0569,0.0614,0.0316,0.0728,0.0228,0.0354,0.0405,0.0902,0.0167,0.0265,0.0708,0.0382,0.0688,0.0897,0.0594,0.0606,0.0121,0.0223
DBVPG_4534,Rhodotorula mucilaginosa,Rhodotorula_mucilaginosa_DBVPG_4534.proteins,DBVPG4534,18.28030265,0.1135,0.0093,0.0573,0.0618,0.0318,0.0728,0.0226,0.0362,0.041,0.0903,0.0167,0.027,0.0699,0.0385,0.0675,0.0888,0.0594,0.061,0.0121,0.0226
DBVPG_4618,Rhodotorula mucilaginosa,Rhodotorula_mucilaginosa_DBVPG_4618.proteins,DBVPG4618,16.50590093,0.1135,0.0097,0.057,0.0615,0.0316,0.0727,0.0228,0.0354,0.0406,0.0901,0.0167,0.0265,0.0709,0.0383,0.0687,0.0897,0.0593,0.0606,0.0122,0.0223
DBVPG_4669,Rhodotorula mucilaginosa,Rhodotorula_mucilaginosa_DBVPG_4669.proteins,DBVPG4669,24.00352902,0.1135,0.0097,0.0569,0.0615,0.0316,0.0729,0.0228,0.0355,0.0405,0.0902,0.0166,0.0265,0.0707,0.0382,0.0688,0.0897,0.0594,0.0606,0.0121,0.0223
DBVPG_4920,Rhodotorula mucilaginosa,Rhodotorula_mucilaginosa_DBVPG_4920.proteins,DBVPG4920,20.93218639,0.1136,0.0097,0.057,0.0614,0.0316,0.0727,0.0228,0.0354,0.0405,0.0901,0.0167,0.0265,0.0709,0.0382,0.0688,0.0897,0.0594,0.0605,0.0121,0.0223
DBVPG_4945,Rhodotorula mucilaginosa,Rhodotorula_mucilaginosa_DBVPG_4945.proteins,DBVPG4945,25.51658548,0.1136,0.0097,0.057,0.0615,0.0316,0.0727,0.0228,0.0354,0.0405,0.0903,0.0167,0.0265,0.0708,0.0382,0.0687,0.0896,0.0594,0.0606,0.0121,0.0223
DBVPG_4946,Rhodotorula mucilaginosa,Rhodotorula_mucilaginosa_DBVPG_4946.proteins,DBVPG4946,25.10678564,0.1136,0.0097,0.057,0.0614,0.0316,0.0727,0.0228,0.0354,0.0405,0.0902,0.0167,0.0264,0.0709,0.0382,0.0688,0.0898,0.0594,0.0605,0.0121,0.0223
DBVPG_4947,Rhodotorula mucilaginosa,Rhodotorula_mucilaginosa_DBVPG_4947.proteins,DBVPG4947,29.32687081,0.1136,0.0097,0.057,0.0614,0.0316,0.0727,0.0228,0.0355,0.0405,0.0902,0.0167,0.0265,0.0709,0.0382,0.0688,0.0897,0.0593,0.0606,0.0121,0.0223
DBVPG_4949,Rhodotorula mucilaginosa,Rhodotorula_mucilaginosa_DBVPG_4949.proteins,DBVPG4949,22.35962909,0.1135,0.0096,0.0571,0.0616,0.0316,0.0727,0.0228,0.0355,0.0405,0.0902,0.0166,0.0265,0.0708,0.0382,0.0688,0.0897,0.0594,0.0605,0.0121,0.0223
DBVPG_4956,Rhodotorula mucilaginosa,Rhodotorula_mucilaginosa_DBVPG_4956.proteins,DBVPG4956,24.30947492,0.1136,0.0096,0.057,0.0615,0.0316,0.0728,0.0228,0.0355,0.0405,0.0901,0.0166,0.0265,0.0708,0.0382,0.0688,0.0898,0.0594,0.0605,0.0121,0.0223
DBVPG_4957,Rhodotorula mucilaginosa,Rhodotorula_mucilaginosa_DBVPG_4957.proteins,DBVPG4957,23.32944024,0.1136,0.0096,0.057,0.0615,0.0316,0.0727,0.0228,0.0355,0.0406,0.0901,0.0166,0.0265,0.0708,0.0383,0.0688,0.0896,0.0593,0.0606,0.0121,0.0223
DBVPG_4958,Rhodotorula mucilaginosa,Rhodotorula_mucilaginosa_DBVPG_4958.proteins,DBVPG4958,19.57003458,0.1136,0.0096,0.0571,0.0615,0.0316,0.0728,0.0228,0.0355,0.0406,0.0901,0.0166,0.0265,0.0707,0.0382,0.0686,0.0896,0.0594,0.0606,0.0121,0.0223
DBVPG_4962,Rhodotorula mucilaginosa,Rhodotorula_mucilaginosa_DBVPG_4962.proteins,DBVPG4962,24.83513627,0.1136,0.0097,0.057,0.0614,0.0316,0.0727,0.0228,0.0354,0.0406,0.0902,0.0167,0.0265,0.0709,0.0382,0.0688,0.0897,0.0594,0.0605,0.0121,0.0223
DBVPG_4963,Rhodotorula mucilaginosa,Rhodotorula_mucilaginosa_DBVPG_4963.proteins,DBVPG4963,23.21289994,0.1136,0.0097,0.057,0.0614,0.0315,0.0727,0.0228,0.0354,0.0405,0.0901,0.0167,0.0265,0.071,0.0382,0.0689,0.0898,0.0594,0.0605,0.0121,0.0223
DBVPG_4964,Rhodotorula mucilaginosa,Rhodotorula_mucilaginosa_DBVPG_4964.proteins,DBVPG4964,16.21948858,0.1136,0.0096,0.057,0.0616,0.0316,0.0728,0.0227,0.0355,0.0406,0.0901,0.0167,0.0265,0.0708,0.0382,0.0687,0.0897,0.0594,0.0606,0.0121,0.0223
DBVPG_5225,Rhodotorula mucilaginosa,Rhodotorula_mucilaginosa_DBVPG_5225.proteins,DBVPG5225,24.13093889,0.1137,0.0096,0.057,0.0614,0.0315,0.0727,0.0228,0.0354,0.0406,0.0901,0.0167,0.0265,0.0709,0.0382,0.0688,0.0897,0.0593,0.0606,0.0121,0.0223
DBVPG_5226,Rhodotorula mucilaginosa,Rhodotorula_mucilaginosa_DBVPG_5226.proteins,DBVPG5226,27.48222749,0.1137,0.0096,0.057,0.0614,0.0316,0.0727,0.0228,0.0354,0.0406,0.0902,0.0167,0.0265,0.0709,0.0383,0.0688,0.0896,0.0593,0.0606,0.0121,0.0222
DBVPG_5227,Rhodotorula mucilaginosa,Rhodotorula_mucilaginosa_DBVPG_5227.proteins,DBVPG5227,22.56044183,0.1136,0.0096,0.057,0.0615,0.0316,0.0728,0.0227,0.0354,0.0406,0.0901,0.0167,0.0265,0.0709,0.0382,0.0687,0.0897,0.0593,0.0606,0.0121,0.0223
DBVPG_5228,Rhodotorula mucilaginosa,Rhodotorula_mucilaginosa_DBVPG_5228.proteins,DBVPG5228,23.42394362,0.1136,0.0096,0.057,0.0614,0.0316,0.0728,0.0227,0.0354,0.0406,0.0901,0.0167,0.0265,0.0709,0.0383,0.0688,0.0897,0.0593,0.0606,0.0121,0.0223
DBVPG_5229,Rhodotorula mucilaginosa,Rhodotorula_mucilaginosa_DBVPG_5229.proteins,DBVPG5229,21.72444256,0.1135,0.0096,0.057,0.0614,0.0316,0.0727,0.0227,0.0355,0.0405,0.0902,0.0166,0.0265,0.0709,0.0382,0.0687,0.0898,0.0594,0.0606,0.0121,0.0223
DBVPG_5235,Rhodotorula mucilaginosa,Rhodotorula_mucilaginosa_DBVPG_5235.proteins,DBVPG5235,24.8936214,0.1136,0.0096,0.057,0.0615,0.0316,0.0727,0.0228,0.0354,0.0406,0.0901,0.0166,0.0265,0.0709,0.0383,0.0687,0.0896,0.0593,0.0606,0.0121,0.0223
DBVPG_5236,Rhodotorula mucilaginosa,Rhodotorula_mucilaginosa_DBVPG_5236.proteins,DBVPG5236,23.46507539,0.1135,0.0097,0.057,0.0614,0.0316,0.0728,0.0228,0.0354,0.0405,0.0902,0.0167,0.0265,0.0708,0.0382,0.0688,0.0897,0.0594,0.0606,0.0121,0.0223
DBVPG_5757,Rhodotorula mucilaginosa,Rhodotorula_mucilaginosa_DBVPG_5757.proteins,DBVPG5757,18.16158768,0.1136,0.0096,0.057,0.0616,0.0317,0.0729,0.0228,0.0355,0.0406,0.0901,0.0166,0.0265,0.0707,0.0382,0.0686,0.0896,0.0593,0.0606,0.0122,0.0223
DBVPG_5758,Rhodotorula mucilaginosa,Rhodotorula_mucilaginosa_DBVPG_5758.proteins,DBVPG5758,21.50761609,0.1135,0.0096,0.057,0.0615,0.0316,0.0728,0.0228,0.0355,0.0406,0.0902,0.0166,0.0265,0.0708,0.0381,0.0687,0.0897,0.0593,0.0605,0.0122,0.0223
DBVPG_5759,Rhodotorula mucilaginosa,Rhodotorula_mucilaginosa_DBVPG_5759.proteins,DBVPG5759,19.2848049,0.1136,0.0096,0.057,0.0615,0.0316,0.0728,0.0228,0.0354,0.0406,0.0902,0.0166,0.0265,0.0709,0.0382,0.0687,0.0897,0.0593,0.0606,0.0122,0.0223
DBVPG_6081,Rhodotorula glutinis,Rhodotorula_glutinis_DBVPG_6081.proteins,DBVPG6081,20.5027828,0.1217,0.0094,0.0584,0.0577,0.031,0.077,0.0242,0.0293,0.0368,0.0925,0.0151,0.0211,0.0752,0.0343,0.0712,0.0922,0.0544,0.065,0.0123,0.0208
DBVPG_6083,Rhodotorula graminis,Rhodotorula_graminis_DBVPG_6083.proteins,DBVPG6083,17.64377574,0.1196,0.0094,0.0607,0.0581,0.0331,0.0773,0.0238,0.032,0.0404,0.0935,0.016,0.0232,0.0683,0.0354,0.0672,0.086,0.054,0.0669,0.0126,0.0223
DBVPG_6091,Rhodotorula mucilaginosa,Rhodotorula_mucilaginosa_DBVPG_6091.proteins,DBVPG6091,24.91900263,0.1136,0.0097,0.057,0.0614,0.0316,0.0727,0.0228,0.0354,0.0405,0.0902,0.0167,0.0265,0.071,0.0382,0.0688,0.0897,0.0594,0.0606,0.0121,0.0223
DBVPG_6092,Rhodotorula mucilaginosa,Rhodotorula_mucilaginosa_DBVPG_6092.proteins,DBVPG6092,21.60916696,0.1136,0.0097,0.057,0.0614,0.0315,0.0727,0.0228,0.0354,0.0405,0.0901,0.0167,0.0264,0.071,0.0382,0.0689,0.0898,0.0594,0.0606,0.0121,0.0223
DBVPG_6093,Rhodotorula mucilaginosa,Rhodotorula_mucilaginosa_DBVPG_6093.proteins,DBVPG6093,18.5472794,0.1135,0.0097,0.057,0.0615,0.0316,0.0728,0.0228,0.0355,0.0406,0.09,0.0167,0.0265,0.0708,0.0383,0.0687,0.0895,0.0594,0.0605,0.0121,0.0223
DBVPG_6195,Rhodotorula diobovata,Rhodotorula_diobovata_DBVPG_6195.proteins,DBVPG6195,16.42027428,0.1235,0.0095,0.0575,0.0599,0.0315,0.0794,0.0234,0.0291,0.0375,0.0927,0.0151,0.0217,0.0745,0.0352,0.0703,0.0873,0.0543,0.0641,0.0126,0.0208
DBVPG_6202,Rhodotorula diobovata,Rhodotorula_diobovata_DBVPG_6202.proteins,DBVPG6202,19.98733447,0.1235,0.0095,0.0576,0.0599,0.0314,0.0794,0.0234,0.0291,0.0375,0.0927,0.0151,0.0216,0.0746,0.0352,0.0705,0.0873,0.0543,0.0641,0.0126,0.0208
DBVPG_6593,Rhodotorula mucilaginosa,Rhodotorula_mucilaginosa_DBVPG_6593.proteins,DBVPG6593,23.32772859,0.1137,0.0097,0.057,0.0614,0.0316,0.0727,0.0228,0.0354,0.0405,0.0901,0.0167,0.0265,0.071,0.0382,0.0688,0.0898,0.0594,0.0605,0.0121,0.0222
DBVPG_6660,Rhodotorula mucilaginosa,Rhodotorula_mucilaginosa_DBVPG_6660.proteins,DBVPG6660,21.44806017,0.1139,0.0092,0.0575,0.0622,0.0317,0.0728,0.0226,0.0356,0.0409,0.0904,0.0166,0.0266,0.0705,0.0383,0.0679,0.0887,0.0592,0.0608,0.0121,0.0224
DBVPG_6740,Pseudomicrostroma phylloplanum,Pseudomicrostroma_phylloplanum_DBVPG_6740.proteins,DBVPG6740,21.36406731,0.1155,0.0093,0.0512,0.0637,0.0334,0.081,0.0223,0.0347,0.0435,0.0939,0.0173,0.0266,0.0685,0.0367,0.0625,0.0819,0.0559,0.0666,0.0133,0.0222
DBVPG_7021,Rhodotorula graminis,Rhodotorula_graminis_DBVPG_7021.proteins,DBVPG7021,10.55209411,0.1205,0.0095,0.0607,0.0581,0.0327,0.0778,0.024,0.0313,0.0395,0.0936,0.0158,0.0227,0.0689,0.0351,0.0681,0.0862,0.0539,0.0668,0.0127,0.0221
DBVPG_7316,Rhodotorula paludigena,Rhodotorula_paludigena_DBVPG_7316.proteins,DBVPG7316,24.35055475,0.1199,0.0095,0.0572,0.0609,0.0329,0.0745,0.023,0.0332,0.0398,0.0933,0.0159,0.0238,0.0724,0.0366,0.068,0.0878,0.054,0.0625,0.0127,0.0223
DBVPG_7323,Rhodotorula paludigena,Rhodotorula_paludigena_DBVPG_7323.proteins,DBVPG7323,13.8155065,0.1199,0.0095,0.0572,0.0609,0.0329,0.0744,0.0229,0.0332,0.0397,0.0934,0.0158,0.0237,0.0724,0.0365,0.068,0.088,0.054,0.0625,0.0127,0.0223
DBVPG_7539,Rhodotorula kratochvilovae,Rhodotorula_kratochvilovae_DBVPG_7539.proteins,DBVPG7539,7.639441236,0.1267,0.01,0.0544,0.0624,0.0325,0.076,0.0228,0.0313,0.0381,0.0946,0.0156,0.0218,0.0758,0.0339,0.0702,0.0837,0.0532,0.0622,0.0128,0.0218
DBVPG_8058,Rhodotorula sp_clade_I,Rhodotorula_sp._clade_I_DBVPG_8058.proteins,DBVPG8058,23.96362788,0.1254,0.0092,0.0589,0.0572,0.0313,0.0768,0.0239,0.0294,0.0371,0.0931,0.015,0.021,0.0751,0.035,0.07,0.0913,0.0538,0.0635,0.0122,0.021
TFCN_17-328C-3,Rhodotorula sp_clade_I,Rhodotorula_sp._clade_I_TFCN_17-328C-3.proteins,TFCN17328C3,22.10189574,0.1252,0.0092,0.0588,0.0572,0.0313,0.0766,0.0239,0.0295,0.037,0.0932,0.015,0.021,0.0751,0.035,0.0701,0.0913,0.0538,0.0635,0.0123,0.021
TFCN_17-334Y-6,Rhodotorula diobovata,Rhodotorula_diobovata_TFCN_17-334Y-6.proteins,TFCN17334Y6,18.91621303,0.1235,0.0095,0.0575,0.06,0.0314,0.0793,0.0234,0.029,0.0375,0.0927,0.015,0.0217,0.0745,0.0351,0.0705,0.0873,0.0544,0.0642,0.0126,0.0208
TFCN_1A-1-2,Rhodotorula mucilaginosa,Rhodotorula_paludigena_TFCN_1A-1-2.proteins,TFCN1A12,22.87270606,0.1139,0.0093,0.0575,0.062,0.0318,0.073,0.0227,0.0358,0.041,0.0903,0.0166,0.0267,0.0703,0.0383,0.0676,0.0886,0.0592,0.0608,0.0121,0.0225
TFCN_1A-1-3,Rhodotorula mucilaginosa,Rhodotorula_pacifica_TFCN_1A-1-3.proteins,TFCN1A13,25.03112434,0.1136,0.0097,0.057,0.0614,0.0316,0.0727,0.0228,0.0355,0.0405,0.0902,0.0167,0.0265,0.0708,0.0382,0.0688,0.0897,0.0594,0.0606,0.0121,0.0223
TFCN_1B-1-2,Rhodotorula mucilaginosa,Rhodotorula_pacifica_TFCN_1B-1-2.proteins,TFCN1B12,25.44957378,0.1136,0.0097,0.0569,0.0614,0.0317,0.0727,0.0228,0.0354,0.0404,0.0902,0.0167,0.0265,0.0709,0.0382,0.0688,0.0897,0.0594,0.0605,0.0122,0.0223
TFCN_222A-2,Rhodotorula sp_clade_I,Rhodotorula_sp._clade_I_TFCN_222A-2.proteins,TFCN222A2,26.55615047,0.1253,0.0092,0.0589,0.0573,0.0313,0.0769,0.0239,0.0295,0.037,0.0931,0.015,0.021,0.075,0.0349,0.0701,0.0912,0.0537,0.0634,0.0123,0.021
TFCN_25-333P-5,Rhodotorula paludigena,Rhodotorula_paludigena_TFCN_25-333P-5.proteins,TFCN25333P5,22.92053482,0.1199,0.0095,0.0573,0.0609,0.0329,0.0746,0.023,0.0332,0.0397,0.0933,0.0159,0.0238,0.0724,0.0365,0.0681,0.0879,0.054,0.0624,0.0127,0.0223
TFCN_25-335C-1,Rhodotorula diobovata,Rhodotorula_diobovata_TFCN_25-335C-1.proteins,TFCN25335C1,19.96227607,0.1234,0.0095,0.0576,0.0599,0.0314,0.0793,0.0234,0.029,0.0376,0.0927,0.0151,0.0217,0.0746,0.0352,0.0705,0.0874,0.0543,0.0641,0.0126,0.0208
TFCN_25-335P-1,Rhodotorula diobovata,Rhodotorula_diobovata_TFCN_25-335P-1.proteins,TFCN25335P1,17.1437508,0.1222,0.0096,0.0578,0.06,0.0317,0.0784,0.0236,0.0293,0.0378,0.0933,0.0152,0.0219,0.0738,0.0352,0.0703,0.0872,0.0545,0.0644,0.0127,0.0209
TFCN_270H-2,Rhodotorula mucilaginosa,Rhodotorula_mucilaginosa_TFCN_270H-2.proteins,TFCN270H2,21.02843845,0.1135,0.0096,0.057,0.0615,0.0316,0.0728,0.0228,0.0355,0.0406,0.0903,0.0167,0.0265,0.0707,0.0382,0.0687,0.0896,0.0594,0.0606,0.0121,0.0223
TFCN_273H-1,Rhodotorula mucilaginosa,Rhodotorula_mucilaginosa_TFCN_273H-1.proteins,TFCN273H1,21.21164228,0.1136,0.0096,0.057,0.0615,0.0316,0.0728,0.0228,0.0355,0.0405,0.09,0.0166,0.0265,0.0709,0.0382,0.0688,0.0898,0.0594,0.0605,0.0121,0.0223
TFCN_2M-1-4,Rhodotorula mucilaginosa,Rhodotorula_mucilaginosa_TFCN_2M-1-4.proteins,TFCN2M14,22.34794577,0.1136,0.0096,0.057,0.0615,0.0316,0.0728,0.0228,0.0355,0.0406,0.0901,0.0166,0.0265,0.0708,0.0382,0.0688,0.0897,0.0594,0.0605,0.0121,0.0223
TFCN_33A-4,Rhodotorula mucilaginosa,Rhodotorula_mucilaginosa_TFCN_33A-4.proteins,TFCN33A4,18.52114955,0.1134,0.0092,0.0574,0.0619,0.0319,0.0729,0.0226,0.0362,0.0411,0.0903,0.0167,0.027,0.0698,0.0385,0.0675,0.0887,0.0593,0.0611,0.0121,0.0225
TFCN_340-1,Rhodotorula mucilaginosa,Rhodotorula_mucilaginosa_TFCN_340-1.proteins,TFCN3401,23.18669013,0.1136,0.0096,0.057,0.0615,0.0316,0.0728,0.0228,0.0355,0.0405,0.0901,0.0166,0.0265,0.0708,0.0382,0.0687,0.0898,0.0594,0.0605,0.0121,0.0223
TFCN_340-3,Rhodotorula mucilaginosa,Rhodotorula_mucilaginosa_TFCN_340-3.proteins,TFCN3403,22.67611241,0.1136,0.0096,0.057,0.0615,0.0316,0.0728,0.0228,0.0355,0.0405,0.0901,0.0166,0.0265,0.0708,0.0382,0.0687,0.0897,0.0594,0.0606,0.0121,0.0223
TFCN_342-3,Rhodotorula mucilaginosa,Rhodotorula_mucilaginosa_TFCN_342-3.proteins,TFCN3423,23.46499789,0.1138,0.0093,0.0575,0.062,0.0317,0.073,0.0227,0.0359,0.0411,0.0903,0.0167,0.0267,0.0702,0.0383,0.0675,0.0886,0.0591,0.0609,0.0121,0.0225
TFCN_363-1-2,Rhodotorula mucilaginosa,Rhodotorula_mucilaginosa_TFCN_363-1-2.proteins,TFCN36312,22.71647793,0.1138,0.0093,0.0575,0.0621,0.0317,0.0729,0.0227,0.0358,0.041,0.0904,0.0166,0.0267,0.0702,0.0383,0.0676,0.0886,0.0592,0.0609,0.0121,0.0225
TFCN_3M-1-1,Rhodotorula mucilaginosa,Rhodotorula_mucilaginosa_TFCN_3M-1-1.proteins,TFCN3M11,23.10906211,0.1143,0.0093,0.0575,0.0622,0.0313,0.0726,0.0228,0.0349,0.0404,0.0901,0.0164,0.0262,0.0709,0.0383,0.0704,0.089,0.0591,0.0604,0.012,0.0219
TFCN_404D-1,Rhodotorula mucilaginosa,Rhodotorula_mucilaginosa_TFCN_404D-1.proteins,TFCN404D1,25.66596149,0.1135,0.0095,0.0571,0.0615,0.0317,0.0727,0.0228,0.0358,0.0406,0.0902,0.0167,0.0267,0.0705,0.0383,0.0683,0.0894,0.0594,0.0607,0.0122,0.0224
TFCN_43A-4,Rhodotorula paludigena,Rhodotorula_paludigena_TFCN_43A-4.proteins,TFCN43A4,23.68053102,0.1198,0.0096,0.0573,0.0609,0.0329,0.0745,0.023,0.0333,0.0398,0.0934,0.0159,0.0238,0.0723,0.0365,0.068,0.0877,0.054,0.0625,0.0127,0.0223
TFCN_48A-15,Rhodotorula paludigena,Rhodotorula_paludigena_TFCN_48A-15.proteins,TFCN48A15,20.63184716,0.12,0.0095,0.0572,0.0608,0.0329,0.0745,0.0229,0.0332,0.0397,0.0934,0.0159,0.0237,0.0725,0.0365,0.068,0.0878,0.054,0.0625,0.0127,0.0223
TFCN_48A-2,Rhodotorula paludigena,Rhodotorula_paludigena_TFCN_48A-2.proteins,TFCN48A2,21.81751424,0.1199,0.0095,0.0572,0.0609,0.0329,0.0745,0.023,0.0333,0.0398,0.0933,0.0159,0.0237,0.0724,0.0365,0.0681,0.0878,0.0539,0.0626,0.0127,0.0223
TFCN_48C-3,Rhodotorula paludigena,Rhodotorula_paludigena_TFCN_48C-3.proteins,TFCN48C3,18.19606433,0.1198,0.0095,0.0572,0.0609,0.0329,0.0745,0.023,0.0332,0.0398,0.0933,0.0159,0.0238,0.0724,0.0365,0.0681,0.0878,0.054,0.0625,0.0127,0.0223
TFCN_48D-10,Rhodotorula paludigena,Rhodotorula_paludigena_TFCN_48D-10.proteins,TFCN48D10,20.66056655,0.1198,0.0095,0.0572,0.0609,0.0329,0.0744,0.023,0.0332,0.0397,0.0934,0.0159,0.0238,0.0724,0.0365,0.0681,0.0878,0.054,0.0625,0.0127,0.0223
TFCN_4M-1-2,Rhodotorula mucilaginosa,Rhodotorula_mucilaginosa_TFCN_4M-1-2.proteins,TFCN4M12,23.43240469,0.1135,0.0096,0.057,0.0616,0.0317,0.0727,0.0228,0.0355,0.0405,0.0903,0.0166,0.0265,0.0706,0.0381,0.0688,0.0898,0.0594,0.0606,0.0122,0.0223
TFCN_4M-1-3,Rhodotorula mucilaginosa,Rhodotorula_mucilaginosa_TFCN_4M-1-3.proteins,TFCN4M13,23.96067975,0.1135,0.0096,0.057,0.0615,0.0317,0.0728,0.0228,0.0355,0.0405,0.0902,0.0167,0.0265,0.0708,0.0382,0.0687,0.0896,0.0593,0.0606,0.0122,0.0223
TFCN_4M-1-4,Rhodotorula mucilaginosa,Rhodotorula_mucilaginosa_TFCN_4M-1-4.proteins,TFCN4M14,22.90995384,0.1135,0.0097,0.057,0.0614,0.0316,0.0728,0.0228,0.0355,0.0405,0.0903,0.0167,0.0265,0.0708,0.0382,0.0687,0.0896,0.0594,0.0606,0.0121,0.0223
TFCN_4M-1-5,Rhodotorula mucilaginosa,Rhodotorula_mucilaginosa_TFCN_4M-1-5.proteins,TFCN4M15,24.04616918,0.1136,0.0096,0.057,0.0615,0.0316,0.0728,0.0228,0.0354,0.0405,0.0902,0.0167,0.0265,0.0708,0.0382,0.0687,0.0897,0.0594,0.0606,0.0121,0.0223
TFCN_54D-1,Rhodotorula mucilaginosa,Rhodotorula_mucilaginosa_TFCN_54D-1.proteins,TFCN54D1,25.73621703,0.1136,0.0093,0.0574,0.0619,0.0318,0.0728,0.0227,0.036,0.041,0.0904,0.0166,0.0268,0.07,0.0384,0.0676,0.0888,0.0593,0.0609,0.0122,0.0225
TFCN_54D-2,Rhodotorula mucilaginosa,Rhodotorula_mucilaginosa_TFCN_54D-2.proteins,TFCN54D2,25.1830412,0.1138,0.0092,0.0575,0.0621,0.0318,0.0729,0.0227,0.0358,0.041,0.0905,0.0167,0.0267,0.0701,0.0383,0.0677,0.0886,0.0591,0.0609,0.0122,0.0225
TFCN_7-9-2,Rhodotorula diobovata,Rhodotorula_diobovata_TFCN_7-9-2.proteins,TFCN792,17.87371848,0.123,0.0099,0.0573,0.0594,0.031,0.0793,0.0238,0.0287,0.0371,0.0925,0.0149,0.0216,0.075,0.0352,0.0731,0.0869,0.0542,0.0639,0.0126,0.0206
TFCN_7-9-3,Rhodotorula diobovata,Rhodotorula_diobovata_TFCN_7-9-3.proteins,TFCN793,16.99804419,0.123,0.0098,0.0573,0.0594,0.031,0.0794,0.0237,0.0287,0.0371,0.0924,0.015,0.0214,0.0749,0.0352,0.0738,0.0867,0.0542,0.0638,0.0126,0.0205
TFCN_7W-292-3,Rhodotorula dairenensis,Rhodotorula_dairenensis_TFCN_7W-292-3.proteins,TFCN7W2923,23.27111075,0.1171,0.0093,0.0584,0.0599,0.0314,0.0743,0.0231,0.0346,0.0395,0.0903,0.0163,0.0256,0.0711,0.0374,0.069,0.0866,0.0586,0.0628,0.0121,0.0226
TFCN_86A-12,Rhodotorula mucilaginosa,Rhodotorula_mucilaginosa_TFCN_86A-12.proteins,TFCN86A12,24.52267764,0.1138,0.0092,0.0575,0.062,0.0318,0.073,0.0227,0.0358,0.041,0.0904,0.0166,0.0267,0.0703,0.0383,0.0676,0.0887,0.0592,0.0609,0.0121,0.0225
TFCN_86A-3,Rhodotorula mucilaginosa,Rhodotorula_mucilaginosa_TFCN_86A-3.proteins,TFCN86A3,24.36816263,0.1139,0.0093,0.0574,0.062,0.0317,0.073,0.0227,0.0358,0.041,0.0903,0.0167,0.0267,0.0703,0.0384,0.0675,0.0887,0.0592,0.0608,0.0121,0.0225
TFCN_89D-3,Rhodotorula mucilaginosa,Rhodotorula_mucilaginosa_TFCN_89D-3.proteins,TFCN89D3,22.64096084,0.1136,0.0096,0.057,0.0616,0.0316,0.0727,0.0228,0.0355,0.0406,0.0902,0.0166,0.0265,0.0708,0.0382,0.0688,0.0895,0.0593,0.0606,0.0121,0.0223
TFCN_98A-10,Rhodotorula mucilaginosa,Rhodotorula_mucilaginosa_TFCN_98A-10.proteins,TFCN98A10,21.0851418,0.1136,0.0096,0.057,0.0615,0.0316,0.0728,0.0228,0.0355,0.0405,0.0901,0.0166,0.0265,0.0708,0.0382,0.0688,0.0898,0.0594,0.0605,0.0121,0.0223
TFCN_98A-5,Rhodotorula mucilaginosa,Rhodotorula_mucilaginosa_TFCN_98A-5.proteins,TFCN98A5,25.06620526,0.1136,0.0097,0.057,0.0615,0.0316,0.0728,0.0228,0.0354,0.0405,0.0902,0.0166,0.0265,0.0709,0.0382,0.0688,0.0897,0.0594,0.0606,0.0121,0.0223
TFCN_98C-3,Rhodotorula mucilaginosa,Rhodotorula_mucilaginosa_TFCN_98C-3.proteins,TFCN98C3,23.96510638,0.1136,0.0097,0.057,0.0615,0.0316,0.0727,0.0228,0.0355,0.0406,0.0902,0.0167,0.0265,0.0708,0.0382,0.0687,0.0896,0.0594,0.0606,0.0121,0.0223
TFCN_98C-5,Rhodotorula mucilaginosa,Rhodotorula_mucilaginosa_TFCN_98C-5.proteins,TFCN98C5,23.48785269,0.1137,0.0097,0.057,0.0613,0.0316,0.0727,0.0229,0.0353,0.0404,0.0902,0.0167,0.0264,0.0709,0.0382,0.0692,0.0896,0.0593,0.0607,0.0121,0.0222
TFCN_98C-7,Rhodotorula mucilaginosa,Rhodotorula_mucilaginosa_TFCN_98C-7.proteins,TFCN98C7,22.66448246,0.1136,0.0097,0.057,0.0615,0.0317,0.0728,0.0228,0.0355,0.0405,0.0901,0.0166,0.0265,0.0708,0.0382,0.0687,0.0897,0.0594,0.0606,0.0122,0.0223
TFCN_98C-8,Rhodotorula mucilaginosa,Rhodotorula_mucilaginosa_TFCN_98C-8.proteins,TFCN98C8,23.01017548,0.1136,0.0096,0.057,0.0615,0.0316,0.0728,0.0228,0.0355,0.0405,0.0902,0.0166,0.0265,0.0709,0.0382,0.0687,0.0896,0.0594,0.0606,0.0121,0.0223
TFCN_98D-11,Rhodotorula mucilaginosa,Rhodotorula_mucilaginosa_TFCN_98D-11.proteins,TFCN98D11,25.04280379,0.1135,0.0097,0.057,0.0615,0.0316,0.0727,0.0228,0.0354,0.0406,0.0902,0.0167,0.0265,0.0709,0.0382,0.0688,0.0897,0.0594,0.0605,0.0121,0.0222
TFCN_98D-7,Rhodotorula mucilaginosa,Rhodotorula_mucilaginosa_TFCN_98D-7.proteins,TFCN98D7,25.0002092,0.1136,0.0096,0.057,0.0615,0.0316,0.0728,0.0228,0.0355,0.0405,0.0902,0.0167,0.0265,0.0708,0.0382,0.0687,0.0896,0.0593,0.0606,0.0121,0.0223
TFCN_98D-9,Rhodotorula mucilaginosa,Rhodotorula_mucilaginosa_TFCN_98D-9.proteins,TFCN98D9,24.78578375,0.1135,0.0097,0.057,0.0615,0.0316,0.0727,0.0228,0.0355,0.0406,0.0902,0.0167,0.0265,0.0707,0.0381,0.0687,0.0897,0.0594,0.0606,0.0121,0.0223
