amino_acid,primary_hypothesis,naive_pearson_r,naive_q_bh,naive_significant,pgls_slope,pgls_lambda,pgls_q_bh,pgls_significant,verdict
S,False,0.45683432394613627,2.3754307308084773e-07,True,964.483290338348,0.3423982604177,0.00136145121380842,True,survives_phylo_correction
L,False,-0.4626191151770353,2.3754307308084773e-07,True,-1539.58558494838,0.314809633626223,0.00497158993566871,True,survives_phylo_correction
Q,False,0.4541247572188967,2.3754307308084773e-07,True,1273.84284983444,0.291130318064104,0.00996683380200465,True,survives_phylo_correction
W,False,-0.44617687674663603,3.2749538119155927e-07,True,-6495.41975403118,0.352887145783624,0.0113479068592667,True,survives_phylo_correction
T,False,0.4341258269575758,6.405474487148357e-07,True,931.326980847003,0.358087797914119,0.039725588577716,True,survives_phylo_correction
C,True,-0.16958560837617112,0.058967664209352816,False,-9330.49998518998,0.420000298629795,0.00241785198492348,True,pgls_only
E,True,0.07915290290626775,0.36329504040059835,False,-1271.036450075,0.51229228605015,0.0547730423792555,False,not_significant
A,False,-0.41873523607912355,1.5916018454688473e-06,True,-292.423222739252,0.368400865027144,0.081242205443851,False,naive_only_lineage_artifact
F,False,-0.26362472896877726,0.0032090762874217213,True,-2317.91273597319,0.497958934091458,0.086453800594311,False,naive_only_lineage_artifact
D,True,0.11923327477671512,0.17895042215719928,False,830.851288157751,0.446307399635929,0.104801319547242,False,not_significant
H,True,-0.1860758946595657,0.03918360706456222,True,2901.30419161911,0.522322115669347,0.212511656288872,False,naive_only_lineage_artifact
N,False,0.36843854043243146,3.3888515926911414e-05,True,374.220978285363,0.449284123585418,0.298993932001366,False,naive_only_lineage_artifact
V,False,-0.33822489053598687,0.00012829651832913937,True,-416.925791605929,0.497527363439464,0.423899459741624,False,naive_only_lineage_artifact
G,False,-0.36097794099539604,4.571354730926002e-05,True,-303.150100847184,0.471161205530156,0.44591849648297,False,naive_only_lineage_artifact
I,False,0.3503657160569848,7.384731497024334e-05,True,244.574743463035,0.47167617498474,0.487011285976839,False,naive_only_lineage_artifact
P,False,-0.3079995682247742,0.0005348749158957963,True,-228.418309855144,0.462698850426169,0.487011285976839,False,naive_only_lineage_artifact
R,False,-0.16144702138465425,0.06930555255051349,False,-222.043392479756,0.488859143108168,0.527152975083325,False,not_significant
K,False,0.2594995546740726,0.0035188441127409313,True,189.42025015401,0.492132831756071,0.629461474238216,False,naive_only_lineage_artifact
M,True,0.30527602053771064,0.000558085597577913,True,323.436565032851,0.49673960787362,0.744657168629329,False,naive_only_lineage_artifact
Y,False,0.21483181898944104,0.01690171284318476,True,-37.5237886783612,0.510450030350853,0.965420210052866,False,naive_only_lineage_artifact
