amino_acid,n,pearson_r,pearson_p,spearman_r,spearman_p,primary_hypothesis,pearson_p_fdr_bh
L,134,-0.4626191151770353,1.8268582410218618e-08,-0.26626551239460733,0.001872725549295865,False,2.3754307308084773e-07
S,134,0.45683432394613627,2.884985716000065e-08,0.3949095360383696,2.3358504274470723e-06,False,2.3754307308084773e-07
Q,134,0.4541247572188967,3.563146096212716e-08,0.29131047425702233,0.0006379468417117808,False,2.3754307308084773e-07
W,134,-0.446176876746636,6.549907623831185e-08,-0.3496196997584317,3.462896395255171e-05,False,3.2749538119155927e-07
T,134,0.4341258269575758,1.6013686217870892e-07,0.2775495603279141,0.001167092246588036,False,6.405474487148357e-07
A,134,-0.4187352360791236,4.774805536406542e-07,-0.20750572355188684,0.016137298539468277,False,1.5916018454688473e-06
N,134,0.36843854043243146,1.1860980574418994e-05,0.29469123423588084,0.000547395797015442,False,3.3888515926911414e-05
G,134,-0.36097794099539604,1.8285418923704007e-05,-0.3338983577507638,8.056664477033527e-05,False,4.571354730926002e-05
I,134,0.3503657160569848,3.323129173660951e-05,0.22287245368118846,0.00964210988594209,False,7.384731497024334e-05
V,134,-0.33822489053598687,6.414825916456968e-05,-0.3087184491767798,0.00028423686985936286,False,0.00012829651832913937
P,134,-0.30799956822477415,0.0002941812037426914,-0.12477152195387874,0.1508820290296497,False,0.0005348749158958026
M,134,0.30527602053771064,0.0003348513585467478,0.3225403877534067,0.00014423564251266942,True,0.000558085597577913
F,134,-0.26362472896877726,0.002085899586824119,-0.08711953993658468,0.3168567415518611,False,0.0032090762874217213
K,134,0.2594995546740726,0.002463190878918652,0.16339558102974183,0.05923855147484025,False,0.0035188441127409313
Y,134,0.21483181898944104,0.012676284632388572,0.18684542714524024,0.030641039155346054,False,0.01690171284318476
H,134,-0.1860758946595657,0.031346885651649774,-0.15781165800502825,0.06858915349312503,True,0.03918360706456222
C,134,-0.16958560837617118,0.050122514577949896,0.07632079500119482,0.3807694845560228,True,0.058967664209352816
R,134,-0.16144702138465428,0.062374997295461074,-0.03397898600379281,0.6967119738218612,False,0.06930555255051231
D,134,0.11923327477671515,0.1700029010493393,-0.19744324721165904,0.022212326113474894,True,0.17895042215719928
E,134,0.07915290290626772,0.36329504040059835,-0.011548864483465975,0.8946365069342939,True,0.36329504040059835
