"amino_acid","n","slope","se","p_value","lambda","aic","converged","primary_hypothesis","p_value_fdr_bh"
"S",134,964.483290338348,234.449602413943,6.80725606904208e-05,0.3423982604177,731.2652444982,TRUE,FALSE,0.00136145121380842
"C",134,-9330.49998518998,2472.33721742596,0.000241785198492348,0.420000298629795,732.745578380528,TRUE,TRUE,0.00241785198492348
"L",134,-1539.58558494838,445.881301582251,0.000745738490350306,0.314809633626223,736.319181770618,TRUE,FALSE,0.00497158993566871
"Q",134,1273.84284983444,403.860516232949,0.00199336676040093,0.291130318064104,738.643411290777,TRUE,FALSE,0.00996683380200465
"W",134,-6495.41975403118,2135.33638497251,0.00283697671481667,0.352887145783624,738.189706002787,TRUE,FALSE,0.0113479068592667
"T",134,931.326980847003,365.239144731789,0.0119176765733148,0.358087797914119,740.748957704664,TRUE,FALSE,0.039725588577716
"E",134,-1271.036450075,536.006096032922,0.0191705648327394,0.51229228605015,740.482852778842,TRUE,TRUE,0.0547730423792555
"A",134,-292.423222739252,135.31578924,0.0324968821775404,0.368400865027144,742.389592783154,TRUE,FALSE,0.081242205443851
"F",134,-2317.91273597319,1111.17907449656,0.03890421026744,0.497958934091458,741.733188332983,TRUE,FALSE,0.086453800594311
"D",134,830.851288157751,424.448887217264,0.0524006597736212,0.446307399635929,742.442838776507,TRUE,TRUE,0.104801319547242
"H",134,2901.30419161911,1838.20184060945,0.11688141095888,0.522322115669347,743.576776348583,TRUE,TRUE,0.212511656288872
"N",134,374.220978285363,277.245639513633,0.17939635920082,0.449284123585418,744.421920864293,TRUE,FALSE,0.298993932001366
"V",134,-416.925791605929,380.773303051299,0.275534648832056,0.497527363439464,744.868201226346,TRUE,FALSE,0.423899459741624
"G",134,-303.150100847184,298.781781400208,0.312142947538079,0.471161205530156,745.108030754589,TRUE,FALSE,0.44591849648297
"P",134,-228.418309855144,260.603616586014,0.382352177624852,0.462698850426169,745.408391917264,TRUE,FALSE,0.487011285976839
"I",134,244.574743463035,283.344455895259,0.389609028781472,0.47167617498474,745.39277792435,TRUE,FALSE,0.487011285976839
"R",134,-222.043392479756,291.820722856346,0.448080028820826,0.488859143108168,745.508234977508,TRUE,FALSE,0.527152975083325
"K",134,189.42025015401,329.634999382628,0.566515326814395,0.492132831756071,745.753332294845,TRUE,FALSE,0.629461474238216
"M",134,323.436565032851,859.906982052357,0.707424310197863,0.49673960787362,745.937264031894,TRUE,TRUE,0.744657168629329
"Y",134,-37.5237886783612,863.901638792295,0.965420210052866,0.510450030350853,746.070556526076,TRUE,FALSE,0.965420210052866
