phenotype,amino_acid,naive_pearson_r,naive_q_bh,naive_significant,pgls_lambda,pgls_q_bh,pgls_significant,verdict
Mean_ColorLab_a*Mean,V,-0.363801254177262,8.399885512656864e-05,True,0.196984655899246,0.663085979252926,False,naive_only_lineage_artifact
Mean_ColorLab_a*Mean,T,0.36054534375017505,8.399885512656864e-05,True,0.195920930136722,0.663085979252926,False,naive_only_lineage_artifact
Mean_ColorLab_a*Mean,L,-0.3480784251912204,0.00011907167530074787,True,0.202386583706528,0.663085979252926,False,naive_only_lineage_artifact
Mean_ColorLab_a*Mean,S,0.33876008272622005,0.00015376389472720643,True,0.190307161820674,0.663085979252926,False,naive_only_lineage_artifact
Mean_ColorLab_a*Mean,Q,0.33027394607825944,0.00019878740164985077,True,0.207468417642885,0.663085979252926,False,naive_only_lineage_artifact
Mean_ColorLab_a*Mean,A,-0.31440606960236467,0.00034742494238384846,True,0.224466278296015,0.903536926122704,False,naive_only_lineage_artifact
Mean_ColorLab_a*Mean,H,-0.3137525449999937,0.00034742494238384846,True,0.216180843529452,0.663085979252926,False,naive_only_lineage_artifact
Mean_Shape_Area,T,0.31062519115472015,0.0014826395741580794,True,NA,NA,False,naive_only_lineage_artifact
Mean_ColorLab_a*Mean,W,-0.3054728947823096,0.0004669518848166304,True,0.224068127923776,0.903536926122704,False,naive_only_lineage_artifact
Mean_ColorLab_L*Mean,D,-0.29886834742169205,0.005213759224277198,True,NA,NA,False,naive_only_lineage_artifact
Mean_Shape_Area,V,-0.2974140211428164,0.0014826395741580794,True,NA,NA,False,naive_only_lineage_artifact
Mean_Shape_Area,L,-0.297261011375417,0.0014826395741580794,True,NA,NA,False,naive_only_lineage_artifact
Mean_Shape_Area,Q,0.2924869459953597,0.0014826395741580794,True,NA,NA,False,naive_only_lineage_artifact
Mean_Shape_Area,W,-0.2917207236112148,0.0014826395741580794,True,NA,NA,False,naive_only_lineage_artifact
Mean_Shape_Area,H,-0.2806075517597369,0.0020976112433086385,True,NA,NA,False,naive_only_lineage_artifact
Mean_ColorLab_a*Mean,N,0.25976528415849554,0.0033251367915635302,True,0.238974602539796,0.916322507760079,False,naive_only_lineage_artifact
Mean_Shape_Area,A,-0.25968745992375913,0.003909618435997789,True,NA,NA,False,naive_only_lineage_artifact
Mean_Shape_Area,G,-0.2592802812532925,0.003909618435997789,True,NA,NA,False,naive_only_lineage_artifact
Mean_ColorLab_a*Mean,G,-0.25892570809689214,0.0033251367915635302,True,0.24836846530261,0.916322507760079,False,naive_only_lineage_artifact
Mean_Shape_Area,I,0.2576063909860807,0.003909618435997789,True,NA,NA,False,naive_only_lineage_artifact
Mean_ColorLab_a*Mean,F,-0.25357600435480854,0.0037954462710881654,True,0.230175620215754,0.663085979252926,False,naive_only_lineage_artifact
Mean_Shape_Area,N,0.2533322665174062,0.004218036773621083,True,-0.0520587902125959,2.82811575280849e-10,True,survives_phylo_correction
Mean_ColorLab_a*Mean,E,0.2482218695074243,0.004348726483243319,True,0.234151592840838,0.916322507760079,False,naive_only_lineage_artifact
Mean_ColorLab_b*Mean,S,-0.24805311606774832,0.039122131332422524,True,0.18994714504305,0.0581030432694197,False,naive_only_lineage_artifact
Mean_ColorLab_L*Mean,V,-0.24430360512393529,0.03062928308734087,True,NA,NA,False,naive_only_lineage_artifact
Mean_Shape_Area,E,0.24199248968532608,0.006114155528872991,True,0.0408224496109624,0.149413581834072,False,naive_only_lineage_artifact
Mean_ColorLab_a*Mean,I,0.2398297845145741,0.0056416569274593915,True,0.248529339365328,0.916322507760079,False,naive_only_lineage_artifact
Mean_ColorLab_b*Mean,R,0.23402041425497497,0.039122131332422524,True,0.219422909782136,0.0581030432694197,False,naive_only_lineage_artifact
Mean_ColorLab_a*Mean,M,0.22676549289613676,0.008702282041506084,True,0.250964052958196,0.916322507760079,False,naive_only_lineage_artifact
Mean_ColorLab_b*Mean,P,0.22623692948241153,0.039122131332422524,True,0.221158998508235,0.0581030432694197,False,naive_only_lineage_artifact
Mean_ColorLab_L*Mean,E,0.2235151847475649,0.045885271054731364,True,NA,NA,False,naive_only_lineage_artifact
Mean_ColorLab_b*Mean,K,-0.2200543750992897,0.039122131332422524,True,0.216230672046556,0.0682517318011724,False,naive_only_lineage_artifact
Mean_Shape_Area,M,0.21378866987277137,0.016371656759633937,True,0.0579814158075277,0.337734289061675,False,naive_only_lineage_artifact
Mean_ColorLab_b*Mean,M,-0.20187363562684216,0.047327603094629404,True,0.228288060012585,0.092516599139326,False,naive_only_lineage_artifact
Mean_ColorLab_b*Mean,A,0.20145436972568986,0.047327603094629404,True,0.224851546527708,0.0581030432694197,False,naive_only_lineage_artifact
Mean_Shape_Area,F,-0.19881709258178357,0.02540723675734682,True,0.134638767976058,0.337734289061675,False,naive_only_lineage_artifact
Mean_ColorLab_b*Mean,Q,-0.19872713979758957,0.047327603094629404,True,0.229915923923424,0.0581030432694197,False,naive_only_lineage_artifact
Mean_ColorLab_L*Mean,H,-0.18444691969884702,0.1317876876241386,False,NA,NA,False,not_significant
Mean_Shape_Area,S,0.18000152419188165,0.04325006368825491,True,0.127995858583829,0.405847506257571,False,naive_only_lineage_artifact
Mean_ColorLab_a*Mean,K,0.17761343988322714,0.04343564812402634,True,0.244489067433625,0.916322507760079,False,naive_only_lineage_artifact
Mean_ColorLab_b*Mean,N,-0.1755558075783028,0.08669313371669206,False,0.239192045929314,0.104237578830362,False,not_significant
Mean_Shape_Area,K,0.17213744589657523,0.05122617760552784,False,0.115992019695904,0.659589841825255,False,not_significant
Mean_ColorLab_a*Mean,C,0.16535506648959825,0.058568612151542174,False,0.262061336517445,0.903536926122704,False,not_significant
Mean_ColorLab_b*Mean,I,-0.16507884440626813,0.10495281171376288,False,0.23897628860902,0.137277080997645,False,not_significant
Mean_ColorLab_b*Mean,Y,-0.155321921180487,0.12423008589194158,False,0.255695185608494,0.138322191712806,False,not_significant
Mean_ColorLab_a*Mean,P,-0.1520468854612835,0.07988229402715674,False,0.251796731529374,0.903536926122704,False,not_significant
Mean_ColorLab_b*Mean,G,0.1479806207507694,0.1376084641463725,False,0.235588398808333,0.293403029140936,False,not_significant
Mean_Shape_Area,P,-0.14534660953852815,0.10137650236816811,False,0.160472821441781,0.926776971494401,False,not_significant
Mean_ColorLab_a*Mean,D,-0.14359155028793963,0.09431117635003336,False,0.238034787181483,0.903536926122704,False,not_significant
Mean_ColorLab_L*Mean,S,0.13252000247077333,0.30369987415780925,False,NA,NA,False,not_significant
Mean_ColorLab_L*Mean,M,0.128530243907306,0.30369987415780925,False,NA,NA,False,not_significant
Mean_ColorLab_L*Mean,Q,0.12335425330744605,0.30369987415780925,False,NA,NA,False,not_significant
Mean_Shape_Area,C,-0.12246224692905261,0.1673711209787916,False,0.144519102587603,0.149413581834072,False,not_significant
Mean_ColorLab_b*Mean,V,0.11970266315960887,0.25257421035930505,False,0.249897742894929,0.516715745178036,False,not_significant
Mean_ColorLab_L*Mean,N,0.11957996502465408,0.30369987415780925,False,-0.0916139010058097,2.71841151856971e-05,True,pgls_only
Mean_ColorLab_L*Mean,C,0.11925915792074204,0.30369987415780925,False,-0.107344416926672,3.54311915456833e-09,True,pgls_only
Mean_Shape_Area,Y,0.11775558642840778,0.17595674241660564,False,0.159225530240458,0.926776971494401,False,not_significant
Mean_ColorLab_L*Mean,K,0.11728632536032534,0.30369987415780925,False,NA,NA,False,not_significant
Mean_ColorLab_L*Mean,G,-0.11536672862982914,0.30369987415780925,False,NA,NA,False,not_significant
Mean_ColorLab_b*Mean,W,0.1076026281326516,0.28469361777920393,False,0.260597188421898,0.337323087457927,False,not_significant
Mean_ColorLab_b*Mean,L,0.10721674608877851,0.28469361777920393,False,0.268599808150461,0.275268597431212,False,not_significant
Mean_ColorLab_L*Mean,I,0.10377707464550136,0.3517423508960155,False,-0.0421379959520016,1.40119038030669e-06,True,pgls_only
Mean_ColorLab_b*Mean,T,-0.1023107922950875,0.2943323116125994,False,0.268483609882473,0.322931389341696,False,not_significant
Mean_ColorLab_L*Mean,A,-0.10059436390347973,0.3517423508960155,False,NA,NA,False,not_significant
Mean_Shape_Area,D,-0.09300435003467844,0.2798553378445579,False,0.152241076775662,0.659589841825255,False,not_significant
Mean_ColorLab_L*Mean,T,0.08793686878191134,0.39570668917275154,False,NA,NA,False,not_significant
Mean_ColorLab_L*Mean,L,-0.0871351561872453,0.39570668917275154,False,NA,NA,False,not_significant
Mean_ColorLab_L*Mean,W,-0.08375209531724269,0.39570668917275154,False,NA,NA,False,not_significant
Mean_ColorLab_L*Mean,R,-0.07551458468187931,0.4313720277311185,False,NA,NA,False,not_significant
Mean_Shape_Area,R,-0.0673206986972831,0.42108194134209215,False,0.14965745180026,0.926776971494401,False,not_significant
Mean_ColorLab_L*Mean,F,-0.05798118820037881,0.5427571073767397,False,NA,NA,False,not_significant
Mean_ColorLab_b*Mean,F,-0.04973723089406502,0.690556719384527,False,0.261615226889127,0.516715745178036,False,not_significant
Mean_ColorLab_b*Mean,H,0.031296488036608484,0.7912011464346024,False,0.303129955895205,0.434454326188538,False,not_significant
Mean_ColorLab_b*Mean,D,-0.030909180437137345,0.7912011464346024,False,0.281915678346039,0.389479472112662,False,not_significant
Mean_ColorLab_L*Mean,Y,0.030412319172679784,0.7542208822602864,False,NA,NA,False,not_significant
Mean_ColorLab_L*Mean,P,0.025839123658765808,0.7576997743224564,False,NA,NA,False,not_significant
Mean_ColorLab_b*Mean,E,-0.022604149368045834,0.828696101581364,False,0.298004612365771,0.434454326188538,False,not_significant
Mean_ColorLab_a*Mean,Y,0.020450693221652702,0.8495918393139948,False,0.258305080634485,0.663085979252926,False,not_significant
Mean_ColorLab_b*Mean,C,-0.004924432820484842,0.9531232376931731,False,0.270258033472311,0.484168610323121,False,not_significant
Mean_ColorLab_a*Mean,R,0.0003587675635970274,0.9965828763989724,False,0.245166742072762,0.903536926122704,False,not_significant
