phenotype,amino_acid,n,pearson_r,pearson_p,pearson_p_fdr_bh
Mean_ColorLab_a*Mean,V,145,-0.363801254177262,6.861501121795824e-06,8.399885512656864e-05
Mean_ColorLab_a*Mean,T,145,0.36054534375017505,8.399885512656864e-06,8.399885512656864e-05
Mean_ColorLab_a*Mean,L,145,-0.3480784251912204,1.786075129511218e-05,0.00011907167530074787
Mean_ColorLab_a*Mean,S,145,0.33876008272622,3.0752778945441284e-05,0.00015376389472720643
Mean_ColorLab_a*Mean,Q,145,0.33027394607825944,4.969685041246269e-05,0.00019878740164985077
Mean_ColorLab_a*Mean,A,145,-0.3144060696023646,0.00011748477626255248,0.00034742494238384445
Mean_ColorLab_a*Mean,H,145,-0.3137525449999938,0.00012159872983434556,0.00034742494238384445
Mean_Shape_Area,T,145,0.31062519115472015,0.00014321269044042297,0.0014826395741580794
Mean_ColorLab_a*Mean,W,145,-0.3054728947823096,0.00018678075392665217,0.0004669518848166304
Mean_ColorLab_L*Mean,D,145,-0.298868347421692,0.00026068796121385987,0.005213759224277198
Mean_Shape_Area,V,145,-0.2974140211428164,0.0002802488711901796,0.0014826395741580794
Mean_Shape_Area,L,145,-0.297261011375417,0.00028238413101815433,0.0014826395741580794
Mean_Shape_Area,Q,145,0.29248694599535974,0.00035709098212436985,0.0014826395741580794
Mean_Shape_Area,W,145,-0.2917207236112148,0.00037065989353951984,0.0014826395741580794
Mean_Shape_Area,H,145,-0.28060755175973695,0.0006292833729925916,0.0020976112433086385
Mean_ColorLab_a*Mean,N,145,0.25976528415849554,0.001603542055710548,0.0033251367915635302
Mean_Shape_Area,A,145,-0.25968745992375913,0.0016089321087917783,0.003909618435997754
Mean_Shape_Area,G,145,-0.25928028125329255,0.0016374029825923907,0.003909618435997754
Mean_ColorLab_a*Mean,G,145,-0.25892570809689214,0.001662568395781765,0.0033251367915635302
Mean_Shape_Area,I,145,0.25760639098608074,0.001759328296198989,0.003909618435997754
Mean_ColorLab_a*Mean,F,145,-0.2535760043548086,0.002087495449098491,0.0037954462710881654
Mean_Shape_Area,N,145,0.2533322665174062,0.0021090183868105413,0.004218036773621083
Mean_ColorLab_a*Mean,E,145,0.24822186950742434,0.0026092358899459916,0.004348726483243319
Mean_ColorLab_b*Mean,S,145,-0.24805311606774832,0.002627448096376312,0.039122131332422524
Mean_ColorLab_L*Mean,V,145,-0.24430360512393529,0.0030629283087340873,0.03062928308734087
Mean_Shape_Area,E,145,0.24199248968532602,0.0033627855408801446,0.006114155528872991
Mean_ColorLab_a*Mean,I,145,0.2398297845145741,0.0036670770028486045,0.0056416569274593915
Mean_ColorLab_b*Mean,R,145,0.23402041425497494,0.00461078075535707,0.039122131332422524
Mean_ColorLab_a*Mean,M,145,0.22676549289613673,0.006091597429054258,0.008702282041506084
Mean_ColorLab_b*Mean,P,145,0.22623692948241153,0.006214468033223839,0.039122131332422524
Mean_ColorLab_L*Mean,E,145,0.22351518474756488,0.006882790658209704,0.045885271054731364
Mean_ColorLab_b*Mean,K,145,-0.22005437509928966,0.007824426266484505,0.039122131332422524
Mean_Shape_Area,M,145,0.21378866987277137,0.009822994055780363,0.016371656759633937
Mean_ColorLab_b*Mean,M,145,-0.20187363562684218,0.014893227225165196,0.047327603094629404
Mean_ColorLab_b*Mean,A,145,0.20145436972568984,0.0151070916298786,0.047327603094629404
Mean_Shape_Area,F,145,-0.19881709258178357,0.016514703892275433,0.02540723675734682
Mean_ColorLab_b*Mean,Q,145,-0.19872713979758957,0.01656466108312029,0.047327603094629404
Mean_ColorLab_L*Mean,H,145,-0.184446919698847,0.026357537524827716,0.1317876876241386
Mean_Shape_Area,S,145,0.18000152419188167,0.03027504458177844,0.04325006368825491
Mean_ColorLab_a*Mean,K,145,0.17761343988322711,0.032576736093019754,0.04343564812402634
Mean_ColorLab_b*Mean,N,145,-0.17555580757830277,0.03467725348667682,0.08669313371669206
Mean_Shape_Area,K,145,0.17213744589657523,0.03841963320414588,0.05122617760552784
Mean_ColorLab_a*Mean,C,145,0.16535506648959825,0.046854889721233736,0.058568612151542174
Mean_ColorLab_b*Mean,I,145,-0.1650788444062681,0.047228765271193296,0.10495281171376288
Mean_ColorLab_b*Mean,Y,145,-0.15532192118048702,0.06211504294597079,0.12423008589194158
Mean_ColorLab_a*Mean,P,145,-0.1520468854612835,0.06789994992308322,0.07988229402715674
Mean_ColorLab_b*Mean,G,145,0.14798062075076937,0.07568465528050487,0.1376084641463725
Mean_Shape_Area,P,145,-0.14534660953852815,0.08110120189453449,0.10137650236816811
Mean_ColorLab_a*Mean,D,145,-0.14359155028793963,0.08488005871503003,0.09431117635003336
Mean_ColorLab_L*Mean,S,145,0.13252000247077328,0.11207009561126358,0.30369987415780925
Mean_ColorLab_L*Mean,M,145,0.128530243907306,0.12338706612081547,0.30369987415780925
Mean_ColorLab_L*Mean,Q,145,0.12335425330744608,0.13936032882372448,0.30369987415780925
Mean_Shape_Area,C,145,-0.12246224692905261,0.14226545283197284,0.1673711209787916
Mean_ColorLab_b*Mean,V,145,0.11970266315960888,0.15154452621558162,0.2525742103593027
Mean_ColorLab_L*Mean,N,145,0.11957996502465408,0.15196744398234,0.30369987415780925
Mean_ColorLab_L*Mean,C,145,0.11925915792074203,0.15307740779978699,0.30369987415780925
Mean_Shape_Area,Y,145,0.11775558642840776,0.15836106817494694,0.17595674241660772
Mean_ColorLab_L*Mean,K,145,0.11728632536032535,0.16003774484571706,0.30369987415780925
Mean_ColorLab_L*Mean,G,145,-0.11536672862982915,0.1670349307867951,0.30369987415780925
Mean_ColorLab_b*Mean,W,145,0.10760262813265156,0.1976636551187595,0.28469361777920393
Mean_ColorLab_b*Mean,L,145,0.10721674608877851,0.19928553244544273,0.28469361777920393
Mean_ColorLab_L*Mean,I,145,0.10377707464550136,0.21416917310917083,0.3517423508960155
Mean_ColorLab_b*Mean,T,145,-0.10231079229508748,0.22074923370944952,0.2943323116125994
Mean_ColorLab_L*Mean,A,145,-0.1005943639034797,0.2286325280824101,0.3517423508960155
Mean_Shape_Area,D,145,-0.09300435003467841,0.26586257095233,0.2798553378445579
Mean_ColorLab_L*Mean,T,145,0.08793686878191134,0.29290310124974417,0.3957066891727492
Mean_ColorLab_L*Mean,L,145,-0.08713515618724528,0.297342804592087,0.3957066891727492
Mean_ColorLab_L*Mean,W,145,-0.08375209531724273,0.31656535133819935,0.3957066891727492
Mean_ColorLab_L*Mean,R,145,-0.07551458468187933,0.3666662235714493,0.4313720277311168
Mean_Shape_Area,R,145,-0.0673206986972831,0.42108194134209215,0.42108194134209215
Mean_ColorLab_L*Mean,F,145,-0.05798118820037881,0.4884813966390657,0.5427571073767397
Mean_ColorLab_b*Mean,F,145,-0.04973723089406502,0.5524453755076216,0.690556719384527
Mean_ColorLab_b*Mean,H,145,0.031296488036608484,0.7086353832342619,0.7912011464346024
Mean_ColorLab_b*Mean,D,145,-0.030909180437137324,0.7120810317911421,0.7912011464346024
Mean_ColorLab_L*Mean,Y,145,0.030412319172679784,0.7165098381472721,0.7542208822602864
Mean_ColorLab_L*Mean,P,145,0.02583912365876579,0.7576997743224564,0.7576997743224564
Mean_ColorLab_b*Mean,E,145,-0.022604149368045858,0.7872612965022958,0.828696101581364
Mean_ColorLab_a*Mean,Y,145,0.020450693221652702,0.8071122473482951,0.8495918393139948
Mean_ColorLab_b*Mean,C,145,-0.004924432820484828,0.9531232376931732,0.9531232376931731
Mean_ColorLab_a*Mean,R,145,0.0003587675635969996,0.9965828763989723,0.9965828763989724
