"phenotype","amino_acid","n","slope","p_value","lambda","converged","p_value_fdr_bh"
"Mean_ColorLab_a.Mean","S",145,226.847660841028,0.126690662951663,0.211790318601984,TRUE,0.727634438704572
"Mean_ColorLab_a.Mean","Y",145,-686.925104348434,0.151350715083843,0.272220567490883,TRUE,0.727634438704572
"Mean_ColorLab_a.Mean","F",145,-818.871913037114,0.171565144758574,0.248063561286058,TRUE,0.727634438704572
"Mean_ColorLab_a.Mean","V",145,-245.426886930902,0.242333942992335,0.219866496241447,TRUE,0.727634438704572
"Mean_ColorLab_a.Mean","H",145,-1113.2815950024,0.243920250827397,0.236325985033366,TRUE,0.727634438704572
"Mean_ColorLab_a.Mean","T",145,217.559903618553,0.260846612718027,0.218910591061301,TRUE,0.727634438704572
"Mean_ColorLab_a.Mean","L",145,-302.090145677696,0.261453278640686,0.224202519506,TRUE,0.727634438704572
"Mean_ColorLab_a.Mean","Q",145,266.207366730647,0.291053775481829,0.228387558945664,TRUE,0.727634438704572
"Mean_ColorLab_a.Mean","C",145,-1290.47946097714,0.402058585603859,0.281024167759982,TRUE,0.893463523564131
"Mean_ColorLab_a.Mean","W",145,-765.450420414732,0.557114710171289,0.243507026641631,TRUE,0.895695036957296
"Mean_ColorLab_a.Mean","D",145,-141.376495643617,0.57541073567059,0.254662527858935,TRUE,0.895695036957296
"Mean_ColorLab_a.Mean","P",145,78.3568621753164,0.608559064832791,0.267490698692575,TRUE,0.895695036957296
"Mean_ColorLab_a.Mean","R",145,77.0321534537647,0.645989278053141,0.260780040192683,TRUE,0.895695036957296
"Mean_ColorLab_a.Mean","A",145,-33.620181905257,0.674270656925519,0.244396516091166,TRUE,0.895695036957296
"Mean_ColorLab_a.Mean","M",145,-169.792105120942,0.720194149405418,0.267302802788273,TRUE,0.895695036957296
"Mean_ColorLab_a.Mean","E",145,84.9814537378581,0.761218237982675,0.252315148280153,TRUE,0.895695036957296
"Mean_ColorLab_a.Mean","I",145,-38.5458035537137,0.802770886002472,0.265216502183035,TRUE,0.895695036957296
"Mean_ColorLab_a.Mean","G",145,41.0670325642057,0.806125533261567,0.265639571769421,TRUE,0.895695036957296
"Mean_ColorLab_a.Mean","K",145,-22.9767757247368,0.900819730707819,0.261028648009914,TRUE,0.924298209534221
"Mean_ColorLab_a.Mean","N",145,14.8280943350432,0.924298209534221,0.256531306137928,TRUE,0.924298209534221
"Mean_ColorLab_b.Mean","P",145,285.291747833284,0.00955168728662787,0.251707666607257,TRUE,0.07336571790189
"Mean_ColorLab_b.Mean","R",145,308.70039252719,0.0109638667753159,0.256537906606258,TRUE,0.07336571790189
"Mean_ColorLab_b.Mean","S",145,-271.753220426689,0.0121930319625837,0.21918694164916,TRUE,0.07336571790189
"Mean_ColorLab_b.Mean","Q",145,-448.729575309546,0.0172891021966536,0.260885218669825,TRUE,0.07336571790189
"Mean_ColorLab_b.Mean","A",145,138.014707045716,0.0183414294754725,0.253454128491275,TRUE,0.07336571790189
"Mean_ColorLab_b.Mean","K",145,-296.980438118736,0.0258529918407593,0.251429528248635,TRUE,0.0861766394691977
"Mean_ColorLab_b.Mean","M",145,-709.323880846903,0.0387606932948123,0.259971844942789,TRUE,0.110744837985178
"Mean_ColorLab_b.Mean","N",145,-226.406731065588,0.0488220051076518,0.272159584332634,TRUE,0.12205501276913
"Mean_ColorLab_b.Mean","I",145,-201.681672293077,0.074701996016444,0.272080105097427,TRUE,0.153348079898191
"Mean_ColorLab_b.Mean","Y",145,-625.978969007102,0.0766740399490954,0.289013744791618,TRUE,0.153348079898191
"Mean_ColorLab_b.Mean","L",145,294.456685597239,0.165340489125094,0.298625482264492,TRUE,0.300619071136534
"Mean_ColorLab_b.Mean","G",145,156.484282594109,0.202600326008732,0.271470693859455,TRUE,0.336992337938057
"Mean_ColorLab_b.Mean","T",145,-190.62350412363,0.235282448859473,0.299389933927334,TRUE,0.336992337938057
"Mean_ColorLab_b.Mean","W",145,1167.03241804945,0.23589463655664,0.294269930451716,TRUE,0.336992337938057
"Mean_ColorLab_b.Mean","D",145,-203.712265728216,0.282172406009849,0.31317332392045,TRUE,0.362491307257815
"Mean_ColorLab_b.Mean","E",145,222.31978546338,0.30564559537079,0.329649601024179,TRUE,0.362491307257815
"Mean_ColorLab_b.Mean","H",145,-770.55852985549,0.308117611169142,0.333886775374274,TRUE,0.362491307257815
"Mean_ColorLab_b.Mean","C",145,990.079001162625,0.386717879281154,0.307597181089312,TRUE,0.429686532534615
"Mean_ColorLab_b.Mean","F",145,-267.534547027562,0.556859863525953,0.295351855349705,TRUE,0.580034198451563
"Mean_ColorLab_b.Mean","V",145,89.0207467494494,0.580034198451563,0.28850198238546,TRUE,0.580034198451563
"Mean_ColorLab_L.Mean","D",145,-740.206594970998,2.65802868759875e-06,-0.172035729186197,TRUE,1.32901434379937e-05
"Mean_ColorLab_L.Mean","Q",145,287.670162545878,2.26494337914725e-05,-0.177467461324116,TRUE,5.66235844786814e-05
"Mean_ColorLab_L.Mean","G",145,-212.079228056929,0.000297372362895035,-0.231737472012082,TRUE,0.000495620604825058
"Mean_ColorLab_L.Mean","C",145,2350.28286300612,0.000761154106952783,-0.168126929477062,TRUE,0.000951442633690979
"Mean_ColorLab_L.Mean","I",145,124.760834675989,0.00101378547221365,-0.113132583621497,TRUE,0.00101378547221365
"Mean_ColorLab_L.Mean","A",145,NA,NA,NA,FALSE,NA
"Mean_ColorLab_L.Mean","E",145,NA,NA,NA,FALSE,NA
"Mean_ColorLab_L.Mean","F",145,NA,NA,NA,FALSE,NA
"Mean_ColorLab_L.Mean","H",145,NA,NA,NA,FALSE,NA
"Mean_ColorLab_L.Mean","K",145,NA,NA,NA,FALSE,NA
"Mean_ColorLab_L.Mean","L",145,NA,NA,NA,FALSE,NA
"Mean_ColorLab_L.Mean","M",145,NA,NA,NA,FALSE,NA
"Mean_ColorLab_L.Mean","N",145,NA,NA,NA,FALSE,NA
"Mean_ColorLab_L.Mean","P",145,NA,NA,NA,FALSE,NA
"Mean_ColorLab_L.Mean","R",145,NA,NA,NA,FALSE,NA
"Mean_ColorLab_L.Mean","S",145,NA,NA,NA,FALSE,NA
"Mean_ColorLab_L.Mean","T",145,NA,NA,NA,FALSE,NA
"Mean_ColorLab_L.Mean","V",145,NA,NA,NA,FALSE,NA
"Mean_ColorLab_L.Mean","W",145,NA,NA,NA,FALSE,NA
"Mean_ColorLab_L.Mean","Y",145,NA,NA,NA,FALSE,NA
"Mean_Shape_Area","V",145,-2149410.51818193,0.0157231337390235,0.0995173321726667,TRUE,0.169070327325991
"Mean_Shape_Area","W",145,-12255597.9569939,0.0198906267442342,0.0854383379928681,TRUE,0.169070327325991
"Mean_Shape_Area","H",145,-8398922.53504604,0.0341365774601658,0.102654053738133,TRUE,0.193440605607606
"Mean_Shape_Area","C",145,-13798586.1113277,0.0486723235261792,0.202093148744585,TRUE,0.206857374986262
"Mean_Shape_Area","F",145,-4292747.40241324,0.129498064215489,0.236313588646606,TRUE,0.317909187293373
"Mean_Shape_Area","G",145,-1040908.57172683,0.141794413626804,0.135722570624639,TRUE,0.317909187293373
"Mean_Shape_Area","E",145,1783283.65567214,0.147174299292292,0.157286121933816,TRUE,0.317909187293373
"Mean_Shape_Area","I",145,896679.881006547,0.156985077413843,0.12446817066549,TRUE,0.317909187293373
"Mean_Shape_Area","A",145,-467338.122422191,0.168304863861197,0.12703935612756,TRUE,0.317909187293373
"Mean_Shape_Area","N",145,830360.939023783,0.217681846363689,0.142897003958483,TRUE,0.370059138818271
"Mean_Shape_Area","S",145,836652.861616952,0.239856100772523,0.221016794265376,TRUE,0.370686701193898
"Mean_Shape_Area","D",145,-937055.372949023,0.432653897891596,0.23431583355703,TRUE,0.612926355346428
"Mean_Shape_Area","P",145,371401.092507413,0.610365387730601,0.262545329537946,TRUE,0.744505795083805
"Mean_Shape_Area","Y",145,-1097080.12184745,0.629759926422533,0.259517614824284,TRUE,0.744505795083805
"Mean_Shape_Area","M",145,963710.443112454,0.656916878015122,0.206927919413394,TRUE,0.744505795083805
"Mean_Shape_Area","K",145,233600.151895752,0.785934028589609,0.220280756235248,TRUE,0.83505490537646
"Mean_Shape_Area","R",145,68525.460634603,0.931085787656661,0.237094309127559,TRUE,0.931085787656661
"Mean_Shape_Area","L",145,NA,NA,NA,FALSE,NA
"Mean_Shape_Area","Q",145,NA,NA,NA,FALSE,NA
"Mean_Shape_Area","T",145,NA,NA,NA,FALSE,NA
