strain,species,tree_tip,aa_freq_prefix,n_replicates,Mean_Shape_Area,Mean_ColorLab_L*Mean,Mean_ColorLab_a*Mean,Mean_ColorLab_b*Mean,A,C,D,E,F,G,H,I,K,L,M,N,P,Q,R,S,T,V,W,Y
TFCN_98A-5,Rhodotorula mucilaginosa,Rhodotorula_mucilaginosa_TFCN_98A-5.proteins,TFCN98A5,1,27440.0,73.1675827846918,7.91673522337538,1.51053527802644,0.1136,0.0097,0.057,0.0615,0.0316,0.0728,0.0228,0.0354,0.0405,0.0902,0.0166,0.0265,0.0709,0.0382,0.0688,0.0897,0.0594,0.0606,0.0121,0.0223
TFCN_4M-1-3,Rhodotorula mucilaginosa,Rhodotorula_mucilaginosa_TFCN_4M-1-3.proteins,TFCN4M13,1,34553.25,73.4416157190038,10.8026405937925,3.36671543427247,0.1135,0.0096,0.057,0.0615,0.0317,0.0728,0.0228,0.0355,0.0405,0.0902,0.0167,0.0265,0.0708,0.0382,0.0687,0.0896,0.0593,0.0606,0.0122,0.0223
TFCN_3M-1-1,Rhodotorula mucilaginosa,Rhodotorula_mucilaginosa_TFCN_3M-1-1.proteins,TFCN3M11,1,46343.75,73.7221744839679,10.7947320617869,4.65188412865712,0.1143,0.0093,0.0575,0.0622,0.0313,0.0726,0.0228,0.0349,0.0404,0.0901,0.0164,0.0262,0.0709,0.0383,0.0704,0.089,0.0591,0.0604,0.012,0.0219
TFCN_7-9-3,Rhodotorula diobovata,Rhodotorula_diobovata_TFCN_7-9-3.proteins,TFCN793,1,37998.0,74.2851798173973,9.87931840527785,5.95325329918245,0.123,0.0098,0.0573,0.0594,0.031,0.0794,0.0237,0.0287,0.0371,0.0924,0.015,0.0214,0.0749,0.0352,0.0738,0.0867,0.0542,0.0638,0.0126,0.0205
TFCN_4M-1-2,Rhodotorula mucilaginosa,Rhodotorula_mucilaginosa_TFCN_4M-1-2.proteins,TFCN4M12,1,34507.0,73.4481114200038,10.8853178023073,4.81851258393379,0.1135,0.0096,0.057,0.0616,0.0317,0.0727,0.0228,0.0355,0.0405,0.0903,0.0166,0.0265,0.0706,0.0381,0.0688,0.0898,0.0594,0.0606,0.0122,0.0223
TFCN_1A-1-3,Rhodotorula pacifica,Rhodotorula_pacifica_TFCN_1A-1-3.proteins,TFCN1A13,1,30382.75,73.9067897849891,10.0448783560834,3.35096850681577,0.1136,0.0097,0.057,0.0614,0.0316,0.0727,0.0228,0.0355,0.0405,0.0902,0.0167,0.0265,0.0708,0.0382,0.0688,0.0897,0.0594,0.0606,0.0121,0.0223
TFCN_2M-1-4,Rhodotorula mucilaginosa,Rhodotorula_mucilaginosa_TFCN_2M-1-4.proteins,TFCN2M14,1,34164.25,72.0890598725291,12.1018988455155,5.55039410088609,0.1136,0.0096,0.057,0.0615,0.0316,0.0728,0.0228,0.0355,0.0406,0.0901,0.0166,0.0265,0.0708,0.0382,0.0688,0.0897,0.0594,0.0605,0.0121,0.0223
TFCN_340-3,Rhodotorula mucilaginosa,Rhodotorula_mucilaginosa_TFCN_340-3.proteins,TFCN3403,1,31126.75,72.5369822193307,11.4464520042149,5.06115774268899,0.1136,0.0096,0.057,0.0615,0.0316,0.0728,0.0228,0.0355,0.0405,0.0901,0.0166,0.0265,0.0708,0.0382,0.0687,0.0897,0.0594,0.0606,0.0121,0.0223
TFCN_340-1,Rhodotorula mucilaginosa,Rhodotorula_mucilaginosa_TFCN_340-1.proteins,TFCN3401,1,33448.5,72.9457924273496,10.1361715812929,4.58471247756128,0.1136,0.0096,0.057,0.0615,0.0316,0.0728,0.0228,0.0355,0.0405,0.0901,0.0166,0.0265,0.0708,0.0382,0.0687,0.0898,0.0594,0.0605,0.0121,0.0223
TFCN_48A-15,Rhodotorula paludigena,Rhodotorula_paludigena_TFCN_48A-15.proteins,TFCN48A15,1,34488.5,72.8424150145958,9.85025965566825,5.54356043975546,0.12,0.0095,0.0572,0.0608,0.0329,0.0745,0.0229,0.0332,0.0397,0.0934,0.0159,0.0237,0.0725,0.0365,0.068,0.0878,0.054,0.0625,0.0127,0.0223
TFCN_33A-4,Rhodotorula mucilaginosa,Rhodotorula_mucilaginosa_TFCN_33A-4.proteins,TFCN33A4,1,27084.0,73.5995728688462,5.04080062710802,2.8964048815855,0.1134,0.0092,0.0574,0.0619,0.0319,0.0729,0.0226,0.0362,0.0411,0.0903,0.0167,0.027,0.0698,0.0385,0.0675,0.0887,0.0593,0.0611,0.0121,0.0225
TFCN_7-9-2,Rhodotorula diobovata,Rhodotorula_diobovata_TFCN_7-9-2.proteins,TFCN792,1,31855.5,74.512432915648,8.91598627370027,4.21843081985129,0.123,0.0099,0.0573,0.0594,0.031,0.0793,0.0238,0.0287,0.0371,0.0925,0.0149,0.0216,0.075,0.0352,0.0731,0.0869,0.0542,0.0639,0.0126,0.0206
TFCN_43A-4,Rhodotorula paludigena,Rhodotorula_paludigena_TFCN_43A-4.proteins,TFCN43A4,1,40318.3333333333,74.552685301036,8.70654282300647,3.07092826825597,0.1198,0.0096,0.0573,0.0609,0.0329,0.0745,0.023,0.0333,0.0398,0.0934,0.0159,0.0238,0.0723,0.0365,0.068,0.0877,0.054,0.0625,0.0127,0.0223
TFCN_270H-2,Rhodotorula mucilaginosa,Rhodotorula_mucilaginosa_TFCN_270H-2.proteins,TFCN270H2,1,34443.0,71.8892141994139,12.8879466325178,6.32429459290846,0.1135,0.0096,0.057,0.0615,0.0316,0.0728,0.0228,0.0355,0.0406,0.0903,0.0167,0.0265,0.0707,0.0382,0.0687,0.0896,0.0594,0.0606,0.0121,0.0223
TFCN_98D-11,Rhodotorula mucilaginosa,Rhodotorula_mucilaginosa_TFCN_98D-11.proteins,TFCN98D11,1,33902.75,74.1972289702837,10.7469175164431,3.23614977915767,0.1135,0.0097,0.057,0.0615,0.0316,0.0727,0.0228,0.0354,0.0406,0.0902,0.0167,0.0265,0.0709,0.0382,0.0688,0.0897,0.0594,0.0605,0.0121,0.0222
TFCN_7W-292-3,Rhodotorula dairenensis,Rhodotorula_dairenensis_TFCN_7W-292-3.proteins,TFCN7W2923,1,43717.0,74.6782073355052,8.39059128627211,3.43160241079578,0.1171,0.0093,0.0584,0.0599,0.0314,0.0743,0.0231,0.0346,0.0395,0.0903,0.0163,0.0256,0.0711,0.0374,0.069,0.0866,0.0586,0.0628,0.0121,0.0226
TFCN_89D-3,Rhodotorula mucilaginosa,Rhodotorula_mucilaginosa_TFCN_89D-3.proteins,TFCN89D3,1,32919.0,73.7630787065611,11.3444413417799,4.29583321454895,0.1136,0.0096,0.057,0.0616,0.0316,0.0727,0.0228,0.0355,0.0406,0.0902,0.0166,0.0265,0.0708,0.0382,0.0688,0.0895,0.0593,0.0606,0.0121,0.0223
TFCN_98C-7,Rhodotorula mucilaginosa,Rhodotorula_mucilaginosa_TFCN_98C-7.proteins,TFCN98C7,1,33242.75,72.8828594702958,11.0585241785674,5.65065589866851,0.1136,0.0097,0.057,0.0615,0.0317,0.0728,0.0228,0.0355,0.0405,0.0901,0.0166,0.0265,0.0708,0.0382,0.0687,0.0897,0.0594,0.0606,0.0122,0.0223
TFCN_1B-1-2,Rhodotorula pacifica,Rhodotorula_pacifica_TFCN_1B-1-2.proteins,TFCN1B12,1,36549.75,73.332160731836,10.8851426131782,3.29366418745725,0.1136,0.0097,0.0569,0.0614,0.0317,0.0727,0.0228,0.0354,0.0404,0.0902,0.0167,0.0265,0.0709,0.0382,0.0688,0.0897,0.0594,0.0605,0.0122,0.0223
TFCN_98C-5,Rhodotorula mucilaginosa,Rhodotorula_mucilaginosa_TFCN_98C-5.proteins,TFCN98C5,1,33733.0,73.2021689185533,12.1686852833553,3.77332316004037,0.1137,0.0097,0.057,0.0613,0.0316,0.0727,0.0229,0.0353,0.0404,0.0902,0.0167,0.0264,0.0709,0.0382,0.0692,0.0896,0.0593,0.0607,0.0121,0.0222
TFCN_48A-3,Rhodotorula paludigena,Rhodotorula_paludigena_TFCN_48A-3.proteins,TFCN48A3,1,29702.0,72.954678860238,10.0251203876565,2.87456194416045,0.1199,0.0095,0.0573,0.0609,0.0329,0.0745,0.023,0.0332,0.0397,0.0933,0.0159,0.0238,0.0723,0.0365,0.068,0.0877,0.054,0.0625,0.0127,0.0223
TFCN_4M-1-5,Rhodotorula mucilaginosa,Rhodotorula_mucilaginosa_TFCN_4M-1-5.proteins,TFCN4M15,1,24496.75,73.3784070959901,8.74806645201138,1.20850782154332,0.1136,0.0096,0.057,0.0615,0.0316,0.0728,0.0228,0.0354,0.0405,0.0902,0.0167,0.0265,0.0708,0.0382,0.0687,0.0897,0.0594,0.0606,0.0121,0.0223
TFCN_25-335P-1,Rhodotorula diobovata,Rhodotorula_diobovata_TFCN_25-335P-1.proteins,TFCN25335P1,1,27881.25,74.8639756948738,10.0101856308609,5.54592202228685,0.1222,0.0096,0.0578,0.06,0.0317,0.0784,0.0236,0.0293,0.0378,0.0933,0.0152,0.0219,0.0738,0.0352,0.0703,0.0872,0.0545,0.0644,0.0127,0.0209
TFCN_48D-10,Rhodotorula paludigena,Rhodotorula_paludigena_TFCN_48D-10.proteins,TFCN48D10,1,31144.0,73.589372357705,5.63783538582057,4.07503305003972,0.1198,0.0095,0.0572,0.0609,0.0329,0.0744,0.023,0.0332,0.0397,0.0934,0.0159,0.0238,0.0724,0.0365,0.0681,0.0878,0.054,0.0625,0.0127,0.0223
TFCN_48D-4,Rhodotorula paludigena,Rhodotorula_paludigena_TFCN_48D-4.proteins,TFCN48D4,1,46860.0,74.7076337881329,8.78857499580617,4.68082247533071,0.1199,0.0095,0.0572,0.0609,0.0329,0.0745,0.023,0.0332,0.0397,0.0933,0.0159,0.0237,0.0725,0.0366,0.0681,0.0878,0.054,0.0625,0.0126,0.0222
TFCN_86A-3,Rhodotorula mucilaginosa,Rhodotorula_mucilaginosa_TFCN_86A-3.proteins,TFCN86A3,1,58996.0,74.0228387568996,8.83903413089482,2.33356779848766,0.1139,0.0093,0.0574,0.062,0.0317,0.073,0.0227,0.0358,0.041,0.0903,0.0167,0.0267,0.0703,0.0384,0.0675,0.0887,0.0592,0.0608,0.0121,0.0225
TFCN_4M-1-4,Rhodotorula mucilaginosa,Rhodotorula_mucilaginosa_TFCN_4M-1-4.proteins,TFCN4M14,1,39545.75,75.5468542388049,10.9981277576703,2.28113958665415,0.1135,0.0097,0.057,0.0614,0.0316,0.0728,0.0228,0.0355,0.0405,0.0903,0.0167,0.0265,0.0708,0.0382,0.0687,0.0896,0.0594,0.0606,0.0121,0.0223
TFCN_404D-1,Rhodotorula mucilaginosa,Rhodotorula_mucilaginosa_TFCN_404D-1.proteins,TFCN404D1,1,43078.0,74.4208400957103,10.1354757660928,3.97484900610907,0.1135,0.0095,0.0571,0.0615,0.0317,0.0727,0.0228,0.0358,0.0406,0.0902,0.0167,0.0267,0.0705,0.0383,0.0683,0.0894,0.0594,0.0607,0.0122,0.0224
TFCN_342-2,Rhodotorula paludigena,Rhodotorula_paludigena_TFCN_342-2.proteins,TFCN3422,1,39145.0,75.6753511656994,6.68649700452888,3.17923789972642,0.12,0.0095,0.0571,0.0609,0.0329,0.0744,0.0229,0.0332,0.0398,0.0932,0.0159,0.0238,0.0725,0.0365,0.0681,0.0879,0.054,0.0625,0.0126,0.0223
TFCN_48A-10,Rhodotorula paludigena,Rhodotorula_paludigena_TFCN_48A-10.proteins,TFCN48A10,1,32897.0,76.0865821672679,11.3523818993399,1.94308226333278,0.1199,0.0095,0.0572,0.0609,0.0329,0.0745,0.023,0.0332,0.0397,0.0933,0.0159,0.0238,0.0724,0.0365,0.0681,0.0879,0.0541,0.0624,0.0127,0.0223
TFCN_273H-1,Rhodotorula mucilaginosa,Rhodotorula_mucilaginosa_TFCN_273H-1.proteins,TFCN273H1,1,36174.25,73.7072493505683,11.88645943873,5.43354813102989,0.1136,0.0096,0.057,0.0615,0.0316,0.0728,0.0228,0.0355,0.0405,0.09,0.0166,0.0265,0.0709,0.0382,0.0688,0.0898,0.0594,0.0605,0.0121,0.0223
TFCN_98C-8,Rhodotorula mucilaginosa,Rhodotorula_mucilaginosa_TFCN_98C-8.proteins,TFCN98C8,1,33674.5,75.3471411225857,10.0750933517607,2.22855376379841,0.1136,0.0096,0.057,0.0615,0.0316,0.0728,0.0228,0.0355,0.0405,0.0902,0.0166,0.0265,0.0709,0.0382,0.0687,0.0896,0.0594,0.0606,0.0121,0.0223
TFCN_25-335C-1,Rhodotorula diobovata,Rhodotorula_diobovata_TFCN_25-335C-1.proteins,TFCN25335C1,1,27937.75,74.8146651418244,10.9629155569401,4.49232824671326,0.1234,0.0095,0.0576,0.0599,0.0314,0.0793,0.0234,0.029,0.0376,0.0927,0.0151,0.0217,0.0746,0.0352,0.0705,0.0874,0.0543,0.0641,0.0126,0.0208
TFCN_17-328P-3,Rhodotorula sp. clade I,Rhodotorula_sp._clade_I_TFCN_17-328P-3.proteins,TFCN17328P3,1,18659.0,73.7389582893925,6.41607330840592,1.68054746346796,0.1252,0.0092,0.0588,0.0572,0.0313,0.0765,0.0239,0.0295,0.037,0.0932,0.015,0.021,0.0751,0.0349,0.0702,0.0912,0.0538,0.0635,0.0123,0.021
TFCN_54D-2,Rhodotorula mucilaginosa,Rhodotorula_mucilaginosa_TFCN_54D-2.proteins,TFCN54D2,1,71234.75,75.6095273058737,8.18220650385177,1.73704721265003,0.1138,0.0092,0.0575,0.0621,0.0318,0.0729,0.0227,0.0358,0.041,0.0905,0.0167,0.0267,0.0701,0.0383,0.0677,0.0886,0.0591,0.0609,0.0122,0.0225
TFCN_17-328C-3,Rhodotorula sp. clade I,Rhodotorula_sp._clade_I_TFCN_17-328C-3.proteins,TFCN17328C3,1,47853.0,75.3459539027189,10.8949395869464,4.06799490052725,0.1252,0.0092,0.0588,0.0572,0.0313,0.0766,0.0239,0.0295,0.037,0.0932,0.015,0.021,0.0751,0.035,0.0701,0.0913,0.0538,0.0635,0.0123,0.021
TFCN_17-334Y-6,Rhodotorula diobovata,Rhodotorula_diobovata_TFCN_17-334Y-6.proteins,TFCN17334Y6,1,24700.25,73.7169092558848,7.82804849810587,3.41135943864282,0.1235,0.0095,0.0575,0.06,0.0314,0.0793,0.0234,0.029,0.0375,0.0927,0.015,0.0217,0.0745,0.0351,0.0705,0.0873,0.0544,0.0642,0.0126,0.0208
TFCN_25-333P-5,Rhodotorula paludigena,Rhodotorula_paludigena_TFCN_25-333P-5.proteins,TFCN25333P5,1,16708.5,72.0331246848838,4.69131702207009,3.6023648906167,0.1199,0.0095,0.0573,0.0609,0.0329,0.0746,0.023,0.0332,0.0397,0.0933,0.0159,0.0238,0.0724,0.0365,0.0681,0.0879,0.054,0.0624,0.0127,0.0223
TFCN_222A-2,Rhodotorula sp. clade I,Rhodotorula_sp._clade_I_TFCN_222A-2.proteins,TFCN222A2,1,40103.0,74.1587831689906,12.2666717248646,3.28170553173812,0.1253,0.0092,0.0589,0.0573,0.0313,0.0769,0.0239,0.0295,0.037,0.0931,0.015,0.021,0.075,0.0349,0.0701,0.0912,0.0537,0.0634,0.0123,0.021
TFCN_98A-10,Rhodotorula mucilaginosa,Rhodotorula_mucilaginosa_TFCN_98A-10.proteins,TFCN98A10,1,32599.25,73.516956409137,11.176444346031,5.18816113409923,0.1136,0.0096,0.057,0.0615,0.0316,0.0728,0.0228,0.0355,0.0405,0.0901,0.0166,0.0265,0.0708,0.0382,0.0688,0.0898,0.0594,0.0605,0.0121,0.0223
TFCN_363-1-2,Rhodotorula mucilaginosa,Rhodotorula_mucilaginosa_TFCN_363-1-2.proteins,TFCN36312,1,37229.0,74.0435983842043,11.8738086090191,5.14514004684196,0.1138,0.0093,0.0575,0.0621,0.0317,0.0729,0.0227,0.0358,0.041,0.0904,0.0166,0.0267,0.0702,0.0383,0.0676,0.0886,0.0592,0.0609,0.0121,0.0225
TFCN_98C-3,Rhodotorula mucilaginosa,Rhodotorula_mucilaginosa_TFCN_98C-3.proteins,TFCN98C3,1,34059.75,75.5454131417165,10.7392459133813,1.31145555225347,0.1136,0.0097,0.057,0.0615,0.0316,0.0727,0.0228,0.0355,0.0406,0.0902,0.0167,0.0265,0.0708,0.0382,0.0687,0.0896,0.0594,0.0606,0.0121,0.0223
TFCN_49A-1,Rhodotorula paludigena,Rhodotorula_paludigena_TFCN_49A-1.proteins,TFCN49A1,1,25125.0,74.258572213972,11.2655273932757,1.72232511838521,0.1199,0.0095,0.0572,0.0609,0.0329,0.0745,0.023,0.0332,0.0397,0.0933,0.0159,0.0238,0.0724,0.0365,0.0681,0.0878,0.054,0.0624,0.0127,0.0223
TFCN_98D-9,Rhodotorula mucilaginosa,Rhodotorula_mucilaginosa_TFCN_98D-9.proteins,TFCN98D9,1,40226.0,75.1583505842229,10.1966099112458,1.46583789816371,0.1135,0.0097,0.057,0.0615,0.0316,0.0727,0.0228,0.0355,0.0406,0.0902,0.0167,0.0265,0.0707,0.0381,0.0687,0.0897,0.0594,0.0606,0.0121,0.0223
TFCN_54D-1,Rhodotorula mucilaginosa,Rhodotorula_mucilaginosa_TFCN_54D-1.proteins,TFCN54D1,1,43968.0,75.8193196626736,9.21821934703929,3.1667943623074,0.1136,0.0093,0.0574,0.0619,0.0318,0.0728,0.0227,0.036,0.041,0.0904,0.0166,0.0268,0.07,0.0384,0.0676,0.0888,0.0593,0.0609,0.0122,0.0225
TFCN_86A-12,Rhodotorula mucilaginosa,Rhodotorula_mucilaginosa_TFCN_86A-12.proteins,TFCN86A12,1,31756.0,74.4965270416252,11.0152083999726,1.85280085197533,0.1138,0.0092,0.0575,0.062,0.0318,0.073,0.0227,0.0358,0.041,0.0904,0.0166,0.0267,0.0703,0.0383,0.0676,0.0887,0.0592,0.0609,0.0121,0.0225
TFCN_48C-3,Rhodotorula paludigena,Rhodotorula_paludigena_TFCN_48C-3.proteins,TFCN48C3,1,46066.0,77.7092868956675,6.04460212787679,2.33392065371861,0.1198,0.0095,0.0572,0.0609,0.0329,0.0745,0.023,0.0332,0.0398,0.0933,0.0159,0.0238,0.0724,0.0365,0.0681,0.0878,0.054,0.0625,0.0127,0.0223
TFCN_342-3,Rhodotorula mucilaginosa,Rhodotorula_mucilaginosa_TFCN_342-3.proteins,TFCN3423,1,36207.25,74.831111149186,10.7028942974555,2.06431103692564,0.1138,0.0093,0.0575,0.062,0.0317,0.073,0.0227,0.0359,0.0411,0.0903,0.0167,0.0267,0.0702,0.0383,0.0675,0.0886,0.0591,0.0609,0.0121,0.0225
TFCN_98D-7,Rhodotorula mucilaginosa,Rhodotorula_mucilaginosa_TFCN_98D-7.proteins,TFCN98D7,1,41386.25,75.8167819349476,10.4783916032889,2.0527926514018,0.1136,0.0096,0.057,0.0615,0.0316,0.0728,0.0228,0.0355,0.0405,0.0902,0.0167,0.0265,0.0708,0.0382,0.0687,0.0896,0.0593,0.0606,0.0121,0.0223
TFCN_48A-2,Rhodotorula paludigena,Rhodotorula_paludigena_TFCN_48A-2.proteins,TFCN48A2,1,33765.25,74.2561378127448,11.7866152470621,4.36019929866119,0.1199,0.0095,0.0572,0.0609,0.0329,0.0745,0.023,0.0333,0.0398,0.0933,0.0159,0.0237,0.0724,0.0365,0.0681,0.0878,0.0539,0.0626,0.0127,0.0223
TFCN_1A-1-2,Rhodotorula paludigena,Rhodotorula_paludigena_TFCN_1A-1-2.proteins,TFCN1A12,1,38908.0,72.9361345341357,11.4675752053137,6.33523503965536,0.1139,0.0093,0.0575,0.062,0.0318,0.073,0.0227,0.0358,0.041,0.0903,0.0166,0.0267,0.0703,0.0383,0.0676,0.0886,0.0592,0.0608,0.0121,0.0225
DBVPG_3238,Rhodotorula mucilaginosa,Rhodotorula_mucilaginosa_DBVPG_3238.proteins,DBVPG3238,1,40197.0,74.2382399592932,9.37343134150089,4.62789262489834,0.1136,0.0096,0.057,0.0615,0.0316,0.0728,0.0228,0.0355,0.0405,0.0901,0.0166,0.0265,0.0709,0.0382,0.0687,0.0897,0.0594,0.0605,0.0121,0.0223
DBVPG_3444,Rhodotorula mucilaginosa,Rhodotorula_mucilaginosa_DBVPG_3444.proteins,DBVPG3444,1,38193.5,75.6026615331799,8.08184164515067,2.62111542728286,0.1135,0.0095,0.0571,0.0616,0.0317,0.0729,0.0227,0.0357,0.0407,0.0901,0.0167,0.0266,0.0705,0.0383,0.0682,0.0893,0.0594,0.0608,0.0121,0.0224
DBVPG_3775,Rhodotorula mucilaginosa,Rhodotorula_mucilaginosa_DBVPG_3775.proteins,DBVPG3775,1,31382.0,74.5627228571298,9.73634715151601,3.00351491541865,0.1136,0.0097,0.057,0.0614,0.0316,0.0727,0.0228,0.0354,0.0405,0.0902,0.0167,0.0264,0.071,0.0382,0.0688,0.0898,0.0594,0.0606,0.0121,0.0223
DBVPG_3983,Rhodotorula mucilaginosa,Rhodotorula_mucilaginosa_DBVPG_3983.proteins,DBVPG3983,1,29782.5,74.1387130766108,8.3569069273487,3.47134536605186,0.1136,0.0097,0.0571,0.0615,0.0316,0.0728,0.0228,0.0355,0.0406,0.0901,0.0167,0.0265,0.0707,0.0382,0.0687,0.0896,0.0593,0.0605,0.0121,0.0223
DBVPG_4378,Rhodotorula mucilaginosa,Rhodotorula_mucilaginosa_DBVPG_4378.proteins,DBVPG4378,1,28670.25,73.5721137576291,10.1320119850664,3.75731222816959,0.1136,0.0097,0.057,0.0614,0.0316,0.0728,0.0228,0.0354,0.0405,0.0901,0.0167,0.0265,0.0709,0.0382,0.0688,0.0898,0.0594,0.0606,0.0121,0.0223
DBVPG_4618,Rhodotorula mucilaginosa,Rhodotorula_mucilaginosa_DBVPG_4618.proteins,DBVPG4618,1,24616.5,74.8930049514571,11.5034322473553,4.23412838556495,0.1135,0.0097,0.057,0.0615,0.0316,0.0727,0.0228,0.0354,0.0406,0.0901,0.0167,0.0265,0.0709,0.0383,0.0687,0.0897,0.0593,0.0606,0.0122,0.0223
DBVPG_3776,Rhodotorula mucilaginosa,Rhodotorula_mucilaginosa_DBVPG_3776.proteins,DBVPG3776,1,39874.0,75.2649200919458,10.5536624755439,1.82649379193522,0.1136,0.0097,0.057,0.0614,0.0315,0.0727,0.0228,0.0354,0.0405,0.0901,0.0167,0.0264,0.071,0.0383,0.0688,0.0898,0.0594,0.0605,0.0121,0.0223
DBVPG_3984,Rhodotorula mucilaginosa,Rhodotorula_mucilaginosa_DBVPG_3984.proteins,DBVPG3984,1,44061.6666666667,73.3888634439946,8.8590389854678,4.22615936270555,0.1136,0.0096,0.0571,0.0615,0.0316,0.0728,0.0228,0.0355,0.0406,0.0901,0.0167,0.0264,0.0708,0.0382,0.0687,0.0897,0.0593,0.0605,0.0121,0.0223
DBVPG_3768,Rhodotorula dairenensis,Rhodotorula_dairenensis_DBVPG_3768.proteins,DBVPG3768,1,53693.3333333333,74.6707180876384,7.1188189535855,8.14741732541449,0.117,0.0093,0.0584,0.0599,0.0314,0.0741,0.0232,0.0346,0.0393,0.0903,0.0162,0.0256,0.0712,0.0374,0.0691,0.0867,0.0586,0.0629,0.0121,0.0225
DBVPG_3777,Rhodotorula mucilaginosa,Rhodotorula_mucilaginosa_DBVPG_3777.proteins,DBVPG3777,1,39812.6666666667,74.0515355440657,11.0963422276037,2.19277936685966,0.1136,0.0097,0.057,0.0614,0.0316,0.0727,0.0228,0.0354,0.0405,0.0901,0.0167,0.0264,0.071,0.0382,0.0688,0.0898,0.0594,0.0605,0.0121,0.0223
DBVPG_4380,Rhodotorula mucilaginosa,Rhodotorula_mucilaginosa_DBVPG_4380.proteins,DBVPG4380,1,43431.0,76.1385295116426,5.83848718305669,2.59889877604408,0.113,0.0094,0.0573,0.0615,0.0318,0.0726,0.0229,0.0361,0.0408,0.0908,0.0168,0.0267,0.0698,0.0384,0.0681,0.0882,0.0595,0.0611,0.0123,0.0227
DBVPG_4669,Rhodotorula mucilaginosa,Rhodotorula_mucilaginosa_DBVPG_4669.proteins,DBVPG4669,1,41759.6666666667,71.8560845249208,12.3394887978551,6.71258398169078,0.1135,0.0097,0.0569,0.0615,0.0316,0.0729,0.0228,0.0355,0.0405,0.0902,0.0166,0.0265,0.0707,0.0382,0.0688,0.0897,0.0594,0.0606,0.0121,0.0223
DBVPG_3853,Rhodotorula dairenensis,Rhodotorula_dairenensis_DBVPG_3853.proteins,DBVPG3853,2,20979.5,71.85311723574765,4.268187822201675,5.189554615979285,0.117,0.0093,0.0583,0.0599,0.0315,0.074,0.0232,0.0346,0.0393,0.0904,0.0163,0.0257,0.0711,0.0374,0.0691,0.0866,0.0586,0.0629,0.0122,0.0226
DBVPG_3381,Rhodotorula mucilaginosa,Rhodotorula_mucilaginosa_DBVPG_3381.proteins,DBVPG3381,1,53243.0,74.690475087227,11.4745529356888,5.27938807292323,0.1137,0.0096,0.057,0.0615,0.0316,0.0728,0.0228,0.0355,0.0405,0.0901,0.0166,0.0265,0.0709,0.0382,0.0686,0.0897,0.0594,0.0606,0.0121,0.0223
DBVPG_3769,Rhodotorula dairenensis,Rhodotorula_dairenensis_DBVPG_3769.proteins,DBVPG3769,1,51684.0,77.3431473045032,8.59822723074703,7.38137341448926,0.117,0.0093,0.0584,0.0599,0.0315,0.074,0.0232,0.0346,0.0394,0.0904,0.0163,0.0257,0.0711,0.0374,0.0691,0.0867,0.0586,0.0629,0.0122,0.0226
DBVPG_4201,Rhodotorula mucilaginosa,Rhodotorula_mucilaginosa_DBVPG_4201.proteins,DBVPG4201,1,43317.6666666667,76.0210837718543,11.6559898019764,1.13947903721829,0.1136,0.0096,0.057,0.0615,0.0316,0.0727,0.0228,0.0355,0.0405,0.0902,0.0167,0.0265,0.0709,0.0382,0.0687,0.0896,0.0593,0.0606,0.0121,0.0223
DBVPG_4408,Rhodotorula mucilaginosa,Rhodotorula_mucilaginosa_DBVPG_4408.proteins,DBVPG4408,1,39056.0,74.8942262776777,10.4481582627809,2.91534002753627,0.1136,0.0097,0.0571,0.0616,0.0316,0.0728,0.0228,0.0354,0.0406,0.0902,0.0166,0.0265,0.0707,0.0381,0.0687,0.0895,0.0593,0.0606,0.0122,0.0223
DBVPG_4920,Rhodotorula mucilaginosa,Rhodotorula_mucilaginosa_DBVPG_4920.proteins,DBVPG4920,1,24727.0,73.7530784405461,13.2331570227817,2.53910837016387,0.1136,0.0097,0.057,0.0614,0.0316,0.0727,0.0228,0.0354,0.0405,0.0901,0.0167,0.0265,0.0709,0.0382,0.0688,0.0897,0.0594,0.0605,0.0121,0.0223
DBVPG_3044,Rhodotorula mucilaginosa,Rhodotorula_mucilaginosa_DBVPG_3044.proteins,DBVPG3044,1,40905.6666666667,73.8143971215963,9.30438520505317,3.45580934558432,0.1136,0.0097,0.0571,0.0615,0.0316,0.0727,0.0228,0.0355,0.0406,0.0901,0.0167,0.0264,0.0708,0.0382,0.0687,0.0896,0.0594,0.0605,0.0121,0.0223
DBVPG_3382,Rhodotorula mucilaginosa,Rhodotorula_mucilaginosa_DBVPG_3382.proteins,DBVPG3382,1,43159.3333333333,73.4912154734394,12.2525695596836,5.57348142189952,0.1137,0.0096,0.057,0.0615,0.0316,0.0728,0.0228,0.0354,0.0405,0.0901,0.0166,0.0265,0.0709,0.0382,0.0686,0.0898,0.0594,0.0606,0.0121,0.0223
DBVPG_3770,Rhodotorula dairenensis,Rhodotorula_dairenensis_DBVPG_3770.proteins,DBVPG3770,1,76222.0,75.5109236777555,11.0569278127337,9.07373461910316,0.117,0.0092,0.0584,0.06,0.0315,0.0742,0.0231,0.0346,0.0394,0.0903,0.0162,0.0256,0.0712,0.0374,0.0692,0.0867,0.0586,0.0629,0.0121,0.0225
DBVPG_3854,Rhodotorula mucilaginosa,Rhodotorula_mucilaginosa_DBVPG_3854.proteins,DBVPG3854,1,35829.0,74.3155831370753,8.51018939682579,3.50527504343664,0.1136,0.0095,0.0573,0.0617,0.0317,0.0727,0.0227,0.0354,0.0406,0.0904,0.0166,0.0265,0.071,0.0382,0.0684,0.0892,0.0594,0.0606,0.0122,0.0223
DBVPG_4202,Rhodotorula mucilaginosa,Rhodotorula_mucilaginosa_DBVPG_4202.proteins,DBVPG4202,1,77762.0,74.0503724014456,8.7722485072562,2.27048920385045,0.1136,0.0096,0.057,0.0615,0.0316,0.0728,0.0228,0.0355,0.0406,0.0902,0.0167,0.0265,0.0709,0.0382,0.0687,0.0896,0.0594,0.0605,0.0121,0.0223
DBVPG_4466,Rhodotorula mucilaginosa,Rhodotorula_mucilaginosa_DBVPG_4466.proteins,DBVPG4466,1,38444.3333333333,75.2668675946206,11.249049458604,1.80495240782275,0.1136,0.0097,0.0569,0.0614,0.0316,0.0728,0.0228,0.0354,0.0405,0.0902,0.0167,0.0265,0.0708,0.0382,0.0688,0.0897,0.0594,0.0606,0.0121,0.0223
DBVPG_4945,Rhodotorula mucilaginosa,Rhodotorula_mucilaginosa_DBVPG_4945.proteins,DBVPG4945,1,43114.6666666667,74.8552443589904,12.3846440038823,1.50212709770844,0.1136,0.0097,0.057,0.0615,0.0316,0.0727,0.0228,0.0354,0.0405,0.0903,0.0167,0.0265,0.0708,0.0382,0.0687,0.0896,0.0594,0.0606,0.0121,0.0223
DBVPG_3045,Rhodotorula mucilaginosa,Rhodotorula_mucilaginosa_DBVPG_3045.proteins,DBVPG3045,1,34713.0,74.814200398473,6.49230094553271,3.25675723018433,0.1137,0.0096,0.0571,0.0616,0.0316,0.0727,0.0227,0.0355,0.0406,0.0901,0.0167,0.0265,0.0708,0.0383,0.0686,0.0896,0.0594,0.0606,0.0121,0.0223
DBVPG_3383,Rhodotorula mucilaginosa,Rhodotorula_mucilaginosa_DBVPG_3383.proteins,DBVPG3383,1,38485.6666666667,73.1279789405214,12.491809617526,5.97448497970133,0.1137,0.0096,0.057,0.0615,0.0316,0.0728,0.0228,0.0354,0.0405,0.0901,0.0166,0.0265,0.0709,0.0382,0.0686,0.0897,0.0594,0.0606,0.0121,0.0223
DBVPG_3771,Rhodotorula dairenensis,Rhodotorula_dairenensis_DBVPG_3771.proteins,DBVPG3771,1,40.0,64.3541660136224,-0.414650083493281,1.52684666723264,0.1171,0.0093,0.0583,0.0598,0.0313,0.0741,0.0232,0.0345,0.0393,0.0902,0.0162,0.0256,0.0714,0.0374,0.0693,0.0869,0.0588,0.0627,0.0121,0.0225
DBVPG_3855,Rhodotorula mucilaginosa,Rhodotorula_mucilaginosa_DBVPG_3855.proteins,DBVPG3855,1,36045.0,75.293143623234,8.23024697214125,3.91127481014506,0.1139,0.0097,0.0569,0.0615,0.0315,0.0728,0.0227,0.0354,0.0407,0.0898,0.0168,0.0265,0.0712,0.0382,0.0686,0.0897,0.0593,0.0605,0.012,0.0222
DBVPG_4203,Rhodotorula mucilaginosa,Rhodotorula_mucilaginosa_DBVPG_4203.proteins,DBVPG4203,1,35730.6666666667,74.8391956226972,10.9398652921097,1.08943361942464,0.1136,0.0096,0.057,0.0615,0.0316,0.0728,0.0228,0.0354,0.0405,0.0901,0.0166,0.0265,0.0709,0.0382,0.0687,0.0897,0.0594,0.0605,0.0121,0.0223
DBVPG_4946,Rhodotorula mucilaginosa,Rhodotorula_mucilaginosa_DBVPG_4946.proteins,DBVPG4946,1,37067.6666666667,73.6809915637149,12.311494890762,2.60558787410249,0.1136,0.0097,0.057,0.0614,0.0316,0.0727,0.0228,0.0354,0.0405,0.0902,0.0167,0.0264,0.0709,0.0382,0.0688,0.0898,0.0594,0.0605,0.0121,0.0223
DBVPG_3090,Rhodotorula mucilaginosa,Rhodotorula_mucilaginosa_DBVPG_3090.proteins,DBVPG3090,1,45348.6666666667,73.6655310310359,12.9460860059454,6.32882612575018,0.1136,0.0096,0.0571,0.0615,0.0316,0.0728,0.0228,0.0355,0.0406,0.0901,0.0167,0.0264,0.0708,0.0382,0.0686,0.0896,0.0594,0.0606,0.0121,0.0223
DBVPG_3384,Rhodotorula mucilaginosa,Rhodotorula_mucilaginosa_DBVPG_3384.proteins,DBVPG3384,1,37355.6666666667,73.4877402453793,11.8571881081291,5.66117117643649,0.1137,0.0096,0.057,0.0615,0.0316,0.0728,0.0228,0.0355,0.0405,0.0901,0.0167,0.0265,0.0709,0.0382,0.0686,0.0897,0.0594,0.0606,0.0121,0.0223
DBVPG_3772,Rhodotorula dairenensis,Rhodotorula_dairenensis_DBVPG_3772.proteins,DBVPG3772,1,37896.6666666667,73.8620447059663,10.8746915240095,6.21625620304348,0.1169,0.0093,0.0584,0.0599,0.0315,0.0741,0.0232,0.0346,0.0394,0.0904,0.0162,0.0257,0.0711,0.0373,0.0691,0.0866,0.0586,0.0629,0.0122,0.0226
DBVPG_3856,Rhodotorula mucilaginosa,Rhodotorula_mucilaginosa_DBVPG_3856.proteins,DBVPG3856,1,39562.0,74.6609713780919,8.11857490840466,4.47722717258392,0.1136,0.0095,0.0573,0.0616,0.0317,0.0727,0.0228,0.0354,0.0405,0.0904,0.0167,0.0264,0.0709,0.0381,0.0685,0.0893,0.0594,0.0606,0.0121,0.0223
DBVPG_4304,Rhodotorula mucilaginosa,Rhodotorula_mucilaginosa_DBVPG_4304.proteins,DBVPG4304,1,40018.3333333333,75.2971221947792,11.3430521369804,1.45157753768511,0.1135,0.0097,0.057,0.0615,0.0316,0.0728,0.0228,0.0354,0.0406,0.0902,0.0167,0.0265,0.0708,0.0382,0.0688,0.0897,0.0594,0.0606,0.0121,0.0223
DBVPG_4947,Rhodotorula mucilaginosa,Rhodotorula_mucilaginosa_DBVPG_4947.proteins,DBVPG4947,1,46999.3333333333,75.7866797106298,11.4926045599894,1.14134011386037,0.1136,0.0097,0.057,0.0614,0.0316,0.0727,0.0228,0.0355,0.0405,0.0902,0.0167,0.0265,0.0709,0.0382,0.0688,0.0897,0.0593,0.0606,0.0121,0.0223
DBVPG_3235,Rhodotorula mucilaginosa,Rhodotorula_mucilaginosa_DBVPG_3235.proteins,DBVPG3235,1,40736.3333333333,76.4809759438188,6.8744720319548,2.74514364028967,0.1136,0.0097,0.0571,0.0615,0.0316,0.0727,0.0228,0.0355,0.0406,0.0902,0.0167,0.0265,0.0708,0.0382,0.0687,0.0896,0.0593,0.0605,0.0121,0.0223
DBVPG_3442,Rhodotorula mucilaginosa,Rhodotorula_mucilaginosa_DBVPG_3442.proteins,DBVPG3442,1,37065.0,74.9297881536868,9.40454352701233,4.19480408955237,0.1136,0.0097,0.057,0.0614,0.0316,0.0727,0.0228,0.0354,0.0405,0.0901,0.0167,0.0264,0.071,0.0382,0.0688,0.0897,0.0594,0.0605,0.0121,0.0223
DBVPG_3773,Rhodotorula dairenensis,Rhodotorula_dairenensis_DBVPG_3773.proteins,DBVPG3773,1,9363.33333333333,72.2498209628655,3.86148819957559,0.324832065504338,0.1171,0.0093,0.0583,0.0599,0.0314,0.0741,0.0232,0.0346,0.0395,0.0903,0.0163,0.0257,0.0711,0.0374,0.0691,0.0865,0.0586,0.0629,0.0121,0.0226
DBVPG_3857,Rhodotorula mucilaginosa,Rhodotorula_mucilaginosa_DBVPG_3857.proteins,DBVPG3857,1,69558.3333333333,76.0944165981598,10.4738848047553,8.74980090993271,0.1136,0.0095,0.0572,0.0616,0.0316,0.0728,0.0228,0.0354,0.0405,0.0903,0.0166,0.0264,0.071,0.0382,0.0685,0.0894,0.0594,0.0606,0.0121,0.0223
DBVPG_4376,Rhodotorula mucilaginosa,Rhodotorula_mucilaginosa_DBVPG_4376.proteins,DBVPG4376,1,42454.6666666667,74.8429939654365,8.30782181117944,4.69964660898578,0.1137,0.0096,0.0571,0.0615,0.0316,0.0728,0.0228,0.0354,0.0405,0.0901,0.0166,0.0265,0.0709,0.0382,0.0687,0.0897,0.0594,0.0605,0.0121,0.0223
DBVPG_4534,Rhodotorula mucilaginosa,Rhodotorula_mucilaginosa_DBVPG_4534.proteins,DBVPG4534,1,40115.6666666667,76.5714206987243,8.33203094995512,2.19352107399885,0.1135,0.0093,0.0573,0.0618,0.0318,0.0728,0.0226,0.0362,0.041,0.0903,0.0167,0.027,0.0699,0.0385,0.0675,0.0888,0.0594,0.061,0.0121,0.0226
DBVPG_4949,Rhodotorula mucilaginosa,Rhodotorula_mucilaginosa_DBVPG_4949.proteins,DBVPG4949,1,40553.0,76.1244927935359,6.9461250213467,2.71367950525999,0.1135,0.0096,0.0571,0.0616,0.0316,0.0727,0.0228,0.0355,0.0405,0.0902,0.0166,0.0265,0.0708,0.0382,0.0688,0.0897,0.0594,0.0605,0.0121,0.0223
DBVPG_3237,Rhodotorula mucilaginosa,Rhodotorula_mucilaginosa_DBVPG_3237.proteins,DBVPG3237,1,43533.3333333333,76.4121035714764,10.3266387361739,1.44693197854754,0.1137,0.0096,0.0571,0.0615,0.0316,0.0728,0.0228,0.0354,0.0406,0.0901,0.0167,0.0265,0.0709,0.0382,0.0686,0.0897,0.0593,0.0606,0.0121,0.0223
DBVPG_3443,Rhodotorula mucilaginosa,Rhodotorula_mucilaginosa_DBVPG_3443.proteins,DBVPG3443,1,36798.3333333333,73.4168717350775,11.5204187297711,5.84417806905622,0.1136,0.0097,0.057,0.0614,0.0316,0.0727,0.0228,0.0354,0.0405,0.0901,0.0167,0.0264,0.071,0.0382,0.0689,0.0898,0.0594,0.0605,0.0121,0.0223
DBVPG_3774,Rhodotorula mucilaginosa,Rhodotorula_mucilaginosa_DBVPG_3774.proteins,DBVPG3774,1,41139.0,76.907968044075,7.36306097454434,0.819696310646907,0.1137,0.0096,0.057,0.0615,0.0316,0.0728,0.0228,0.0354,0.0405,0.0901,0.0166,0.0265,0.0709,0.0382,0.0686,0.0897,0.0594,0.0605,0.0121,0.0223
DBVPG_3858,Rhodotorula mucilaginosa,Rhodotorula_mucilaginosa_DBVPG_3858.proteins,DBVPG3858,1,49212.6666666667,74.1760792975919,12.2672636530785,5.482829082472,0.1136,0.0097,0.057,0.0614,0.0316,0.0728,0.0228,0.0354,0.0405,0.0901,0.0167,0.0265,0.0709,0.0382,0.0688,0.0898,0.0594,0.0605,0.0121,0.0223
DBVPG_4377,Rhodotorula mucilaginosa,Rhodotorula_mucilaginosa_DBVPG_4377.proteins,DBVPG4377,1,22834.3333333333,74.1069810449371,8.25462543930922,1.32102820735769,0.1136,0.0096,0.0571,0.0615,0.0316,0.0728,0.0228,0.0355,0.0406,0.0902,0.0167,0.0265,0.0708,0.0383,0.0686,0.0896,0.0594,0.0605,0.0121,0.0223
DBVPG_4610,Rhodotorula paludigena,Rhodotorula_paludigena_DBVPG_4610.proteins,DBVPG4610,1,3067.0,70.9763651814714,0.915868529352344,-1.10179854352041,0.1196,0.0095,0.0571,0.0607,0.0329,0.0745,0.023,0.0333,0.0397,0.0933,0.0159,0.0238,0.0724,0.0366,0.068,0.0879,0.0541,0.0626,0.0127,0.0224
DBVPG_4950,Rhodotorula mucilaginosa,Rhodotorula_mucilaginosa_DBVPG_4950.proteins,DBVPG4950,1,37834.3333333333,75.3900914600358,4.90975264643403,4.60511224802877,0.1136,0.0096,0.057,0.0615,0.0316,0.0727,0.0228,0.0355,0.0405,0.0901,0.0166,0.0265,0.0709,0.0382,0.0687,0.0897,0.0594,0.0605,0.0121,0.0223
DBVPG_5227,Rhodotorula mucilaginosa,Rhodotorula_mucilaginosa_DBVPG_5227.proteins,DBVPG5227,1,48608.0,75.2192329442664,9.70499099939045,3.78468117155388,0.1136,0.0096,0.057,0.0615,0.0316,0.0728,0.0227,0.0354,0.0406,0.0901,0.0167,0.0265,0.0709,0.0382,0.0687,0.0897,0.0593,0.0606,0.0121,0.0223
DBVPG_6091,Rhodotorula mucilaginosa,Rhodotorula_mucilaginosa_DBVPG_6091.proteins,DBVPG6091,1,40632.6666666667,74.1949788171286,12.2755557229531,2.36661634019724,0.1136,0.0097,0.057,0.0614,0.0316,0.0727,0.0228,0.0354,0.0405,0.0902,0.0167,0.0265,0.071,0.0382,0.0688,0.0897,0.0594,0.0606,0.0121,0.0223
DBVPG_3236,Rhodotorula mucilaginosa,Rhodotorula_mucilaginosa_DBVPG_3236.proteins,DBVPG3236,1,20152.0,78.7654626667355,3.48647020955224,-0.319687422526735,0.1136,0.0097,0.057,0.0616,0.0316,0.0727,0.0228,0.0355,0.0405,0.0903,0.0167,0.0264,0.0708,0.0382,0.0686,0.0895,0.0594,0.0606,0.0121,0.0223
DBVPG_7316,Rhodotorula paludigena,Rhodotorula_paludigena_DBVPG_7316.proteins,DBVPG7316,1,34061.5,74.2284198670317,8.89209389372365,3.5838288541687,0.1199,0.0095,0.0572,0.0609,0.0329,0.0745,0.023,0.0332,0.0398,0.0933,0.0159,0.0238,0.0724,0.0366,0.068,0.0878,0.054,0.0625,0.0127,0.0223
DBVPG_4956,Rhodotorula mucilaginosa,Rhodotorula_mucilaginosa_DBVPG_4956.proteins,DBVPG4956,1,33357.6666666667,75.1403701717581,11.3142290162523,1.61719958831115,0.1136,0.0096,0.057,0.0615,0.0316,0.0728,0.0228,0.0355,0.0405,0.0901,0.0166,0.0265,0.0708,0.0382,0.0688,0.0898,0.0594,0.0605,0.0121,0.0223
DBVPG_5228,Rhodotorula mucilaginosa,Rhodotorula_mucilaginosa_DBVPG_5228.proteins,DBVPG5228,1,41327.0,73.6159260327289,12.1482618477088,4.98186058816665,0.1136,0.0096,0.057,0.0614,0.0316,0.0728,0.0227,0.0354,0.0406,0.0901,0.0167,0.0265,0.0709,0.0383,0.0688,0.0897,0.0593,0.0606,0.0121,0.0223
DBVPG_6093,Rhodotorula mucilaginosa,Rhodotorula_mucilaginosa_DBVPG_6093.proteins,DBVPG6093,1,31444.0,74.9271041683919,11.1714009471272,1.93805926861341,0.1135,0.0097,0.057,0.0615,0.0316,0.0728,0.0228,0.0355,0.0406,0.09,0.0167,0.0265,0.0708,0.0383,0.0687,0.0895,0.0594,0.0605,0.0121,0.0223
DBVPG_4957,Rhodotorula mucilaginosa,Rhodotorula_mucilaginosa_DBVPG_4957.proteins,DBVPG4957,1,39293.0,74.0466571564383,12.1933890575268,5.78784152457317,0.1136,0.0096,0.057,0.0615,0.0316,0.0727,0.0228,0.0355,0.0406,0.0901,0.0166,0.0265,0.0708,0.0383,0.0688,0.0896,0.0593,0.0606,0.0121,0.0223
DBVPG_5229,Rhodotorula mucilaginosa,Rhodotorula_mucilaginosa_DBVPG_5229.proteins,DBVPG5229,1,43139.3333333333,73.3586098347246,12.5864331574722,5.81019690977537,0.1135,0.0096,0.057,0.0614,0.0316,0.0727,0.0227,0.0355,0.0405,0.0902,0.0166,0.0265,0.0709,0.0382,0.0687,0.0898,0.0594,0.0606,0.0121,0.0223
DBVPG_8058,Rhodotorula sp. clade I,Rhodotorula_sp._clade_I_DBVPG_8058.proteins,DBVPG8058,1,38704.5,74.8964810569168,11.2304509555627,2.43106142446684,0.1254,0.0092,0.0589,0.0572,0.0313,0.0768,0.0239,0.0294,0.0371,0.0931,0.015,0.021,0.0751,0.035,0.07,0.0913,0.0538,0.0635,0.0122,0.021
DBVPG_10842,Rhodotorula mucilaginosa,Rhodotorula_mucilaginosa_DBVPG_10842.proteins,DBVPG10842,1,39569.5,76.709719327602,8.72461662020352,1.11576361087459,0.1136,0.0097,0.057,0.0614,0.0316,0.0727,0.0228,0.0354,0.0406,0.0901,0.0167,0.0265,0.0708,0.0382,0.0688,0.0897,0.0594,0.0606,0.0121,0.0223
DBVPG_4958,Rhodotorula mucilaginosa,Rhodotorula_mucilaginosa_DBVPG_4958.proteins,DBVPG4958,1,50121.75,73.539350079152,14.2195942927809,6.45928207416586,0.1136,0.0096,0.0571,0.0615,0.0316,0.0728,0.0228,0.0355,0.0406,0.0901,0.0166,0.0265,0.0707,0.0382,0.0686,0.0896,0.0594,0.0606,0.0121,0.0223
DBVPG_5235,Rhodotorula mucilaginosa,Rhodotorula_mucilaginosa_DBVPG_5235.proteins,DBVPG5235,1,37822.75,74.9671694008425,12.4013699898066,2.28135907601362,0.1136,0.0096,0.057,0.0615,0.0316,0.0727,0.0228,0.0354,0.0406,0.0901,0.0166,0.0265,0.0709,0.0383,0.0687,0.0896,0.0593,0.0606,0.0121,0.0223
DBVPG_10075,Cystobasidium sp.,Cystobasidium_sp._DBVPG_10075.proteins,DBVPG10075,1,34578.0,77.4519598304877,7.0185228881816,0.847524359871804,0.0943,0.0098,0.0557,0.0612,0.0327,0.0663,0.0237,0.0455,0.0512,0.0867,0.0206,0.038,0.0604,0.044,0.0577,0.0972,0.0616,0.0557,0.0115,0.0261
DBVPG_3778,Rhodotorula mucilaginosa,Rhodotorula_mucilaginosa_DBVPG_3778.proteins,DBVPG3778,1,40793.0,74.9525412098592,10.4633803907229,1.98141193346745,0.1136,0.0097,0.057,0.0614,0.0316,0.0727,0.0228,0.0354,0.0405,0.0901,0.0167,0.0264,0.071,0.0382,0.0688,0.0898,0.0594,0.0605,0.0121,0.0223
DBVPG_10882,Rhodotorula mucilaginosa,Rhodotorula_mucilaginosa_DBVPG_10882.proteins,DBVPG10882,1,19373.25,75.7568094765066,10.0868785357948,2.95657854109943,0.1136,0.0096,0.057,0.0614,0.0316,0.0728,0.0227,0.0354,0.0406,0.0901,0.0167,0.0265,0.0709,0.0383,0.0688,0.0897,0.0594,0.0606,0.0121,0.0223
DBVPG_4962,Rhodotorula mucilaginosa,Rhodotorula_mucilaginosa_DBVPG_4962.proteins,DBVPG4962,1,33570.0,74.2133058660752,12.4686994746768,2.87644096311985,0.1136,0.0097,0.057,0.0614,0.0316,0.0727,0.0228,0.0354,0.0406,0.0902,0.0167,0.0265,0.0709,0.0382,0.0688,0.0897,0.0594,0.0605,0.0121,0.0223
DBVPG_5236,Rhodotorula mucilaginosa,Rhodotorula_mucilaginosa_DBVPG_5236.proteins,DBVPG5236,1,39467.6666666667,75.4777407145661,10.6458019975674,1.94994134791878,0.1135,0.0097,0.057,0.0614,0.0316,0.0728,0.0228,0.0354,0.0405,0.0902,0.0167,0.0265,0.0708,0.0382,0.0688,0.0897,0.0594,0.0606,0.0121,0.0223
DBVPG_6195,Rhodotorula diobovata,Rhodotorula_diobovata_DBVPG_6195.proteins,DBVPG6195,1,24593.0,76.4270766948772,7.24345383427896,4.8171066242095,0.1235,0.0095,0.0575,0.0599,0.0315,0.0794,0.0234,0.0291,0.0375,0.0927,0.0151,0.0217,0.0745,0.0352,0.0703,0.0873,0.0543,0.0641,0.0126,0.0208
DBVPG_10753,Rhodotorula kratochvilovae,Rhodotorula_kratochvilovae_DBVPG_10753.proteins,DBVPG10753,1,26390.5,76.8430416950104,3.63967240085643,6.49953075802005,0.1266,0.01,0.0542,0.0622,0.0325,0.0759,0.0229,0.0313,0.038,0.0947,0.0156,0.0217,0.0761,0.0339,0.0704,0.084,0.0533,0.0621,0.0128,0.0217
DBVPG_3780,Rhodotorula mucilaginosa,Rhodotorula_mucilaginosa_DBVPG_3780.proteins,DBVPG3780,1,33781.0,75.3183838510985,11.8080410614513,2.00799940068268,0.1136,0.0097,0.057,0.0615,0.0316,0.0727,0.0227,0.0354,0.0406,0.09,0.0167,0.0265,0.071,0.0382,0.0688,0.0897,0.0594,0.0606,0.0122,0.0223
DBVPG_10886,Rhodotorula mucilaginosa,Rhodotorula_mucilaginosa_DBVPG_10886.proteins,DBVPG10886,1,26148.5,76.932849705777,12.6949054800976,1.71603509611056,0.1136,0.0097,0.057,0.0615,0.0316,0.0726,0.0228,0.0354,0.0405,0.0903,0.0167,0.0264,0.0707,0.0382,0.0689,0.0897,0.0594,0.0606,0.0122,0.0223
DBVPG_4963,Rhodotorula mucilaginosa,Rhodotorula_mucilaginosa_DBVPG_4963.proteins,DBVPG4963,1,39111.25,73.6492537563673,12.5710724418514,2.91006160768719,0.1136,0.0097,0.057,0.0614,0.0315,0.0727,0.0228,0.0354,0.0405,0.0901,0.0167,0.0265,0.071,0.0382,0.0689,0.0898,0.0594,0.0605,0.0121,0.0223
DBVPG_5757,Rhodotorula mucilaginosa,Rhodotorula_mucilaginosa_DBVPG_5757.proteins,DBVPG5757,1,41909.5,75.5361676126407,9.37427011051792,2.07302241369955,0.1136,0.0096,0.057,0.0616,0.0317,0.0729,0.0228,0.0355,0.0406,0.0901,0.0166,0.0265,0.0707,0.0382,0.0686,0.0896,0.0593,0.0606,0.0122,0.0223
DBVPG_6202,Rhodotorula diobovata,Rhodotorula_diobovata_DBVPG_6202.proteins,DBVPG6202,1,32396.75,76.8489392952184,6.55517040883946,3.55196726122696,0.1235,0.0095,0.0576,0.0599,0.0314,0.0794,0.0234,0.0291,0.0375,0.0927,0.0151,0.0216,0.0746,0.0352,0.0705,0.0873,0.0543,0.0641,0.0126,0.0208
DBVPG_7021,Rhodotorula graminis,Rhodotorula_graminis_DBVPG_7021.proteins,DBVPG7021,1,89.0,61.1950358803069,-0.481850600789955,0.93397357348771,0.1205,0.0095,0.0607,0.0581,0.0327,0.0778,0.024,0.0313,0.0395,0.0936,0.0158,0.0227,0.0689,0.0351,0.0681,0.0862,0.0539,0.0668,0.0127,0.0221
DBVPG_10780,Rhodotorula mucilaginosa,Rhodotorula_mucilaginosa_DBVPG_10780.proteins,DBVPG10780,1,41942.25,74.0100088765516,13.0332436731467,5.73912462995134,0.1136,0.0096,0.057,0.0616,0.0316,0.0728,0.0228,0.0355,0.0406,0.0901,0.0167,0.0265,0.0708,0.0382,0.0688,0.0896,0.0594,0.0605,0.0122,0.0223
DBVPG_6083,Rhodotorula graminis,Rhodotorula_graminis_DBVPG_6083.proteins,DBVPG6083,1,15119.0,74.996436272298,8.78801307671053,4.11646959006779,0.1196,0.0094,0.0607,0.0581,0.0331,0.0773,0.0238,0.032,0.0404,0.0935,0.016,0.0232,0.0683,0.0354,0.0672,0.086,0.054,0.0669,0.0126,0.0223
DBVPG_10937,Rhodotorula mucilaginosa,Rhodotorula_mucilaginosa_DBVPG_10937.proteins,DBVPG10937,1,54558.0,74.1190853356478,13.0585279471097,5.24202941256228,0.1137,0.0096,0.0571,0.0615,0.0316,0.0728,0.0227,0.0355,0.0407,0.09,0.0166,0.0265,0.0708,0.0383,0.0686,0.0897,0.0594,0.0606,0.0121,0.0222
DBVPG_4964,Rhodotorula mucilaginosa,Rhodotorula_mucilaginosa_DBVPG_4964.proteins,DBVPG4964,1,38943.0,73.1874118648297,11.5892982104662,4.91244740672526,0.1136,0.0096,0.057,0.0616,0.0316,0.0728,0.0227,0.0355,0.0406,0.0901,0.0167,0.0265,0.0708,0.0382,0.0687,0.0897,0.0594,0.0606,0.0121,0.0223
DBVPG_5758,Rhodotorula mucilaginosa,Rhodotorula_mucilaginosa_DBVPG_5758.proteins,DBVPG5758,1,36408.75,75.768820981514,9.42169571421431,2.23977678455601,0.1135,0.0096,0.057,0.0615,0.0316,0.0728,0.0228,0.0355,0.0406,0.0902,0.0166,0.0265,0.0708,0.0381,0.0687,0.0897,0.0593,0.0605,0.0122,0.0223
DBVPG_6593,Rhodotorula mucilaginosa,Rhodotorula_mucilaginosa_DBVPG_6593.proteins,DBVPG6593,1,61299.25,74.7627296804057,8.96330139028386,2.12801084826357,0.1137,0.0097,0.057,0.0614,0.0316,0.0727,0.0228,0.0354,0.0405,0.0901,0.0167,0.0265,0.071,0.0382,0.0688,0.0898,0.0594,0.0605,0.0121,0.0222
DBVPG_7323,Rhodotorula paludigena,Rhodotorula_paludigena_DBVPG_7323.proteins,DBVPG7323,1,34310.5,73.7525773027268,7.74133887443089,6.13307874559865,0.1199,0.0095,0.0572,0.0609,0.0329,0.0744,0.0229,0.0332,0.0397,0.0934,0.0158,0.0237,0.0724,0.0365,0.068,0.088,0.054,0.0625,0.0127,0.0223
DBVPG_6092,Rhodotorula mucilaginosa,Rhodotorula_mucilaginosa_DBVPG_6092.proteins,DBVPG6092,1,31200.0,74.9560813606439,10.3448374697819,1.30393484218753,0.1136,0.0097,0.057,0.0614,0.0315,0.0727,0.0228,0.0354,0.0405,0.0901,0.0167,0.0264,0.071,0.0382,0.0689,0.0898,0.0594,0.0606,0.0121,0.0223
DBVPG_5225,Rhodotorula mucilaginosa,Rhodotorula_mucilaginosa_DBVPG_5225.proteins,DBVPG5225,1,39687.0,75.0967901204288,12.0508246410098,3.14113946468614,0.1137,0.0096,0.057,0.0614,0.0315,0.0727,0.0228,0.0354,0.0406,0.0901,0.0167,0.0265,0.0709,0.0382,0.0688,0.0897,0.0593,0.0606,0.0121,0.0223
DBVPG_5759,Rhodotorula mucilaginosa,Rhodotorula_mucilaginosa_DBVPG_5759.proteins,DBVPG5759,1,30712.0,74.6691113222435,9.00982470187923,2.39531262927928,0.1136,0.0096,0.057,0.0615,0.0316,0.0728,0.0228,0.0354,0.0406,0.0902,0.0166,0.0265,0.0709,0.0382,0.0687,0.0897,0.0593,0.0606,0.0122,0.0223
DBVPG_7539,Rhodotorula kratochvilovae,Rhodotorula_kratochvilovae_DBVPG_7539.proteins,DBVPG7539,1,25152.0,76.235352259245,4.38749749218353,5.49415222661087,0.1267,0.01,0.0544,0.0624,0.0325,0.076,0.0228,0.0313,0.0381,0.0946,0.0156,0.0218,0.0758,0.0339,0.0702,0.0837,0.0532,0.0622,0.0128,0.0218
DBVPG_10383,Rhodotorula kratochvilovae,Rhodotorula_kratochvilovae_DBVPG_10383.proteins,DBVPG10383,1,25399.5,73.9229803414279,6.5230829813013,8.31852002716668,0.1266,0.01,0.0543,0.0622,0.0324,0.0759,0.0228,0.0312,0.038,0.0946,0.0156,0.0217,0.0762,0.0339,0.0706,0.0841,0.0533,0.0621,0.0128,0.0217
DBVPG_6740,Pseudomicrostroma phylloplanum,Pseudomicrostroma_phylloplanum_DBVPG_6740.proteins,DBVPG6740,1,40659.6666666667,74.9561746372258,11.162743372842,2.3963413876183,0.1155,0.0093,0.0512,0.0637,0.0334,0.081,0.0223,0.0347,0.0435,0.0939,0.0173,0.0266,0.0685,0.0367,0.0625,0.0819,0.0559,0.0666,0.0133,0.0222
DBVPG_5226,Rhodotorula mucilaginosa,Rhodotorula_mucilaginosa_DBVPG_5226.proteins,DBVPG5226,1,69533.5,74.7589640024955,9.74737030891785,2.13293826826886,0.1137,0.0096,0.057,0.0614,0.0316,0.0727,0.0228,0.0354,0.0406,0.0902,0.0167,0.0265,0.0709,0.0383,0.0688,0.0896,0.0593,0.0606,0.0121,0.0222
DBVPG_6081,Rhodotorula glutinis,Rhodotorula_glutinis_DBVPG_6081.proteins,DBVPG6081,1,29739.6666666667,73.8406692926479,3.95105809854894,3.65227557626601,0.1217,0.0094,0.0584,0.0577,0.031,0.077,0.0242,0.0293,0.0368,0.0925,0.0151,0.0211,0.0752,0.0343,0.0712,0.0922,0.0544,0.065,0.0123,0.0208
DBVPG_6660,Rhodotorula mucilaginosa,Rhodotorula_mucilaginosa_DBVPG_6660.proteins,DBVPG6660,1,63250.25,75.8415182725541,7.54344111457246,1.98752422640691,0.1139,0.0092,0.0575,0.0622,0.0317,0.0728,0.0226,0.0356,0.0409,0.0904,0.0166,0.0266,0.0705,0.0383,0.0679,0.0887,0.0592,0.0608,0.0121,0.0224
DBVPG_10619,Rhodotorula mucilaginosa,Rhodotorula_mucilaginosa_DBVPG_10619.proteins,DBVPG10619,1,44359.25,73.6806170005572,12.6303657299515,5.59619632604699,0.1136,0.0097,0.057,0.0615,0.0317,0.0727,0.0228,0.0355,0.0405,0.0901,0.0166,0.0265,0.0708,0.0382,0.0688,0.0897,0.0594,0.0606,0.0122,0.0223
