strain_id_ypd2,strain_id_control_late,species,L*_ypd2,L*_control_late,a*_ypd2,a*_control_late,b*_ypd2,b*_control_late,C*_ypd2,C*_control_late
DBVPG_10075,DBVPG_10075,Cystobasidium sp.,77.4519598304877,78.0228236979914,7.0185228881816,7.032129320587277,0.847524359871804,0.590445056433625,7.0695092525935,7.056873822460636
DBVPG_10348,DBVPG_10348,Rhodotorula sp. clade XI,77.3666334354633,77.80631414434399,4.79756952284489,4.818779242691917,1.91985748006787,1.805284438381349,5.167448700306826,5.14584155345463
DBVPG_10383,DBVPG_10383,Rhodotorula kratochvilovae,73.9286136438798,73.91499527181134,6.45234344941645,6.236065214418648,8.35482855954936,8.385099244393391,10.556320203967337,10.449803763555032
DBVPG_10619,DBVPG_10619,Rhodotorula mucilaginosa,73.6226630680192,73.73497087309227,12.7250790504217,12.620964357910964,5.92134657858502,5.391067085798701,14.035311971709135,13.724151909944782
DBVPG_10753,DBVPG_10753,Rhodotorula kratochvilovae,76.7254069178552,77.0413412372395,3.65649978649424,3.5740491824818035,6.62333646583308,6.260928207180239,7.565618059898785,7.209233632936583
DBVPG_10780,DBVPG_10780,Rhodotorula mucilaginosa,73.7917988510825,73.86206791343493,12.8483462999229,12.855032428138207,5.56349045477884,5.051370431169438,14.001158119354189,13.811886256459609
DBVPG_10842,DBVPG_10842,Rhodotorula mucilaginosa,76.9999326297538,77.29078822517428,8.90943932349338,8.707783468457366,1.07700518270023,0.8785258808106322,8.974299372239225,8.751988383035794
DBVPG_10882,DBVPG_10882,Rhodotorula mucilaginosa,75.8154130492046,76.19403268459666,9.96571409600714,10.008017657564125,2.84886434935448,2.5981673880354608,10.3649160886318,10.339772299734957
DBVPG_10886,DBVPG_10886,Rhodotorula mucilaginosa,76.9695224090492,77.50746003286685,12.681163289761,12.803360293782625,1.7139367212992,1.357666357039583,12.796463631261565,12.875142436083827
DBVPG_10937,DBVPG_10937,Rhodotorula mucilaginosa,74.0686505661473,73.94304804517313,13.229988482627,13.015526473974845,5.390401866761289,5.081627764381236,14.28597310425953,13.972360936165023
DBVPG_3044,DBVPG_3044,Rhodotorula mucilaginosa,74.1888343293233,74.23077796313629,8.7370446465583,8.275024391396435,3.45798795816841,3.1489944285911453,9.396469011005719,8.853936671871107
DBVPG_3045,DBVPG_3045,Rhodotorula mucilaginosa,75.0145107104086,75.3178622987875,6.28126511430719,6.3040206828176295,3.28238365116784,2.771783817352169,7.087195063610599,6.886469509082851
DBVPG_3090,DBVPG_3090,Rhodotorula mucilaginosa,73.8648992521743,74.05660784158871,12.998167027226,13.029492375012827,6.32717197060986,5.85675056270148,14.45632910573553,14.285279090876086
DBVPG_3235,DBVPG_3235,Rhodotorula mucilaginosa,76.200967204547,77.2125897814025,7.21992383936685,7.204708210091143,2.72827650202136,2.561068785048448,7.718211769428179,7.6463647385083755
DBVPG_3236,DBVPG_3236,Rhodotorula mucilaginosa,78.7654626667355,79.82368944113904,3.48647020955224,3.659275519806729,-0.319687422526735,-0.9908257249691744,3.5010961955103475,3.7910464184862596
DBVPG_3237,DBVPG_3237,Rhodotorula mucilaginosa,76.5794952770648,76.77164406756654,10.503208193069,10.34666758457653,1.47579796144548,1.1192631847560808,10.606383076711797,10.407030324856224
DBVPG_3238,DBVPG_3238,Rhodotorula mucilaginosa,74.311012910073,74.56178721753912,8.76803604738811,8.303526502149257,4.51876827655785,3.983870079537455,9.863960810218321,9.209765099204693
DBVPG_3239,DBVPG_3239,Rhodotorula mucilaginosa,72.3705703003456,72.96796964847263,8.5455252344948,8.07861861870146,4.51228400226795,4.335083160210762,9.663679860721311,9.168261819580243
DBVPG_3380,DBVPG_3380,Rhodotorula glutinis,72.2315771319424,72.14041230155163,9.22734953547048,9.662217551342778,7.94781530321482,7.91509352329679,12.178331065616625,12.490282362381214
DBVPG_3381,DBVPG_3381,Rhodotorula mucilaginosa,74.9847416707047,74.89586492491537,11.5402672945195,11.181776478231848,5.28482969741905,4.677192286176179,12.692800879225938,12.120571475429902
DBVPG_3382,DBVPG_3382,Rhodotorula mucilaginosa,73.5105830364322,73.49825014943963,12.3739950403528,12.644845287914944,5.56202393948273,5.107182461338045,13.566571547817624,13.637280705797021
DBVPG_3383,DBVPG_3383,Rhodotorula mucilaginosa,72.7020964632054,73.27800417027082,12.1387194302319,12.873262745662666,6.066656246488,5.414593481645536,13.57029209040621,13.96562624053589
DBVPG_3384,DBVPG_3384,Rhodotorula mucilaginosa,73.9099473864096,74.156895287255,12.2110149521671,12.399865568012109,5.59328248404849,4.892545928042291,13.431072001460349,13.33017898464891
DBVPG_3442,DBVPG_3442,Rhodotorula mucilaginosa,73.8044198912173,75.49534944584249,9.95421327765373,8.55581529063719,4.66448631584474,3.320381563226277,10.992897460074875,9.177521942927411
DBVPG_3443,DBVPG_3443,Rhodotorula mucilaginosa,73.4412577661783,73.44829468758418,12.0491697547826,10.833604749084222,6.05894736857143,5.582423726553454,13.486783715722828,12.187306778864933
DBVPG_3444,DBVPG_3444,Rhodotorula mucilaginosa,75.893264926904,76.62386696196916,6.88108506281727,6.628966614515466,2.77815129277152,2.56429791130342,7.4207449927386016,7.107659400553443
DBVPG_3445,DBVPG_3445,Rhodotorula mucilaginosa,75.8975722972499,76.1732977312502,12.0805238032646,11.777236264259123,1.41119354079515,1.224842772753748,12.16266922064497,11.840757317086913
DBVPG_3446,DBVPG_3446,Rhodotorula mucilaginosa,75.5592089556782,75.48483301641048,6.65050292606456,6.579927380469696,3.73006047925077,3.400549067505704,7.6251255955860655,7.406698204515202
DBVPG_3538,DBVPG_3538,Rhodotorula mucilaginosa,73.0370365619242,73.31933598454324,10.9979725866365,10.020012057237697,6.35917202417477,5.842561189468965,12.704112320404562,11.598972492418362
DBVPG_3768,DBVPG_3768,Rhodotorula dairenensis,74.5865236515025,75.11979991359814,7.02192720303988,6.789158964696258,8.00195127060717,6.772247371679018,10.64606433298067,9.589369839104597
DBVPG_3769,DBVPG_3769,Rhodotorula dairenensis,77.4500777616801,77.91426511242821,8.60120441484859,8.689939076752973,7.40766733048536,7.221624142655397,11.351398709637106,11.298977671252457
DBVPG_3770,DBVPG_3770,Rhodotorula dairenensis,75.7910480538858,75.59412385398281,11.059244611702,10.891068010481842,9.08425888200498,9.068568508508235,14.311905911399295,14.17230740572784
DBVPG_3772,DBVPG_3772,Rhodotorula dairenensis,74.3740720885038,74.70033459074511,11.8454286570038,11.388601654116162,6.09824717547895,5.7334359978023,13.323017626701688,12.750393561652622
DBVPG_3773,DBVPG_3773,Rhodotorula dairenensis,71.1710465644873,73.31479539698613,1.98828548764299,5.255345507252831,0.346940595275744,0.7789048153538536,2.018327762535612,5.312753439788443
DBVPG_3774,DBVPG_3774,Rhodotorula mucilaginosa,76.8413238891723,77.00900250281595,7.56046590015642,7.149983036102772,0.792896884845472,0.5797906538813791,7.6019293667743115,7.1734520712754195
DBVPG_3775,DBVPG_3775,Rhodotorula mucilaginosa,74.2243225675781,74.41056901489213,9.64588021615104,9.724891727496384,2.83749358819152,2.7622810306072445,10.054569856903974,10.109585332919458
DBVPG_3776,DBVPG_3776,Rhodotorula mucilaginosa,75.077859536527,75.34780958352741,10.5149563795719,10.399912677339888,1.81097707022849,1.4172350212094842,10.669767833143943,10.496034432186166
DBVPG_3777,DBVPG_3777,Rhodotorula mucilaginosa,73.9987552784487,74.4188266464609,10.9435115589682,10.81729597867312,2.34111524130485,1.985702828622582,11.191124421359119,10.998041098932909
DBVPG_3778,DBVPG_3778,Rhodotorula mucilaginosa,74.9458700964615,75.22219406638689,10.784274294575,10.583361642851674,1.99281789672819,1.5563972950491445,10.966854390852069,10.697191977496729
DBVPG_3780,DBVPG_3780,Rhodotorula mucilaginosa,75.2735457698989,75.5194945490134,11.7935165947554,11.597826527131524,2.08375342478994,1.790654619718279,11.976187290039132,11.735247083915791
DBVPG_3853,DBVPG_3853,Rhodotorula dairenensis,71.77504149815644,77.532342504288,4.298248965238259,8.321092947293884,5.22259975153258,6.741653535216807,6.763911023356231,10.709364137352194
DBVPG_3854,DBVPG_3854,Rhodotorula mucilaginosa,74.7451971733412,75.16053792982106,8.82539720320117,8.049414411300997,3.34699626776266,2.800922574920095,9.438750966663344,8.522807027943152
DBVPG_3855,DBVPG_3855,Rhodotorula mucilaginosa,75.4529266625019,75.55192098535733,8.30016731575275,8.148942341290947,3.9195782966864,3.539427625107666,9.179099710393459,8.884413835198115
DBVPG_3856,DBVPG_3856,Rhodotorula mucilaginosa,75.4500462747366,75.43912566804218,8.25246876370106,7.988012348611823,4.65490956954477,3.955818801141476,9.474778298013161,8.913856834672597
DBVPG_3857,DBVPG_3857,Rhodotorula mucilaginosa,76.3109200641321,76.66130596917502,10.4981499048372,10.9294618821158,8.71567105384359,8.741812659651993,13.644562042925394,13.995443030110698
DBVPG_3858,DBVPG_3858,Rhodotorula mucilaginosa,74.3233316609576,73.9776124177191,12.0887503055458,11.673035534980002,5.58233407548342,4.790142610976822,13.315417292752675,12.617655282753674
DBVPG_3983,DBVPG_3983,Rhodotorula mucilaginosa,73.9223817063582,74.46702546228393,7.449907860353,7.288941805055918,3.55943948912866,3.4734687557743893,8.256557188351445,8.074258965058819
DBVPG_3984,DBVPG_3984,Rhodotorula mucilaginosa,73.5374811944568,73.63840979615816,8.85753620338845,8.582768252366618,4.19360130442426,3.680922313247148,9.800114259272998,9.338795422857975
DBVPG_3985,DBVPG_3985,Rhodotorula glutinis,71.6170283523082,71.72279005580106,6.95015367098428,7.051564791294485,6.5694703549625,6.664915440852992,9.563606892539415,9.702868845838568
DBVPG_4201,DBVPG_4201,Rhodotorula mucilaginosa,75.908224317839,76.16669707956984,11.5001167319372,11.374438827026903,1.12357799670332,1.0543230348729726,11.554873965684688,11.423198137633827
DBVPG_4202,DBVPG_4202,Rhodotorula mucilaginosa,74.2864238593389,74.49412640164097,12.3140949697493,12.1590722285512,2.79732689800387,2.616372410578954,12.627825335278478,12.437380835608588
DBVPG_4203,DBVPG_4203,Rhodotorula mucilaginosa,74.506952202506,75.60627933260812,10.9700756514502,11.021603410890451,1.00167959196635,0.714964767384002,11.01571249640723,11.044768733004439
DBVPG_4304,DBVPG_4304,Rhodotorula mucilaginosa,76.1289925636197,75.94969332276179,11.6570868459545,11.40498919197852,1.38833710500879,1.0367258396063228,11.739469905037009,11.45201200382074
DBVPG_4376,DBVPG_4376,Rhodotorula mucilaginosa,75.2900786960214,75.30537450252204,8.45786872694408,8.534264332072786,4.66591530395217,4.311422286767302,9.659519088747313,9.561486799892762
DBVPG_4377,DBVPG_4377,Rhodotorula mucilaginosa,74.6874439446312,74.49458657646286,10.9968047861346,10.75628934400902,1.95765682793976,1.6508654300453285,11.169697209876908,10.882238607940957
DBVPG_4378,DBVPG_4378,Rhodotorula mucilaginosa,73.5965851352549,73.78426706847489,9.19928682744547,8.96509329465181,2.56407546327889,2.538706385923073,9.54994037232697,9.317613852040523
DBVPG_4379,DBVPG_4379,Rhodotorula mucilaginosa,73.5937736167733,73.90068657867826,13.6250256323232,13.767266112587578,4.88020915959886,4.389202021195304,14.472655766060935,14.450007287114675
DBVPG_4380,DBVPG_4380,Rhodotorula mucilaginosa,75.8099277473764,76.70564929035785,5.95847047525191,5.868046828329282,2.59087136023127,2.2824283904605727,6.497382920046759,6.296304704907934
DBVPG_4408,DBVPG_4408,Rhodotorula mucilaginosa,75.5263992671951,74.76514183767344,10.501227370376,10.294403329804648,3.16163652631579,2.3000013835180466,10.966846484239133,10.548210572456258
DBVPG_4466,DBVPG_4466,Rhodotorula mucilaginosa,75.1259657583083,75.46342292776305,11.2151603228528,11.077515363398502,1.90021805678493,1.541110894884412,11.375001087060308,11.184201778252271
DBVPG_4530,DBVPG_4530,Rhodotorula taiwanensis,72.4489218395341,72.15776227118607,14.2870931554886,14.169577585880916,4.57817040555833,4.623653763829555,15.002688928853365,14.904868435852563
DBVPG_4531,DBVPG_4531,Rhodotorula taiwanensis,70.631091058251,71.85201061332073,12.8484096876489,12.05672444121203,7.93613756949861,6.867273901214643,15.101785027726935,13.875303783543742
DBVPG_4534,DBVPG_4534,Rhodotorula mucilaginosa,76.8191798219219,76.94399569282173,8.53178452513286,8.585861129320914,2.22328338613198,1.8825786187713467,8.816707786829902,8.789830122808906
DBVPG_4610,DBVPG_4610,Rhodotorula paludigena,70.9763651814714,70.17581372896998,0.915868529352344,0.6443766916928717,-1.10179854352041,-1.3697253973701695,1.4327509181856148,1.5137268528363759
DBVPG_4618,DBVPG_4618,Rhodotorula mucilaginosa,74.7323722690035,75.27839535287231,11.8736422236083,12.020080010470474,4.17214518314687,4.072911645418986,12.585315851559288,12.69137237376248
DBVPG_4669,DBVPG_4669,Rhodotorula mucilaginosa,71.41835789671,71.79780325699974,12.0696650284333,11.602818376850234,6.89215225761627,6.015230220908041,13.898869617373597,13.069368343447165
DBVPG_4920,DBVPG_4920,Rhodotorula mucilaginosa,73.7530784405461,74.29142204399938,13.2331570227817,13.483450789840424,2.53910837016387,2.351405982207,13.474550682862597,13.686948355831815
DBVPG_4945,DBVPG_4945,Rhodotorula mucilaginosa,74.5591982831165,75.43453670959985,12.5534876845709,12.553826555178476,1.56434807841645,1.280286329671887,12.650582514537364,12.618941883670317
DBVPG_4946,DBVPG_4946,Rhodotorula mucilaginosa,74.2354305111128,74.43578455976649,13.4692640132158,12.799477339232077,2.59682234343169,2.210849261198905,13.717308749935473,12.989013612020706
DBVPG_4947,DBVPG_4947,Rhodotorula mucilaginosa,76.5971316971372,76.14967651002662,11.383943483206,11.44465010145712,1.00496724919526,1.0449415375940907,11.428216326303218,11.492254729241427
DBVPG_4949,DBVPG_4949,Rhodotorula mucilaginosa,76.1244927935359,76.5044496782642,6.9461250213467,7.14249458225888,2.71367950525999,2.39698672282036,7.457392927119155,7.533974661954641
DBVPG_4950,DBVPG_4950,Rhodotorula mucilaginosa,75.2471511323834,75.56286786303276,4.73670157596657,4.982526308790231,4.60072741362005,4.468053939895967,6.603259388680655,6.692464002712803
DBVPG_4956,DBVPG_4956,Rhodotorula mucilaginosa,75.7228973913234,75.07578045022818,11.7848763907938,11.53933666498308,1.42336129614949,1.4582877794937776,11.870521004811266,11.63111748352856
DBVPG_4957,DBVPG_4957,Rhodotorula mucilaginosa,73.9377191511689,73.74923753269849,12.3133333274908,11.877429911347797,5.83426403100603,5.045280538359936,13.625594094107838,12.904580466242708
DBVPG_4958,DBVPG_4958,Rhodotorula mucilaginosa,73.6334818349456,73.33742829753413,14.4308860950165,14.20662473466182,6.47520542311319,5.937489164906651,15.817040139003726,15.397466153068462
DBVPG_4962,DBVPG_4962,Rhodotorula mucilaginosa,74.708047944037,74.82253148712216,12.5000616439403,12.307578279100229,2.91648356391712,2.716550841583637,12.835786593773918,12.603814167587863
DBVPG_4963,DBVPG_4963,Rhodotorula mucilaginosa,73.6691045487832,73.83296794832435,12.7540488953433,12.21678233180705,2.90263014616155,2.505710857483612,13.080176795067164,12.471100891423506
DBVPG_4964,DBVPG_4964,Rhodotorula mucilaginosa,72.8691438722334,72.95464870792927,11.4847311023869,11.527853020797728,4.87325740840011,4.328472752613699,12.475884187610095,12.313694475632996
DBVPG_5225,DBVPG_5225,Rhodotorula mucilaginosa,75.4030610155971,75.35324690910377,12.1937758305377,11.703323961603978,3.14329167988833,2.806727884684568,12.59239657850167,12.035178152770309
DBVPG_5226,DBVPG_5226,Rhodotorula mucilaginosa,74.6935686222271,74.53859477302868,11.6501015435284,10.99742990041981,2.31128550793829,2.0152913108970383,11.877159032097213,11.180557386929543
DBVPG_5227,DBVPG_5227,Rhodotorula mucilaginosa,75.2504060975521,74.87682092964111,9.86876357231448,9.388757686425276,3.7657715831200704,3.4372473687857896,10.562837216509394,9.998171851325347
DBVPG_5228,DBVPG_5228,Rhodotorula mucilaginosa,73.7200135005023,73.61517665153087,11.8309568931009,12.167791041443737,4.74879328163526,4.59490531369749,12.748434360270123,13.006471222821503
DBVPG_5229,DBVPG_5229,Rhodotorula mucilaginosa,72.9791823382447,73.14340960019338,12.8636323089015,11.961052790415607,6.08231801034988,4.878263806081456,14.229112008753079,12.917594265838872
DBVPG_5235,DBVPG_5235,Rhodotorula mucilaginosa,75.2567540081067,75.38865983652715,12.7028412500263,12.389022426105566,2.42834625219159,2.046786112488097,12.932866710203992,12.556958631166257
DBVPG_5236,DBVPG_5236,Rhodotorula mucilaginosa,74.9929212717368,75.2757347448112,11.3089315065959,11.531483425735289,1.06094420312758,0.7686310382573946,11.35858857530404,11.557071587170356
DBVPG_5757,DBVPG_5757,Rhodotorula mucilaginosa,75.8613763237871,76.0989470287114,9.3275860747018,9.325895965902928,2.08538057139963,1.7537354280462103,9.557859284826387,9.489358435554479
DBVPG_5758,DBVPG_5758,Rhodotorula mucilaginosa,75.7235140958528,76.13015962799673,9.4684202617681,9.494699557756809,2.26616163509041,1.9202942002428116,9.735834366391838,9.686942216589998
DBVPG_5759,DBVPG_5759,Rhodotorula mucilaginosa,74.8995093895405,75.21082145683238,8.81478021429996,8.773304535692098,2.20076989697141,1.9386181644340803,9.085358461053124,8.984938111276522
DBVPG_6081,DBVPG_6081,Rhodotorula glutinis,73.3834983461217,73.44276781030126,0.738010054342153,0.705922766730982,3.32476548837247,3.260681267093579,3.405690002478608,3.336220807764995
DBVPG_6083,DBVPG_6083,Rhodotorula graminis,74.996436272298,75.47019060938581,8.78801307671053,8.838288483270922,4.11646959006779,3.746964637175165,9.704354472214428,9.599744127098422
DBVPG_6091,DBVPG_6091,Rhodotorula mucilaginosa,74.6108594444325,73.84220833796891,12.8238997462185,12.316873349722536,2.32567922822874,2.2101909948521903,13.033080548115919,12.513605129890866
DBVPG_6092,DBVPG_6092,Rhodotorula mucilaginosa,74.5714272082767,74.79433916580248,10.590522766685,10.203458496354871,1.26533780551996,1.017367876859554,10.665845125153064,10.254052988145816
DBVPG_6093,DBVPG_6093,Rhodotorula mucilaginosa,74.9271041683919,74.74308361795333,11.1714009471272,10.160338115103418,1.93805926861341,1.39189296812674,11.338265866089612,10.255234597411409
DBVPG_6094,DBVPG_6094,Rhodotorula mucilaginosa,73.3363631150777,73.48539322836206,13.401416870934,12.99562915592456,6.12752574326944,5.454421884136712,14.73582525286535,14.093867292140436
DBVPG_6121,DBVPG_6121,Rhodotorula toruloides,76.0743695360652,76.36178506675522,11.4630415998549,11.516391272237495,1.0661301863163,0.8401180785432227,11.512513031227318,11.5469938218206
DBVPG_6195,DBVPG_6195,Rhodotorula diobovata,76.4720677880809,76.97474610504754,7.42311262469293,7.141675897754718,4.82150242010102,4.358435232508207,8.851524536819381,8.366569924678783
DBVPG_6202,DBVPG_6202,Rhodotorula diobovata,77.3302506386333,77.98878877479342,6.87652999227296,6.736839559795399,3.49865156843202,3.074971777780666,7.715389007167519,7.405434402421768
DBVPG_6593,DBVPG_6593,Rhodotorula mucilaginosa,74.5337109120029,74.69609933555975,10.6397406633339,10.586439626152575,2.57121990350192,2.072359470880425,10.946015401741645,10.787371215209074
DBVPG_6649,DBVPG_6649,Rhodotorula mucilaginosa,76.820095174946,77.26136904769285,9.67198586484554,9.75299038838684,3.6659351508131297,3.3944636037091525,10.34342260084829,10.32681967852989
DBVPG_6660,DBVPG_6660,Rhodotorula mucilaginosa,75.7898477461705,76.08643791907265,9.16446348421078,9.021511849804517,2.2188840423372,1.912018267672172,9.429254336731589,9.221902727315845
DBVPG_6739,DBVPG_6739,Rhodotorula toruloides,75.2825579772408,75.15058293820383,7.56446901172408,7.188236420095473,1.15218116726636,1.050362234558477,7.651713067773592,7.264571814978062
DBVPG_6740,DBVPG_6740,Pseudomicrostroma phylloplanum,75.0302093416279,75.22988192149478,11.2061093819266,10.897701620934896,2.36399515968481,2.053186958055009,11.452744675173571,11.089430882766449
DBVPG_6741,DBVPG_6741,Rhodotorula mucilaginosa,75.4948594662994,75.7546527294199,12.0364361143546,11.912410806222422,1.91747289791535,1.6931083214628828,12.188211380230472,12.032129778406299
DBVPG_6742,DBVPG_6742,Rhodotorula mucilaginosa,75.6002598823523,75.99027394206513,11.3186746403158,11.254843947949484,1.27596619226707,1.0375633534692064,11.390368094892128,11.302568292435016
DBVPG_6743,DBVPG_6743,Rhodotorula mucilaginosa,75.5147992895452,75.71824122037125,10.9821159475909,10.76219484637246,2.36136247916216,1.963493470641248,11.233116372775866,10.939842070182584
DBVPG_6803,DBVPG_6803,Rhodotorula mucilaginosa,77.9018778960088,78.41703529147495,6.88786027094941,6.772425059636294,0.899409141710257,0.4794313541925055,6.94633399112908,6.789373727507753
DBVPG_7019,DBVPG_7019,Rhodotorula mucilaginosa,75.111287323622,75.08946180170773,11.3521575130021,11.07988041857201,2.12392211552357,1.7445277794266243,11.549135264287978,11.216377635540212
DBVPG_7316,DBVPG_7316,Rhodotorula paludigena,74.2284198670317,74.35322161804734,8.89209389372365,8.600926796649865,3.5838288541687,3.212246179354694,9.587135290104628,9.181201842793163
DBVPG_7323,DBVPG_7323,Rhodotorula paludigena,73.7525773027268,73.70831037381738,7.74133887443089,7.565734836302823,6.13307874559865,6.106312732389718,9.876385091139817,9.72252018763607
DBVPG_7539,DBVPG_7539,Rhodotorula kratochvilovae,75.9895457750249,76.5707204205635,4.45989256771888,4.454071139134305,5.46241292791237,4.892007104647394,7.051850587655576,6.615926482692333
DBVPG_7947,DBVPG_7947,Rhodotorula sp. clade XIII,74.4551306328697,74.19525051664161,4.64790868370055,4.525341782047692,1.74730710732907,1.7414428229112378,4.965494664113703,4.848849487230517
DBVPG_8043,DBVPG_8043,Rhodotorula mucilaginosa,75.6962217622448,75.4192951892951,11.3638746785197,11.359441927364555,1.23998946963591,1.2121846278966342,11.431326326980136,11.423935944904308
DBVPG_8058,DBVPG_8058,Rhodotorula sp. clade I,75.2986546808118,75.40181221687472,11.2615520398784,11.067606211902072,2.22813060942504,1.7312121484509555,11.479857157628144,11.20218740981767
JES-025-001,JES-025-001,Rhodotorula mucilaginosa,75.8449682539958,76.23838626139342,9.58551165891844,9.375235888131895,3.33645129742384,2.930883127057444,10.149578366776748,9.822684147552861
NRRL_Y-12923,NRRL_Y-12923,Rhodotorula paludigena,73.8505743555242,73.81253416971305,7.79584109742116,7.51113647583665,5.64051440515346,5.588731217268372,9.622397890909753,9.362215965118185
NRRL_Y-17376,NRRL_Y-17376,Rhodotorula araucariae,78.1123623620347,78.80873699367484,5.05102661395493,4.962276260984472,1.83709654958091,1.6057026683572673,5.374736606324359,5.215598407613424
NRRL_Y-2474,NRRL_Y-2474,Rhodotorula graminis,76.9056122900418,77.44509044026879,5.15364052954622,5.064993466844913,6.09216369964745,5.508653351767912,7.979628390538219,7.483276058593956
NRRL_Y-2504,NRRL_Y-2504,Rhodotorula dairenensis,74.1921284319512,74.36169670520266,8.0835822077188,7.83586515168791,8.39041243268215,7.789042644839068,11.650893618064458,11.048527865673263
NRRL_Y-2510,NRRL_Y-2510,Rhodotorula mucilaginosa,73.7166299134773,73.7475738289743,0.617828277405899,0.6020244325056212,2.2293887360115,1.7698194797356903,2.313414341750585,1.8694101765491768
NRRL_Y-48721,NRRL_Y-48721,Rhodotorula evergladensis,74.5234910119381,74.86840962891222,11.3485286050277,11.45228074225843,4.58053726413575,4.2949462735213935,12.23807268842885,12.231160929852024
NRRL_Y-7192,NRRL_Y-7192,Rhodotorula sphaerocarpa,74.3511975199707,74.55199856028138,10.0841859903288,9.624718577035342,5.76792963252845,5.77023041116732,11.617220809356402,11.221887839623482
NRRL_Y-7196,NRRL_Y-7196,Rhodotorula diobovata,73.2311638678499,73.46755935293673,6.67872171314056,6.314800659655506,5.28694447258264,5.224059385446633,8.518045877884628,8.195578309909477
TFCN_0520-4-2-1,TFCN_0520-4-2-1,Rhodotorula taiwanensis,73.397606264354,73.70879948430806,13.3784943732861,13.360909728104996,6.13763332899347,6.029499784024994,14.719193407833844,14.658402928290933
TFCN_0520-4-2-2,TFCN_0520-4-2-2,Rhodotorula taiwanensis,73.7878632769285,74.15718192529857,12.0742816732273,12.149401844752273,5.35289108123496,5.102166501210892,13.207638731128188,13.17725571548752
TFCN_100D-1,TFCN_100D-1,Rhodotorula mucilaginosa,72.3150924634211,72.68027422739084,12.4086832476993,11.556559938587103,6.42372585145973,5.677022256742637,13.972819105550794,12.875661509907273
TFCN_102C-1,TFCN_102C-1,Rhodotorula mucilaginosa,74.2676016596179,74.45455629177341,11.6600333332531,11.224352745956873,2.65671870667482,2.33673815925059,11.95886832517899,11.465009367225454
TFCN_102C-2,TFCN_102C-2,Rhodotorula mucilaginosa,75.7031207558279,76.40380930927599,11.9341765988286,11.51591940659144,1.76931572599181,1.406178873416991,12.064619730031698,11.601454167609923
TFCN_102D-1,TFCN_102D-1,Rhodotorula mucilaginosa,73.3380227757149,73.9155413004899,8.87141526684745,8.358244881900568,4.808472052502,4.425238288848271,10.09075875821768,9.45743048713052
TFCN_102D-2,TFCN_102D-2,Rhodotorula mucilaginosa,73.8842408708594,74.18240516419263,12.4381890059761,11.817121166461911,4.13383656017122,3.892921212120809,13.107141200681138,12.441832189296811
TFCN_105A-2,TFCN_105A-2,Rhodotorula mucilaginosa,73.7745430544409,74.16475838586484,11.4333516475857,10.522486343151227,2.63875372420743,2.498918568540398,11.7339060467676,10.815142756986617
TFCN_106A-1,TFCN_106A-1,Rhodotorula mucilaginosa,74.2186888054932,74.71135100052828,11.4637612083723,11.29954946962017,1.74395023495635,1.5564983487378723,11.595653645421885,11.406248521140382
TFCN_107A-6,TFCN_107A-6,Rhodotorula mucilaginosa,73.1684708175677,73.51748783435701,12.1416514253847,11.390942229222656,6.62521614335988,5.859481517519665,13.831601074415886,12.809648259169435
TFCN_107C-3,TFCN_107C-3,Rhodotorula mucilaginosa,74.1687952868754,74.52881194002245,11.6941860375055,10.854560276491178,3.7425339640072,3.245138173441975,12.278458679799188,11.32927184600628
TFCN_110C-1,TFCN_110C-1,Rhodotorula mucilaginosa,71.2800810286025,71.47273032031677,6.43734054195056,6.225318071212834,3.03063535472329,2.9483943249670577,7.115061764056521,6.8882228610336815
TFCN_118C-2,TFCN_118C-2,Rhodotorula mucilaginosa,72.7312423712704,73.08917267631475,12.5955665066119,11.643602401918336,6.15556258172366,5.259189878900394,14.019245568859972,12.776249648323518
TFCN_122C-2,TFCN_122C-2,Rhodotorula mucilaginosa,75.3647352797334,75.90187588749997,9.55380944885558,8.892920010943842,1.91483615348281,1.484442916619011,9.743812009666803,9.015963458984611
TFCN_130D-4,TFCN_130D-4,Rhodotorula mucilaginosa,74.3087220797853,74.69400914608767,10.8005016721196,10.327207964981213,2.43739812762955,2.195275945500513,11.072115696741536,10.557957228027805
TFCN_134A-3,TFCN_134A-3,Rhodotorula mucilaginosa,74.8390146525096,75.37303184113757,10.6646558433661,10.044530358654368,3.00532414810906,2.558667497557709,11.080020644955953,10.365296401405388
TFCN_137C-3,TFCN_137C-3,Rhodotorula mucilaginosa,73.6012572765501,74.17848921340132,10.8789579806825,10.253103596961507,1.50043888333397,1.3067275930477795,10.981941703909921,10.336037459900068
TFCN_137D-4,TFCN_137D-4,Rhodotorula mucilaginosa,74.5802742778408,75.05018043372807,11.2887061838477,10.775881113725072,3.03742154685377,2.586289087487692,11.690201750121032,11.081899883196682
TFCN_138A-1,TFCN_138A-1,Rhodotorula mucilaginosa,74.2942764379473,74.69550474877765,10.4536760220778,9.78909475016318,2.85453966465441,2.461996357570606,10.836408033645174,10.093948785899563
TFCN_140A-3,TFCN_140A-3,Rhodotorula mucilaginosa,72.7180478003878,73.2930456157391,11.149950415082,10.732897057591105,4.88489904889541,4.555111176690785,12.173069989804812,11.659507583121215
TFCN_141C-2,TFCN_141C-2,Rhodotorula mucilaginosa,74.2782759269652,74.80758292552939,11.1195209786398,10.600650844663065,2.23817513090368,2.0484116862675705,11.342538283426965,10.796748990640344
TFCN_152A-1,TFCN_152A-1,Rhodotorula mucilaginosa,75.0457682109272,75.50255566591002,8.62646772821622,8.537482222215175,3.18207713611608,2.8039582176895395,9.194648463435055,8.986144021836555
TFCN_152A-12,TFCN_152A-12,Rhodotorula mucilaginosa,74.0544060421004,74.50419736755774,11.7684209868189,11.01314313977486,3.07168710475514,2.93734145204127,12.162688608713063,11.398126890987394
TFCN_152A-2,TFCN_152A-2,Rhodotorula mucilaginosa,72.7607463940217,73.22182507863583,10.4526755789001,10.101796748207756,3.41337848735969,3.225178709116366,10.995889207140298,10.604153678999484
TFCN_152A-4,TFCN_152A-4,Rhodotorula toruloides,75.8064044029366,75.97438623745323,5.46864063565178,5.233764504251351,1.74507057655904,1.7134577014065289,5.740322440340264,5.507107060923251
TFCN_152A-5,TFCN_152A-5,Rhodotorula mucilaginosa,75.1137293193615,75.6126945602884,10.5392563400045,10.530433822828464,0.835399336606795,0.919057822223579,10.572313665982868,10.570463744678378
TFCN_152A-6,TFCN_152A-6,Rhodotorula toruloides,73.5625352596127,73.94242718489093,9.08020374195002,8.31091289649355,5.67880152293077,4.815958017429378,10.709756614048892,9.605452867967502
TFCN_152A_3,TFCN_152A_3,Rhodotorula toruloides,75.816879350683,75.9638566410799,6.52976290770786,6.393539526505509,3.06858239144161,2.8318272786589604,7.214845911309743,6.992609914269871
TFCN_152C-2,TFCN_152C-2,Rhodotorula toruloides,75.4373928965961,75.45970385875918,10.7916175573685,10.67738975134358,4.79333753876206,4.243822060919278,11.808263812475127,11.489851068958295
TFCN_152C-3,TFCN_152C-3,Rhodotorula toruloides,75.8683034436482,75.93965269457482,5.99660190156487,5.7512261182147695,2.22108534013725,2.2318405608607206,6.394720826902768,6.169093462733306
TFCN_152C-5,TFCN_152C-5,Rhodotorula mucilaginosa,74.4392613153062,74.80382930280973,11.5335693586842,11.112480927820842,4.94346728161035,4.599133104421771,12.54835012724506,12.026606241303911
TFCN_152C-6,TFCN_152C-6,Rhodotorula toruloides,74.3895233831845,74.3701216764565,13.7990166532537,13.33262216538328,7.07575200183053,7.092782131832709,15.507389431757419,15.101866512935242
TFCN_152D-4,TFCN_152D-4,Rhodotorula toruloides,74.0683069428001,74.47708425498058,5.82791773926953,5.542998364464937,1.67399262835308,1.479527311855222,6.063569616609751,5.7370577768562265
TFCN_152D-6,TFCN_152D-6,Rhodotorula toruloides,74.9210969145446,75.3076831152849,6.88469376603758,6.52709709314403,3.23055295618202,3.304139086631652,7.604964211277599,7.315759124461131
TFCN_17-0-2E329-4,TFCN_17-0-2E329-4,Rhodotorula graminis,77.4946653008953,77.43451100694664,6.29440028358623,6.2606842310583,2.25847625734369,2.1649643369531124,6.687315600074186,6.624442438522723
TFCN_17-0-2E334-10,TFCN_17-0-2E334-10,Rhodotorula mucilaginosa,74.7958343191392,75.22667577813652,11.0332541003024,10.866155253075702,3.15691620864116,2.852671929091916,11.476010456174263,11.234369903068604
TFCN_17-0-2E334-4,TFCN_17-0-2E334-4,Rhodotorula mucilaginosa,75.3484612841048,76.09601268575761,10.7455651844353,10.59392937242791,3.6851088248489905,3.46229398348632,11.359894285772555,11.145349665940337
TFCN_17-0-2E337-3,TFCN_17-0-2E337-3,Rhodotorula mucilaginosa,74.5523897568916,75.44471290401756,8.42698484136509,8.278300328062176,4.1252377811998,4.073828438896321,9.38251886585022,9.226393362043197
TFCN_17-0-2E390-1,TFCN_17-0-2E390-1,Rhodotorula mucilaginosa,74.8785130026436,75.3917438789885,10.7279048302256,10.162790446557004,4.40767630396837,4.016954072485717,11.598083998960433,10.927864827178723
TFCN_17-0-2E390-2,TFCN_17-0-2E390-2,Rhodotorula mucilaginosa,72.3910798701896,72.74811244487846,10.8615461325956,10.277835903412967,5.62070150640347,5.523352656839908,12.22969622740437,11.667961922688345
TFCN_17-267M-1,TFCN_17-267M-1,Rhodotorula mucilaginosa,74.8199963950121,75.29052199958554,9.23705822250779,8.710689978460334,4.46507913435662,3.965924447248831,10.259638213994958,9.57103320557061
TFCN_17-291Y-1,TFCN_17-291Y-1,Rhodotorula mucilaginosa,74.4065104320801,74.77126273572495,10.2193943170427,9.605297758493808,4.62709083288781,4.409691831996282,11.218109902430045,10.569159241988025
TFCN_17-325D-2,TFCN_17-325D-2,Rhodotorula mucilaginosa,73.8087941962953,74.26558367377723,11.8590991188681,11.161644369597044,2.88862223523646,2.8443440220597136,12.205833454911657,11.518359169134474
TFCN_17-325D-4,TFCN_17-325D-4,Rhodotorula mucilaginosa,73.954826317739,74.29427241374056,11.699100110919,11.298801858379171,2.54216785058866,2.5511704120414147,11.972115969446316,11.583237626250623
TFCN_17-325P-1,TFCN_17-325P-1,Rhodotorula mucilaginosa,73.6919653176503,74.03251768778739,11.1876074284724,10.54554993034079,2.94634703564229,2.7366578595431124,11.569076057665493,10.894857482937065
TFCN_17-328C-3,TFCN_17-328C-3,Rhodotorula sp. clade I,75.4803964294366,75.7590504340886,11.1731782024847,11.011327134001451,3.64101014471298,3.4039311493476667,11.751462292769443,11.525453245816234
TFCN_17-328P-3,TFCN_17-328P-3,Rhodotorula sp. clade I,73.7389582893925,73.65261531846808,6.41607330840592,6.3381059552972125,1.68054746346796,1.689019483132126,6.6325135865527995,6.559296754605169
TFCN_17-329Y-4,TFCN_17-329Y-4,Rhodotorula mucilaginosa,72.1645850685104,72.46644318604783,9.75278516756549,9.15955256778009,3.30262626684705,3.128529776292166,10.296803328371068,9.679106456851972
TFCN_17-332C-1,TFCN_17-332C-1,Rhodotorula mucilaginosa,74.7525400385693,75.51422166819029,11.101539421351,11.092531802853165,1.09861599390553,0.8138076844872111,11.15576687753358,11.122344390668692
TFCN_17-332C-2,TFCN_17-332C-2,Rhodotorula mucilaginosa,75.7814812937313,76.5356028872815,11.23303303211,11.441667766904974,1.43916856958618,1.2706668000419474,11.32485043045422,11.512009181935232
TFCN_17-332M-1,TFCN_17-332M-1,Rhodotorula mucilaginosa,75.1263456278728,75.7115591454626,9.00410547998351,9.074471167424464,2.80029136086558,2.5135952540350397,9.429504080300696,9.416166314882368
TFCN_17-332M-1,TFCN_17_332M_1,Rhodotorula mucilaginosa,75.1263456278728,75.68524414102848,9.00410547998351,9.636237798042275,2.80029136086558,3.790104486184825,9.429504080300696,10.35480424327843
TFCN_17-332M-2,TFCN_17-332M-2,Rhodotorula mucilaginosa,75.2713182306089,75.91195608757445,11.4992395776915,11.636411908803282,0.798501661280242,0.5533335234363834,11.526930023567154,11.649560511002006
TFCN_17-332P-1,TFCN_17-332P-1,Rhodotorula mucilaginosa,75.742739330389,76.43133953382122,10.1779385036372,10.074204261844857,0.398669961428729,0.3450314985017688,10.185743464370494,10.08011102341296
TFCN_17-332P-2,TFCN_17-332P-2,Rhodotorula mucilaginosa,75.0526884916378,75.56358968226509,10.6156017550933,10.437981651250135,1.15014254902454,1.024557436757606,10.677725811511392,10.488144683071923
TFCN_17-333D-2,TFCN_17-333D-2,Rhodotorula mucilaginosa,75.7258910636494,76.57269146123666,11.295795659808,10.949317235530998,1.03366302800122,0.9145423470412029,11.342991617893134,10.9874444539587
TFCN_17-333P-6,TFCN_17-333P-6,Rhodotorula mucilaginosa,73.7985040903967,74.28083146812594,10.6581848962977,10.227340159183846,3.8213215370097906,3.489678854400241,11.322517545708784,10.806310435967626
TFCN_17-334C-1,TFCN_17-334C-1,Rhodotorula mucilaginosa,76.2918574044516,76.81644436899029,10.2078287753861,10.000930635849544,1.32155055664778,1.2099722567273818,10.2930201681225,10.07385956052217
TFCN_17-334D-6,TFCN_17-334D-6,Rhodotorula mucilaginosa,76.183658669883,76.6649741784567,8.30622991949361,8.077417794843015,3.02929509243028,2.932817720453912,8.841384746323,8.593375239907488
TFCN_17-334Y-2,TFCN_17-334Y-2,Rhodotorula mucilaginosa,73.9960689328322,74.46197438761376,11.2306051273895,10.6517505844108,2.09518808660548,1.9932473319348831,11.424373271457865,10.836642719899986
TFCN_17-334Y-3,TFCN_17-334Y-3,Rhodotorula mucilaginosa,74.2033327527815,74.814060149289,11.3473332975566,10.71307808575156,4.99296819692483,4.502824471241018,12.397245838545734,11.620906603626812
TFCN_17-334Y-5,TFCN_17-334Y-5,Rhodotorula mucilaginosa,74.7773666096523,75.4935260012164,7.51842044595945,7.544144276828743,3.99774550668128,3.88244174353582,8.515199066282095,8.484542813938612
TFCN_17-334Y-6,TFCN_17-334Y-6,Rhodotorula diobovata,74.8650315363439,75.07350463773082,8.96154230441922,9.019506257656378,3.42577783412017,3.1871928453369835,9.594018670121736,9.566069797219223
TFCN_17-337P-5,TFCN_17-337P-5,Rhodotorula mucilaginosa,74.5700853220958,75.17416742450305,11.4279386020672,10.820259344501496,3.22027172454275,2.917220081015065,11.872991647959127,11.20661346185142
TFCN_17-338D-3,TFCN_17-338D-3,Rhodotorula mucilaginosa,72.3622287310214,72.71717416014104,11.7132293847179,10.725135208801584,2.98518826293101,2.890222387317509,12.087642101922109,11.107741025754368
TFCN_17-390M-1,TFCN_17-390M-1,Rhodotorula mucilaginosa,74.0699794699648,74.44799356363583,11.0182009005583,10.56514494664175,4.39406480731059,4.051101368829524,11.862063758718765,11.315198188457954
TFCN_172A-1,TFCN_172A-1,Rhodotorula mucilaginosa,74.3409174236312,74.95470388876973,10.1990514671726,9.447561741878816,3.63614216833551,3.271074923636025,10.827842846032778,9.997817462959238
TFCN_17Y-278-1,TFCN_17Y-278-1,Rhodotorula mucilaginosa,74.1372497875632,74.8316993997455,8.84794118591381,8.417116183695075,4.31090229431701,3.829173251533996,9.84225288338689,9.247184038402446
TFCN_181A-1,TFCN_181A-1,Rhodotorula mucilaginosa,74.3255791069962,75.07484395635447,11.0233379121963,11.129862257234098,2.55299492562363,1.8975101210019216,11.315112099167392,11.290455195620273
TFCN_186CL4_2,TF_CN_186CL4_2,Rhodotorula mucilaginosa,76.1633577583321,76.34489354679641,8.88491213939689,8.842125359122683,4.17538913689163,3.731977782431328,9.81710436785078,9.597439191524034
TFCN_186DK3-2,TFCN_186DK3-2,Rhodotorula sp. clade XI,75.1238175334507,75.49891549166558,10.7984271380699,10.349437005798684,2.22098545418806,1.9662258955428056,11.024463934537563,10.534556972616283
TFCN_1A-1-2,TFCN_1A-1-2,Rhodotorula paludigena,73.713516519553,74.07818948709422,11.4111122177009,11.198800847911375,6.56206859022152,6.052117854697231,13.163366827211592,12.729543234473324
TFCN_1A-1-3,TFCN_1A-1-3,Rhodotorula pacifica,73.8152318321741,74.21404122083891,9.82626219445341,9.340014468027208,3.16141636152164,2.894738728605295,10.322305078084113,9.778311846624906
TFCN_1A-14,TFCN_1A-14,Rhodotorula mucilaginosa,74.2475000595882,74.78608660318599,9.65816183435323,8.953841075871814,4.425645719414,3.9040011305438216,10.623861353214508,9.767931963279473
TFCN_1A_1_5,TFCN_1A_1_5,Rhodotorula pacifica,76.0644195898625,76.3791615987449,11.7805490194449,11.831223809161532,1.06953275882078,0.6571241324650423,11.828999768439214,11.849458593030258
TFCN_1B-1-2,TFCN_1B-1-2,Rhodotorula pacifica,73.3871223506187,73.74108415403136,11.3123044291781,10.50304867215679,3.12724448048181,2.7913075469681248,11.73660468530428,10.867632181457731
TFCN_209-6-1,TFCN_209-6-1,Rhodotorula mucilaginosa,73.4504525508896,73.32757550506307,11.7083967880758,12.329231614881586,6.43400549546717,5.882575923796384,13.359752320410939,13.660697336249877
TFCN_209-6-11,TFCN_209-6-11,Rhodotorula mucilaginosa,73.574454577114,74.16253719871608,9.9065870752803,9.286999100374407,2.46494477444483,2.127498958305246,10.20864438704638,9.527570734869668
TFCN_209-6-12,TFCN_209-6-12,Rhodotorula mucilaginosa,76.0167128985632,76.46001026362602,10.3283775418003,10.283710697216677,1.53769771386694,1.1065088636279086,10.442217049324173,10.343068576072374
TFCN_209-6-14,TFCN_209-6-14,Rhodotorula mucilaginosa,74.8104511481667,75.55995264732472,9.79114249623424,10.118142569082195,1.60237541197466,1.274625416539843,9.921394979662136,10.19811154090612
TFCN_209-6-17,TFCN_209-6-17,Rhodotorula mucilaginosa,75.2579833487356,76.00833659158943,10.1881459387025,9.727890846952995,1.92645760246138,1.772658311442321,10.368681524783248,9.88808261592496
TFCN_209-6-2,TFCN_209-6-2,Rhodotorula mucilaginosa,73.9168678438371,74.52295327934613,10.7058854242972,10.03854924796696,2.37591790382353,2.0828623380677147,10.966356213614823,10.252355169579278
TFCN_209-6-4,TFCN_209-6-4,Rhodotorula mucilaginosa,77.0630199399799,77.52575882922517,9.9833775750811,9.896820967669973,1.29994752196945,1.2441607095817209,10.067655703613761,9.974718098140864
TFCN_209-6-5,TFCN_209-6-5,Rhodotorula mucilaginosa,73.7875792137433,74.39361277313071,10.8383655991273,10.235818918018474,2.3768861046253,2.093929089150937,11.095934229018614,10.447800148971904
TFCN_211A-3,TFCN_211A-3,Rhodotorula mucilaginosa,73.5742653111495,74.40820756013858,12.5985892939839,12.199291669280132,5.92789782390261,5.259382076610164,13.923520560875222,13.284721188641328
TFCN_211C_2,TFCN_211C_2,Rhodotorula diobovata,76.2377858609209,76.84145464771385,8.67827755345829,8.86816367998966,4.8210948067653,4.366123949264178,9.927510082124186,9.884703606857718
TFCN_212C-2,TFCN_212C-2,Rhodotorula mucilaginosa,74.7094300517155,75.14634812846307,11.3513376890279,10.753335255105606,2.34324908305211,2.079993669953084,11.590672266765628,10.952652316938671
TFCN_213-6-2,TFCN_213-6-2,Rhodotorula mucilaginosa,74.7559369476713,75.2378720500861,11.3991293189178,11.387386322333672,1.51197856616443,1.4824502339833734,11.498966406332006,11.48347621368675
TFCN_213-6-4,TFCN_213-6-4,Rhodotorula mucilaginosa,73.7692316144064,74.1177077117807,10.6094185149462,10.36136059622056,2.01056455687947,1.9103324044278505,10.798246666133496,10.535993702556924
TFCN_222A-2,TFCN_222A-2,Rhodotorula sp. clade I,74.1587831689906,73.81260690569816,12.2666717248646,11.806409058467278,3.28170553173812,3.1678370089447294,12.698063884019218,12.224012686965686
TFCN_22C-4,TFCN_22C-4,Rhodotorula mucilaginosa,73.2467596952498,73.79716736587712,10.6643356494334,10.210737152984873,5.11853111638536,4.717393576627665,11.829091919212617,11.24779780064318
TFCN_25-0-2E332-1,TFCN_25-0-2E332-1,Rhodotorula mucilaginosa,76.1102917951615,76.61260073354272,10.3191479349075,10.22129947404138,0.920041117827918,0.8364820161634201,10.360081551850824,10.255470008800348
TFCN_25-0-2E333-1,TFCN_25-0-2E333-1,Rhodotorula mucilaginosa,74.2881763263684,74.13614155338567,10.9655601458227,10.692139202054918,3.8403748303575505,3.466399156544892,11.618605258347445,11.240007287747401
TFCN_25-0-2E333-5,TFCN_25-0-2E333-5,Rhodotorula mucilaginosa,73.3662336504405,73.93189626074474,10.4560934084626,10.16966766377697,4.54214562695193,4.10365746285295,11.400042818469306,10.966409848446284
TFCN_25-0-2E333-7,TFCN_25-0-2E333-7,Rhodotorula mucilaginosa,74.6208400819373,74.92336492928703,11.3458172933697,10.784030386997628,2.77899818394765,2.753820554892372,11.681198609770801,11.130087108205215
TFCN_25-0-2E333-9,TFCN_25-0-2E333-9,Rhodotorula mucilaginosa,73.6436420648858,73.75360322892723,11.6245535540395,11.408777685410598,5.66106699979321,5.19822010280131,12.929730272008,12.53721262930044
TFCN_25-0-2E334-1,TFCN_25-0-2E334-1,Rhodotorula mucilaginosa,74.9921540681989,75.33432535245848,9.30799331473577,9.209100403336862,4.21542851435098,3.751486292093542,10.218051531812172,9.943901630572626
TFCN_25-0-2E390-1,TFCN_25-0-2E390-1,Rhodotorula mucilaginosa,73.5877930320512,73.85760595940783,10.2779039210127,9.648376917039652,3.40476246865301,3.046856698788003,10.827174907496246,10.118029100383776
TFCN_25-325Y-1,TFCN_25-325Y-1,Rhodotorula mucilaginosa,72.9180425830898,73.2995535282131,11.078701649278,10.358731722631354,2.76014487572613,2.586841486003155,11.417356522799501,10.676847464263792
TFCN_25-327D-1,TFCN_25-327D-1,Rhodotorula mucilaginosa,73.2748456745782,73.60758492381721,11.0977442530624,10.947628414820944,5.4775581168179,4.842403991092037,12.375927053336133,11.970774591560021
TFCN_25-331D-1,TFCN_25-331D-1,Rhodotorula mucilaginosa,74.2025718872569,74.6427786525741,10.9351792297594,10.439952785296777,5.17925265125775,4.567192735830005,12.09970259190373,11.395256190426098
TFCN_25-332C-1,TFCN_25-332C-1,Rhodotorula mucilaginosa,73.526178566052,73.98316880046407,12.1016403581722,11.083176353254787,4.12605749578485,3.81590706944997,12.785697079825741,11.721686945146775
TFCN_25-332D-1,TFCN_25-332D-1,Rhodotorula mucilaginosa,75.7873187494598,76.10263024645067,11.2991741370297,11.15898965885978,0.980715409780739,0.7570017830643816,11.341655033278974,11.18463686965751
TFCN_25-332D-2,TFCN_25-332D-2,Rhodotorula mucilaginosa,74.9528126190603,75.51299349947638,7.71828016394015,7.300481988796848,0.84164755600609,0.7547534704139991,7.764033700184655,7.339393031433128
TFCN_25-332M-1,TFCN_25-332M-1,Rhodotorula mucilaginosa,74.2173402498444,74.74224025588461,11.087782589808,10.833241518171029,2.73955439743324,2.1343977489314216,11.421211890834755,11.041502413243773
TFCN_25-332M-2,TFCN_25-332M-2,Rhodotorula mucilaginosa,74.7794026113724,75.33454254958903,11.0575725854464,11.015732700718942,4.48273598362107,4.137180876701385,11.931673536485437,11.767014597604282
TFCN_25-332P-2,TFCN_25-332P-2,Rhodotorula mucilaginosa,74.4197874346601,74.7895810939084,9.74722328663271,9.518367635531364,3.26745353422363,2.801281861873428,10.280302252258222,9.922021090221085
TFCN_25-332Y-1,TFCN_25-332Y-1,Rhodotorula mucilaginosa,74.028013955653,74.5359342296126,11.6134492479993,11.153587565733314,2.90951881156488,2.5851106903298726,11.972364142085949,11.449249445607279
TFCN_25-333C-2,TFCN_25-333C-2,Rhodotorula mucilaginosa,73.2342356627192,73.56812356808427,11.0888536302512,10.535243026346176,6.42501924377366,5.7872861073763655,12.815753864521474,12.020150835692837
TFCN_25-333D-1,TFCN_25-333D-1,Rhodotorula sp. clade I,75.9864020343725,76.59780370894674,10.4332041123982,10.341618289242836,3.34899472313652,3.095846097918209,10.95753228179406,10.795060532595329
TFCN_25-333D-5,TFCN_25-333D-5,Rhodotorula sp. clade I,73.8959126534474,74.55480280939636,11.9735772644006,11.854018869054071,4.88307329052441,4.701442088384022,12.93100758901656,12.752306499544256
TFCN_25-333P-2,TFCN_25-333P-2,Rhodotorula mucilaginosa,74.9817354594515,74.84291902184216,11.1132567695451,10.911845422099889,4.65416725250949,4.364688550257339,12.048474959104647,11.752398761808154
TFCN_25-333P-5,TFCN_25-333P-5,Rhodotorula paludigena,72.0331246848838,72.25875314709,4.69131702207009,4.6733173967507255,3.6023648906167,3.4969503456287687,5.914853185558577,5.836827666683859
TFCN_25-333Y-10,TFCN_25-333Y-10,Rhodotorula mucilaginosa,73.8427753591233,74.25309903335534,7.8503342987715,7.240668137835096,3.84432144795668,3.654858925543581,8.741084371957976,8.110811848877148
TFCN_25-333Y-2,TFCN_25-333Y-2,Rhodotorula sp. clade I,78.5527525087962,79.25123489499137,5.58644637235628,5.439942507967032,4.25462418808502,4.281814821532892,7.022122902160767,6.922926596164761
TFCN_25-333Y-9,TFCN_25-333Y-9,Rhodotorula mucilaginosa,74.5796947378033,75.1804399916914,12.0406217463374,11.367334557156674,3.52250744757387,2.982400640203542,12.545303135300736,11.752064010760613
TFCN_25-334D-3,TFCN_25-334D-3,Rhodotorula mucilaginosa,73.6871258877345,74.0880482532506,12.542975496056,12.00812208962132,4.58205814256969,4.31683939146218,13.353707017774145,12.760489741813638
TFCN_25-334Y-6,TFCN_25-334Y-6,Rhodotorula mucilaginosa,73.5698352744898,73.537362022859,12.4368300427595,12.258264057001991,6.57762874201039,5.930908920396277,14.069113027487072,13.617661998787568
TFCN_25-335C-1,TFCN_25-335C-1,Rhodotorula diobovata,75.2076292577846,75.94485944417242,10.9745798190291,10.791667040128862,5.17627750886157,4.9088886765172095,12.134053364518673,11.855684946195328
TFCN_25-335P-1,TFCN_25-335P-1,Rhodotorula diobovata,75.0581930339891,75.87690216702627,9.71225731329236,9.23797041652828,5.40690560046557,4.976570610793524,11.115870199491665,10.493157411421288
TFCN_25-335Y-1,TFCN_25-335Y-1,Rhodotorula mucilaginosa,75.7323116572449,76.24895382434289,7.78982312973099,7.718853214854022,0.125016189645336,0.071999320043925,7.790826236039753,7.719189002385487
TFCN_25-337M-3,TFCN_25-337M-3,Rhodotorula mucilaginosa,74.5223017125397,75.04806338301594,10.8037465557707,10.398540278767966,2.12729222087825,2.030410251970077,11.011190300523209,10.594914144081818
TFCN_25-337Y-1,TFCN_25-337Y-1,Rhodotorula mucilaginosa,73.4048160140678,73.80989589635257,11.1703314999642,10.862880151595366,2.45528197014172,2.375373641336176,11.436988911946862,11.119557775553812
TFCN_25-395P-1,TFCN_25-395P-1,Rhodotorula mucilaginosa,75.5021872783471,76.05419826669734,9.70695510021003,9.286587153359784,4.60016545646236,4.122261168495262,10.741810813094924,10.1604004890669
TFCN_270H-1,TFCN_270H-1,Rhodotorula mucilaginosa,74.4304943289076,75.02535626994074,10.6734479684159,10.069157090670744,5.66655947601018,5.15832752067656,12.084386117202738,11.313543535390409
TFCN_270H-2,TFCN_270H-2,Rhodotorula mucilaginosa,71.3714317941344,71.82365211690055,12.1993288693932,11.72928531972642,6.54444376511121,6.0129986691804085,13.843892843355635,13.180754421015328
TFCN_273H-1,TFCN_273H-1,Rhodotorula mucilaginosa,73.6472327691641,74.33628017580213,11.8357524966564,11.557188330032249,5.40259695800987,5.21514818608974,13.010499262242234,12.679367992873647
TFCN_2M-1-4,TFCN_2M-1-4,Rhodotorula mucilaginosa,71.5368608473653,72.08257309744317,12.2660683818819,11.797758401721438,6.042269135146711,5.519029518453456,13.673530994243931,13.02485278730433
TFCN_2M_1_3,TFCN_2M_1_3,Rhodotorula mucilaginosa,74.3099895073905,74.21607069573608,12.2977975356962,11.987926948346132,6.10540280960657,5.364770397108204,13.729958765288675,13.13358876821457
TFCN_33A-4,TFCN_33A-4,Rhodotorula mucilaginosa,73.991595599574,74.50965157718986,5.14737597513844,4.873817414183829,3.22663277035037,3.0457376053330987,6.075083412113064,5.7472266135364585
TFCN_340-1,TFCN_340-1,Rhodotorula mucilaginosa,72.7554043587772,73.21727962841399,10.1811458606657,9.734569701468924,5.01717534796121,4.948926533504783,11.35023257507704,10.920335210367146
TFCN_340-3,TFCN_340-3,Rhodotorula mucilaginosa,72.6538682893165,73.05792057980723,11.4717663213549,10.924021446405291,5.82717294833569,5.385411364445764,12.866909772808226,12.179363699546226
TFCN_342-2,TFCN_342-2,Rhodotorula paludigena,75.6753511656994,75.92074475463286,6.68649700452888,6.801094729791735,3.17923789972642,2.925625671391874,7.403836560502301,7.40365957433944
TFCN_342-3,TFCN_342-3,Rhodotorula mucilaginosa,74.8659000959597,75.61631715672115,10.6027377866093,10.498670509661231,1.1482372396593,1.095706498131177,10.664731470137122,10.555693023221039
TFCN_357-1,TFCN_357-1,Rhodotorula taiwanensis,72.5045419654534,72.73294178667737,12.9016014859341,12.52548257004811,6.7327003521569,6.822097124605647,14.552682740092655,14.262844133977334
TFCN_363-1-2,TFCN_363-1-2,Rhodotorula mucilaginosa,73.7916789767603,74.18846246661955,12.370424991377,12.130671821384524,5.73084588802099,5.359001668362307,13.63341516493691,13.261677786752418
TFCN_3M-1-1,TFCN_3M-1-1,Rhodotorula mucilaginosa,73.6363136222982,74.06008185766012,10.6662788497948,10.057932312998688,4.22775404047155,3.817201995121855,11.47359615501188,10.757928865930719
TFCN_404D-1,TFCN_404D-1,Rhodotorula mucilaginosa,74.3336229833784,74.54340748739234,10.4772466665131,10.27817735241421,4.09078408540273,3.758788348035908,11.24754249355583,10.94392157926083
TFCN_43A-4,TFCN_43A-4,Rhodotorula paludigena,75.0492579618475,75.44470117059674,9.22291492347193,8.634921114171911,2.94397961599808,2.4535740488839552,9.681382941760615,8.976741516905156
TFCN_48A-10,TFCN_48A-10,Rhodotorula paludigena,76.0865821672679,76.19574670982524,11.3523818993399,11.50767660755958,1.94308226333278,1.7221867578583794,11.517471227250304,11.635830358556998
TFCN_48A-15,TFCN_48A-15,Rhodotorula paludigena,72.8424150145958,73.19673765961386,9.85025965566825,9.12120839948674,5.54356043975546,4.860675406568083,11.30303842483548,10.33550231362188
TFCN_48A-2,TFCN_48A-2,Rhodotorula paludigena,74.0449387582215,74.696194548359,11.782582725698,11.750441095455296,4.91162850190639,4.7900110883213,12.765318258024596,12.689250260121977
TFCN_48A-3,TFCN_48A-3,Rhodotorula paludigena,72.954678860238,73.44503427910291,10.0251203876565,9.702385163890328,2.87456194416045,2.49540291678726,10.429100879645452,10.01814920958904
TFCN_48C-3,TFCN_48C-3,Rhodotorula paludigena,77.7092868956675,77.89149771744432,6.04460212787679,5.964995010250663,2.33392065371861,2.129833780428858,6.479537059249443,6.333826442567809
TFCN_48D-10,TFCN_48D-10,Rhodotorula paludigena,74.5967110973288,74.61695890338484,6.58621092100062,9.177334084552243,4.50214272359765,4.551577257233063,7.9779360363161045,10.244038091887672
TFCN_48D-4,TFCN_48D-4,Rhodotorula paludigena,74.7076337881329,74.79091869181524,8.78857499580617,8.902102707688265,4.68082247533071,4.282214261282635,9.957366594761416,9.878501485436093
TFCN_49A-1,TFCN_49A-1,Rhodotorula paludigena,74.258572213972,74.17302411259527,11.2655273932757,11.215470334487277,1.72232511838521,1.4269958278405823,11.396425372109706,11.305887489111086
TFCN_4M-1-2,TFCN_4M-1-2,Rhodotorula mucilaginosa,72.1139233221684,72.57702051830438,10.5961508764014,9.899072606883996,6.46891577162867,5.633300864699575,12.414720482390583,11.389719799388661
TFCN_4M-1-3,TFCN_4M-1-3,Rhodotorula mucilaginosa,74.2497726788568,74.77725713938247,11.6891795860052,10.873002007127871,3.28558255500939,2.945427679803209,12.142156814984013,11.264888675169303
TFCN_4M-1-4,TFCN_4M-1-4,Rhodotorula mucilaginosa,75.6774985158284,76.0932635829922,11.2874972807294,11.034015767615047,1.36055640128408,1.253075071824994,11.369199997517358,11.104940391357655
TFCN_4M-1-5,TFCN_4M-1-5,Rhodotorula mucilaginosa,73.2658683392997,73.7311195385185,10.2975753200664,10.100328483778926,1.09321384869544,0.9444410243783452,10.35544175742494,10.144387824248673
TFCN_54D-1,TFCN_54D-1,Rhodotorula mucilaginosa,75.9440619140979,76.54554819050645,8.66550867264677,8.540182169165327,3.7972071421941296,3.596659441190353,9.460963092436545,9.266642899045646
TFCN_54D-2,TFCN_54D-2,Rhodotorula mucilaginosa,75.8275886713257,76.29659050005463,9.34922516610451,9.254053201346728,1.03020620491913,0.8580363883474162,9.40581394836065,9.293746666285019
TFCN_7-9-2,TFCN_7-9-2,Rhodotorula diobovata,75.3594537389555,75.94007463348018,8.73772453344903,8.062995121481231,4.46420111198059,3.9766798357036617,9.812080390551527,8.990321064607327
TFCN_7-9-3,TFCN_7-9-3,Rhodotorula diobovata,74.7594779869575,75.29920413488553,9.63675651727752,8.959182730185645,6.43261362403183,5.615038478965218,11.5864401007976,10.573344424216812
TFCN_7W-292-3,TFCN_7W-292-3,Rhodotorula dairenensis,74.9909838315662,75.44384313878462,8.46150283690633,7.850161855495017,3.8333808182167104,3.3652495119392167,9.289340060329673,8.541074021168304
TFCN_86A-12,TFCN_86A-12,Rhodotorula mucilaginosa,74.9578904539694,75.76874174231547,11.5089795090138,11.262945577335705,1.64491177553596,1.652410712559449,11.625934116800954,11.383514582105438
TFCN_86A-3,TFCN_86A-3,Rhodotorula mucilaginosa,73.4623687228625,73.6921526442543,10.4879944704373,10.189553967756336,1.43725865354922,1.4412748037180068,10.586016269075232,10.290980668607402
TFCN_86A-6,TFCN_86A-6,Rhodotorula sphaerocarpa,72.6778842774297,73.19229637946779,11.6238059461494,11.662611323502992,2.75175326066762,2.8148308384995824,11.945083117389055,11.997490384762493
TFCN_86A-8,TFCN_86A-8,Rhodotorula sphaerocarpa,72.2614472500497,71.22150098217486,12.8018726048098,6.891995611942939,3.23113599890937,2.331258359198146,13.203339806019828,7.275600940978824
TFCN_86A_5,TFCN_86A_5,Rhodotorula sphaerocarpa,74.003427797618,73.58457210646488,12.549279702695,12.508699897399197,3.12917822614692,2.8538520116459742,12.933529194595907,12.830122541408965
TFCN_86C-10,TFCN_86C-10,Rhodotorula sphaerocarpa,75.0089835545655,75.13763591141239,10.8831793311143,10.75263992787376,3.63521872839874,3.2952067521812456,11.47424976007122,11.246228388136437
TFCN_86C-7,TFCN_86C-7,Rhodotorula sp. clade I,74.752184134058,75.08977102405562,12.3538776297168,12.25245904625752,3.16469744574886,3.15098046603533,12.752788025100493,12.651143449410176
TFCN_86C-9,TFCN_86C-9,Rhodotorula sphaerocarpa,72.1733689978466,72.22816328970922,11.4272611194875,11.096071872089386,5.0427877060594,4.99028194722495,12.490476553812291,12.166582301672582
TFCN_86C_3,TF_CN_86C_3,Rhodotorula sphaerocarpa,74.236031070976,73.88417889566944,12.0560386697371,12.391598336533,3.0960727819563,3.0673092615377486,12.447238050160644,12.765582455958784
TFCN_89D-3,TFCN_89D-3,Rhodotorula mucilaginosa,74.2024403546513,74.41529805076924,11.1978236898766,10.778536859663234,5.34352535059155,5.154664141062715,12.40743803377539,11.947695143511018
TFCN_98A-10,TFCN_98A-10,Rhodotorula mucilaginosa,73.1679750030347,73.65823526379012,11.1481707563838,10.792052388661862,6.02202042267036,5.536098713622812,12.670692214103768,12.12917077654521
TFCN_98A-5,TFCN_98A-5,Rhodotorula mucilaginosa,74.6255439921095,75.02880370385142,9.5646790534335,9.05986110642243,1.68820503275542,1.3543200319337978,9.712523957644082,9.160527605796677
TFCN_98C-3,TFCN_98C-3,Rhodotorula mucilaginosa,76.0992311569042,76.91577416321712,10.8001384235918,10.68867049130201,0.866142836525445,0.7563195325281491,10.83481395234862,10.715395284678674
TFCN_98C-5,TFCN_98C-5,Rhodotorula mucilaginosa,73.0396555059664,73.39659836384112,12.1310644929903,11.548124379734736,3.50897760519219,3.201571109888768,12.628366860636822,11.983707033364016
TFCN_98C-7,TFCN_98C-7,Rhodotorula mucilaginosa,72.4227868279267,72.78591133219547,11.4915801616906,10.59212185419782,6.29581970184874,5.583967556621733,13.103196569186762,11.973877360637163
TFCN_98C-8,TFCN_98C-8,Rhodotorula mucilaginosa,75.3038569620807,75.763316189371,9.4079206111271,9.226171564784238,1.36164444486402,1.2649041043914733,9.505947917987935,9.312476799226918
TFCN_98D-11,TFCN_98D-11,Rhodotorula mucilaginosa,74.3752356081799,74.88933656123399,11.2774708505181,10.53387224378531,2.39637689601718,2.257476594839919,11.529265848788915,10.773052725418205
TFCN_98D-7,TFCN_98D-7,Rhodotorula mucilaginosa,75.9627673265188,76.26579500397554,10.2900009007483,9.955676089378915,1.45084364431237,1.504860673717784,10.39177876100345,10.068768149278908
TFCN_98D-9,TFCN_98D-9,Rhodotorula mucilaginosa,75.4078576048386,76.33982674049328,10.1878684196219,10.00208039640038,1.35193748116601,1.2615055600460556,10.27717849842605,10.081319781362156
TFCN_S22D-1,TFCN_S22D-1,Rhodotorula taiwanensis,72.4128578020403,72.35535817547604,12.7046364838241,12.128030980205178,6.7292419616869,6.312943829729489,14.376734175919166,13.672687930839942
